text,label
can you stop bathroom lamp for me,LIGHT_OFF
start bathroom light right now,LIGHT_ON
could you start lamp for me,LIGHT_ON
could you deactivate hall lights please,LIGHT_OFF
can you deactivate garage lamp for me,LIGHT_OFF
enable hall lights please,LIGHT_ON
please enable kitchen led please,LIGHT_ON
would you enable kitchen led for me,LIGHT_ON
stop living room led please,LIGHT_OFF
can you activate office light for me,LIGHT_ON
would you switch off bathroom light,LIGHT_OFF
can you start led right now,LIGHT_ON
would you activate garage lights for me,LIGHT_ON
hey stop office lamp please,LIGHT_OFF
please enable garage light right now,LIGHT_ON
can you disable light please,LIGHT_OFF
would you power off garage lights for me,LIGHT_OFF
would you disable living room lamp,LIGHT_OFF
hey turn on living room led right now,LIGHT_ON
would you enable living room led right now,LIGHT_ON
can you turn off hall lights please,LIGHT_OFF
please turn off living room lights right now,LIGHT_OFF
hey deactivate living room lamp for me,LIGHT_OFF
would you power on kitchen lamp please,LIGHT_ON
would you power on living room lamp,LIGHT_ON
please activate hall lights for me,LIGHT_ON
please stop light for me,LIGHT_OFF
can you turn on bathroom led,LIGHT_ON
hey power on garage led right now,LIGHT_ON
hey power off bathroom lights for me,LIGHT_OFF
hey power on bedroom lamp right now,LIGHT_ON
please activate light please,LIGHT_ON
power off bedroom lights right now,LIGHT_OFF
could you start office lights,LIGHT_ON
would you enable bathroom lamp for me,LIGHT_ON
would you turn on living room lamp right now,LIGHT_ON
stop living room light please,LIGHT_OFF
hey turn on lamp right now,LIGHT_ON
would you turn on lights,LIGHT_ON
could you power on kitchen lamp please,LIGHT_ON
would you switch off office light for me,LIGHT_OFF
enable garage lights,LIGHT_ON
could you switch on hall led,LIGHT_ON
deactivate office lights please,LIGHT_OFF
could you enable kitchen lights,LIGHT_ON
power off kitchen lamp right now,LIGHT_OFF
hey disable bathroom lights for me,LIGHT_OFF
would you switch off bathroom led please,LIGHT_OFF
hey turn off office lights please,LIGHT_OFF
would you disable living room light,LIGHT_OFF
can you disable living room led please,LIGHT_OFF
could you switch off garage lamp please,LIGHT_OFF
hey enable kitchen lights please,LIGHT_ON
enable bathroom led please,LIGHT_ON
hey switch off living room lamp,LIGHT_OFF
deactivate garage led,LIGHT_OFF
enable kitchen led for me,LIGHT_ON
can you activate hall lights,LIGHT_ON
switch on hall lamp right now,LIGHT_ON
would you activate bathroom light right now,LIGHT_ON
hey enable office lamp for me,LIGHT_ON
can you turn off garage lights please,LIGHT_OFF
hey enable bedroom lights please,LIGHT_ON
hey disable garage light please,LIGHT_OFF
please deactivate hall light right now,LIGHT_OFF
would you start garage light for me,LIGHT_ON
please turn on kitchen led,LIGHT_ON
please disable kitchen lights,LIGHT_OFF
could you switch on hall lamp,LIGHT_ON
can you power on kitchen light right now,LIGHT_ON
start garage light,LIGHT_ON
please deactivate bathroom light for me,LIGHT_OFF
would you deactivate garage led,LIGHT_OFF
hey enable bathroom lamp,LIGHT_ON
please power on light for me,LIGHT_ON
can you activate living room lamp,LIGHT_ON
could you power off kitchen lights,LIGHT_OFF
can you activate bathroom light right now,LIGHT_ON
please start living room light right now,LIGHT_ON
can you start office lights right now,LIGHT_ON
hey turn on kitchen led for me,LIGHT_ON
would you turn on bedroom led for me,LIGHT_ON
deactivate led for me,LIGHT_OFF
could you activate office lamp please,LIGHT_ON
would you activate living room led,LIGHT_ON
could you deactivate living room lamp please,LIGHT_OFF
can you deactivate hall light right now,LIGHT_OFF
can you switch off bedroom light please,LIGHT_OFF
can you stop office lamp,LIGHT_OFF
could you stop lamp please,LIGHT_OFF
could you start kitchen light,LIGHT_ON
turn off bedroom lamp,LIGHT_OFF
could you disable lamp please,LIGHT_OFF
would you start hall lights for me,LIGHT_ON
could you stop hall lights please,LIGHT_OFF
could you switch on lights please,LIGHT_ON
hey power on kitchen lamp,LIGHT_ON
can you turn off hall lamp,LIGHT_OFF
would you start garage lights right now,LIGHT_ON
could you deactivate garage lights,LIGHT_OFF
can you switch off office light,LIGHT_OFF
could you start garage lights please,LIGHT_ON
please power on bathroom lamp,LIGHT_ON
can you turn off bedroom lights for me,LIGHT_OFF
could you switch off office light for me,LIGHT_OFF
can you deactivate garage lamp right now,LIGHT_OFF
hey turn off kitchen light right now,LIGHT_OFF
would you disable bathroom light,LIGHT_OFF
please power off kitchen lights,LIGHT_OFF
activate bedroom lights,LIGHT_ON
enable garage led for me,LIGHT_ON
stop bedroom light right now,LIGHT_OFF
could you stop light for me,LIGHT_OFF
can you turn on living room light right now,LIGHT_ON
could you turn on light for me,LIGHT_ON
could you stop kitchen led please,LIGHT_OFF
would you switch off living room led right now,LIGHT_OFF
please power off bathroom lamp right now,LIGHT_OFF
would you switch on lights please,LIGHT_ON
can you deactivate living room led,LIGHT_OFF
would you start bedroom light,LIGHT_ON
can you activate kitchen light please,LIGHT_ON
could you switch on hall light please,LIGHT_ON
would you activate led for me,LIGHT_ON
hey disable living room lamp right now,LIGHT_OFF
would you turn off kitchen lights,LIGHT_OFF
can you turn off office light for me,LIGHT_OFF
hey turn off office light right now,LIGHT_OFF
hey deactivate garage lamp for me,LIGHT_OFF
please turn off office lamp please,LIGHT_OFF
can you power on bedroom lights please,LIGHT_ON
hey turn on office lights,LIGHT_ON
turn on garage led,LIGHT_ON
please activate bathroom led please,LIGHT_ON
can you stop hall lights,LIGHT_OFF
hey power on bedroom lights right now,LIGHT_ON
power off lights,LIGHT_OFF
would you disable office light right now,LIGHT_OFF
would you start bedroom light for me,LIGHT_ON
deactivate office led,LIGHT_OFF
would you stop garage lights please,LIGHT_OFF
stop bathroom light,LIGHT_OFF
could you power on garage lights right now,LIGHT_ON
switch on bedroom light,LIGHT_ON
start garage led right now,LIGHT_ON
would you switch on living room light,LIGHT_ON
switch on garage lamp for me,LIGHT_ON
please turn on living room lamp please,LIGHT_ON
can you stop kitchen lamp for me,LIGHT_OFF
please stop lights right now,LIGHT_OFF
can you start kitchen lamp for me,LIGHT_ON
turn on office lamp please,LIGHT_ON
hey power off garage lamp for me,LIGHT_OFF
hey turn off bathroom lamp right now,LIGHT_OFF
could you activate garage lights right now,LIGHT_ON
would you enable office led right now,LIGHT_ON
would you stop kitchen lights please,LIGHT_OFF
would you switch off garage light please,LIGHT_OFF
could you activate hall light,LIGHT_ON
would you enable light please,LIGHT_ON
please power on bathroom lights,LIGHT_ON
start office led,LIGHT_ON
could you stop living room led for me,LIGHT_OFF
can you disable lights,LIGHT_OFF
please stop kitchen lights,LIGHT_OFF
would you power off kitchen lights please,LIGHT_OFF
could you activate hall lights right now,LIGHT_ON
can you activate living room light please,LIGHT_ON
can you power off hall light,LIGHT_OFF
please start kitchen light,LIGHT_ON
power off bedroom lights for me,LIGHT_OFF
please start lamp right now,LIGHT_ON
please turn on bedroom led right now,LIGHT_ON
would you start garage light right now,LIGHT_ON
would you switch off kitchen led for me,LIGHT_OFF
turn on bedroom led please,LIGHT_ON
can you switch on living room led right now,LIGHT_ON
hey turn off bedroom lights,LIGHT_OFF
power on garage lights,LIGHT_ON
please disable light,LIGHT_OFF
please switch off bathroom led,LIGHT_OFF
please switch on bedroom lamp please,LIGHT_ON
switch off light please,LIGHT_OFF
can you turn off bedroom light right now,LIGHT_OFF
hey switch on kitchen lamp please,LIGHT_ON
stop bedroom led,LIGHT_OFF
could you turn on kitchen led right now,LIGHT_ON
please switch off kitchen lamp right now,LIGHT_OFF
turn off office led right now,LIGHT_OFF
please turn on kitchen light please,LIGHT_ON
would you deactivate garage light,LIGHT_OFF
please turn on bedroom lights,LIGHT_ON
could you turn on office lights for me,LIGHT_ON
start hall led please,LIGHT_ON
switch off led for me,LIGHT_OFF
switch off bedroom light for me,LIGHT_OFF
hey start bathroom led right now,LIGHT_ON
could you disable office led for me,LIGHT_OFF
can you activate garage lamp for me,LIGHT_ON
could you switch on garage light for me,LIGHT_ON
could you switch on kitchen led please,LIGHT_ON
could you turn on bathroom lights please,LIGHT_ON
power on office lights,LIGHT_ON
could you deactivate garage light right now,LIGHT_OFF
please switch on hall lamp please,LIGHT_ON
activate light for me,LIGHT_ON
turn on garage led please,LIGHT_ON
what is the weather please,UNKNOWN
turn off garage lamp right now,LIGHT_OFF
please stop kitchen led for me,LIGHT_OFF
power off bathroom led for me,LIGHT_OFF
would you activate lamp,LIGHT_ON
can you disable office lights for me,LIGHT_OFF
hey switch off kitchen lights please,LIGHT_OFF
could you enable office lamp for me,LIGHT_ON
can you enable bathroom lights for me,LIGHT_ON
switch on garage lamp please,LIGHT_ON
please switch on hall lights right now,LIGHT_ON
can you switch off hall light,LIGHT_OFF
please stop bathroom lamp,LIGHT_OFF
hey switch on kitchen led please,LIGHT_ON
would you enable led,LIGHT_ON
please turn off bedroom led right now,LIGHT_OFF
could you turn on office light right now,LIGHT_ON
disable hall light right now,LIGHT_OFF
could you stop light,LIGHT_OFF
could you start bathroom lamp,LIGHT_ON
start bathroom light please,LIGHT_ON
can you turn on bathroom lamp,LIGHT_ON
hey deactivate bedroom light right now,LIGHT_OFF
disable bedroom led,LIGHT_OFF
please stop living room lamp,LIGHT_OFF
hey power on office lamp,LIGHT_ON
hey activate garage lights please,LIGHT_ON
switch on garage lights please,LIGHT_ON
would you turn on bathroom lights please,LIGHT_ON
can you disable lights please,LIGHT_OFF
switch off office lights,LIGHT_OFF
please stop bedroom lights for me,LIGHT_OFF
hey power on bathroom lamp for me,LIGHT_ON
can you stop office led right now,LIGHT_OFF
can you activate office light right now,LIGHT_ON
open the garage please,UNKNOWN
please switch off living room lamp for me,LIGHT_OFF
please activate garage led,LIGHT_ON
can you turn off garage led for me,LIGHT_OFF
hey enable garage lamp right now,LIGHT_ON
can you activate office led right now,LIGHT_ON
would you switch on office led,LIGHT_ON
start kitchen light right now,LIGHT_ON
please turn off bedroom lights please,LIGHT_OFF
please power off hall lights right now,LIGHT_OFF
could you deactivate bathroom lamp right now,LIGHT_OFF
would you disable garage led for me,LIGHT_OFF
stop lamp please,LIGHT_OFF
please activate garage lamp,LIGHT_ON
would you start living room led please,LIGHT_ON
would you switch off kitchen light please,LIGHT_OFF
could you power off office light please,LIGHT_OFF
can you turn on office led please,LIGHT_ON
hey switch off living room lights right now,LIGHT_OFF
could you activate hall lights,LIGHT_ON
could you power off bedroom lamp for me,LIGHT_OFF
please good morning,UNKNOWN
please start garage lamp please,LIGHT_ON
hey deactivate garage light please,LIGHT_OFF
hey turn on office led please,LIGHT_ON
please disable bathroom led right now,LIGHT_OFF
switch on lamp right now,LIGHT_ON
can you disable garage led,LIGHT_OFF
can you disable office light for me,LIGHT_OFF
could you disable hall lamp for me,LIGHT_OFF
would you switch on lights right now,LIGHT_ON
hey start hall light for me,LIGHT_ON
hey switch off hall lights for me,LIGHT_OFF
please start hall lights right now,LIGHT_ON
hey switch off living room lamp right now,LIGHT_OFF
could you start kitchen lamp for me,LIGHT_ON
could you turn on office lamp,LIGHT_ON
could you activate light for me,LIGHT_ON
deactivate garage light for me,LIGHT_OFF
could you start bedroom light for me,LIGHT_ON
hey power on light please,LIGHT_ON
please disable garage light please,LIGHT_OFF
could you switch on office led please,LIGHT_ON
would you turn on hall led right now,LIGHT_ON
would you enable kitchen lamp please,LIGHT_ON
would you enable living room led for me,LIGHT_ON
would you power off living room light right now,LIGHT_OFF
would you turn on kitchen lights right now,LIGHT_ON
hey activate bathroom led please,LIGHT_ON
hey switch off kitchen light please,LIGHT_OFF
hey switch on garage light,LIGHT_ON
hey power off bathroom lamp please,LIGHT_OFF
can you stop hall lamp please,LIGHT_OFF
please turn on bedroom lamp,LIGHT_ON
hey power off hall led right now,LIGHT_OFF
would you switch off hall lamp please,LIGHT_OFF
deactivate lamp right now,LIGHT_OFF
would you start office led right now,LIGHT_ON
would you power off led,LIGHT_OFF
deactivate kitchen lamp for me,LIGHT_OFF
stop bedroom light for me,LIGHT_OFF
please stop bathroom lamp please,LIGHT_OFF
would you stop kitchen led for me,LIGHT_OFF
can you enable bathroom lights right now,LIGHT_ON
please switch on light please,LIGHT_ON
could you turn off bathroom lights please,LIGHT_OFF
hey switch off led please,LIGHT_OFF
please power on bedroom lights for me,LIGHT_ON
hey deactivate bathroom lights,LIGHT_OFF
hey stop bedroom lamp please,LIGHT_OFF
could you start hall led please,LIGHT_ON
can you switch on bathroom lights,LIGHT_ON
turn off hall lights right now,LIGHT_OFF
can you switch off hall lamp right now,LIGHT_OFF
would you switch on kitchen light,LIGHT_ON
please stop bedroom light right now,LIGHT_OFF
can you turn on bathroom lights please,LIGHT_ON
please enable kitchen light,LIGHT_ON
could you stop bathroom lamp for me,LIGHT_OFF
hey switch on kitchen lamp,LIGHT_ON
could you turn off bedroom lights,LIGHT_OFF
would you turn on office led,LIGHT_ON
can you stop kitchen lamp please,LIGHT_OFF
hey power on hall light for me,LIGHT_ON
would you disable bedroom lamp please,LIGHT_OFF
could you switch on lights right now,LIGHT_ON
would you switch off hall lamp for me,LIGHT_OFF
would you switch on bathroom led please,LIGHT_ON
please activate bathroom lights for me,LIGHT_ON
please switch on hall lights please,LIGHT_ON
could you power off hall lamp for me,LIGHT_OFF
hey enable bedroom lights,LIGHT_ON
hey disable garage lamp please,LIGHT_OFF
would you power off lights right now,LIGHT_OFF
hey disable office lamp right now,LIGHT_OFF
would you turn off led,LIGHT_OFF
would you power on garage light,LIGHT_ON
would you power off lights for me,LIGHT_OFF
could you enable kitchen light,LIGHT_ON
would you stop bathroom lamp for me,LIGHT_OFF
would you turn off bathroom led,LIGHT_OFF
hey turn off garage led for me,LIGHT_OFF
can you power off hall lamp right now,LIGHT_OFF
hey power on bedroom light,LIGHT_ON
could you switch on lamp for me,LIGHT_ON
stop kitchen lamp right now,LIGHT_OFF
turn off bathroom lamp for me,LIGHT_OFF
can you power on kitchen lights right now,LIGHT_ON
can you switch off living room led right now,LIGHT_OFF
hey activate led,LIGHT_ON
hey turn off hall lights right now,LIGHT_OFF
switch on hall light please,LIGHT_ON
can you switch off bathroom lights,LIGHT_OFF
could you start hall lamp,LIGHT_ON
enable living room led please,LIGHT_ON
would you start bathroom light for me,LIGHT_ON
would you deactivate garage light right now,LIGHT_OFF
hey switch off office led please,LIGHT_OFF
please turn on hall led,LIGHT_ON
hey stop led for me,LIGHT_OFF
would you switch on garage lights right now,LIGHT_ON
can you start kitchen lights for me,LIGHT_ON
would you deactivate kitchen lamp,LIGHT_OFF
please power off hall lamp please,LIGHT_OFF
hey enable kitchen lights,LIGHT_ON
activate lights,LIGHT_ON
hey power on hall light,LIGHT_ON
deactivate kitchen lights right now,LIGHT_OFF
can you enable kitchen lamp right now,LIGHT_ON
can you switch off bathroom lamp,LIGHT_OFF
please turn off hall light please,LIGHT_OFF
can you switch off bathroom led,LIGHT_OFF
can you activate living room lamp please,LIGHT_ON
can you power off office light right now,LIGHT_OFF
would you power on bathroom led please,LIGHT_ON
could you switch off kitchen lamp for me,LIGHT_OFF
would you turn off light please,LIGHT_OFF
hey switch off garage led please,LIGHT_OFF
would you start hall lights right now,LIGHT_ON
would you turn on bathroom led,LIGHT_ON
can you deactivate bathroom light please,LIGHT_OFF
start bedroom lamp please,LIGHT_ON
please power on garage light right now,LIGHT_ON
could you disable bedroom led right now,LIGHT_OFF
can you power off lights for me,LIGHT_OFF
hey stop living room light,LIGHT_OFF
turn off living room lamp please,LIGHT_OFF
would you deactivate light,LIGHT_OFF
hey power off kitchen led please,LIGHT_OFF
stop bathroom led please,LIGHT_OFF
hey turn on bedroom lamp for me,LIGHT_ON
could you power on led,LIGHT_ON
would you switch on hall lights please,LIGHT_ON
would you enable garage led please,LIGHT_ON
switch off office lights right now,LIGHT_OFF
could you power off living room light,LIGHT_OFF
would you disable bedroom lights for me,LIGHT_OFF
start living room led right now,LIGHT_ON
would you switch on kitchen lights,LIGHT_ON
please power on garage lamp for me,LIGHT_ON
hey power on bedroom lights please,LIGHT_ON
could you activate hall light please,LIGHT_ON
can you enable lights,LIGHT_ON
would you deactivate office lamp please,LIGHT_OFF
could you enable garage lights please,LIGHT_ON
could you activate living room lamp right now,LIGHT_ON
would you switch off bedroom lamp please,LIGHT_OFF
would you deactivate bedroom lights,LIGHT_OFF
hey deactivate bedroom lights,LIGHT_OFF
power off garage led,LIGHT_OFF
please stop kitchen lamp for me,LIGHT_OFF
hey deactivate bedroom lights right now,LIGHT_OFF
switch off lights right now,LIGHT_OFF
turn off hall light please,LIGHT_OFF
please enable bathroom light please,LIGHT_ON
please power off hall light,LIGHT_OFF
would you enable bathroom led for me,LIGHT_ON
enable kitchen led right now,LIGHT_ON
would you switch on bathroom light for me,LIGHT_ON
power off kitchen light,LIGHT_OFF
could you power off hall light please,LIGHT_OFF
power off office lights please,LIGHT_OFF
hey deactivate office light,LIGHT_OFF
enable bedroom led,LIGHT_ON
stop bedroom lights please,LIGHT_OFF
hey enable bathroom lamp please,LIGHT_ON
hey deactivate bedroom led for me,LIGHT_OFF
could you disable garage light please,LIGHT_OFF
can you turn on bathroom light,LIGHT_ON
could you turn off bathroom lights for me,LIGHT_OFF
please power off kitchen led right now,LIGHT_OFF
could you switch on office lights for me,LIGHT_ON
disable living room light right now,LIGHT_OFF
please turn on kitchen light right now,LIGHT_ON
hey deactivate hall lamp for me,LIGHT_OFF
could you stop garage lights,LIGHT_OFF
power on kitchen led right now,LIGHT_ON
start living room lights right now,LIGHT_ON
could you switch on hall lights,LIGHT_ON
please deactivate lamp,LIGHT_OFF
power off bathroom lights,LIGHT_OFF
could you disable bathroom light please,LIGHT_OFF
power off hall light right now,LIGHT_OFF
can you stop office light right now,LIGHT_OFF
activate led,LIGHT_ON
can you disable living room lights for me,LIGHT_OFF
could you activate bedroom lamp right now,LIGHT_ON
please switch off kitchen light for me,LIGHT_OFF
enable garage light for me,LIGHT_ON
would you turn off hall light please,LIGHT_OFF
can you power off living room led for me,LIGHT_OFF
would you activate garage light right now,LIGHT_ON
would you activate kitchen led right now,LIGHT_ON
hey stop lights right now,LIGHT_OFF
hey turn off lights for me,LIGHT_OFF
could you disable hall lamp please,LIGHT_OFF
hey turn off hall led right now,LIGHT_OFF
hey power on garage led please,LIGHT_ON
can you turn on hall lamp for me,LIGHT_ON
hey power on kitchen light please,LIGHT_ON
would you activate garage lights please,LIGHT_ON
would you enable office lamp please,LIGHT_ON
can you activate hall lights for me,LIGHT_ON
can you power on bedroom lights right now,LIGHT_ON
please activate lights,LIGHT_ON
can you switch on bedroom light please,LIGHT_ON
please disable bedroom lamp please,LIGHT_OFF
please deactivate bathroom led for me,LIGHT_OFF
please power off bathroom led please,LIGHT_OFF
please switch on kitchen lights,LIGHT_ON
hey switch on led please,LIGHT_ON
turn on bathroom light please,LIGHT_ON
activate garage lamp,LIGHT_ON
please power on bedroom light for me,LIGHT_ON
would you switch off office lights please,LIGHT_OFF
could you power off living room lamp please,LIGHT_OFF
could you deactivate kitchen light right now,LIGHT_OFF
hey power on garage lamp please,LIGHT_ON
could you power off living room lamp right now,LIGHT_OFF
please turn on office led please,LIGHT_ON
please enable living room lamp please,LIGHT_ON
please switch off kitchen lamp for me,LIGHT_OFF
activate living room led please,LIGHT_ON
can you power on garage lamp please,LIGHT_ON
could you start living room led,LIGHT_ON
could you deactivate kitchen lights right now,LIGHT_OFF
hey switch on bathroom light for me,LIGHT_ON
please disable bedroom lights,LIGHT_OFF
power on bathroom light for me,LIGHT_ON
would you turn on led please,LIGHT_ON
can you activate lamp for me,LIGHT_ON
could you stop kitchen lights for me,LIGHT_OFF
switch on office lamp right now,LIGHT_ON
turn on kitchen lights,LIGHT_ON
please switch on office lamp please,LIGHT_ON
activate bathroom lamp for me,LIGHT_ON
please disable hall light,LIGHT_OFF
hey turn on living room led for me,LIGHT_ON
please power on garage led for me,LIGHT_ON
would you enable bedroom light,LIGHT_ON
would you stop bedroom lights,LIGHT_OFF
please disable bathroom led please,LIGHT_OFF
would you start living room lamp please,LIGHT_ON
would you disable bathroom lights please,LIGHT_OFF
would you deactivate office light,LIGHT_OFF
enable bedroom lamp please,LIGHT_ON
could you enable bedroom lights,LIGHT_ON
power on office light please,LIGHT_ON
hey switch on living room light for me,LIGHT_ON
turn on kitchen lamp for me,LIGHT_ON
deactivate lamp please,LIGHT_OFF
enable bedroom led please,LIGHT_ON
could you activate bathroom led please,LIGHT_ON
hey start office lights right now,LIGHT_ON
hey power off kitchen light,LIGHT_OFF
hey switch on bedroom led please,LIGHT_ON
disable hall led please,LIGHT_OFF
hey start living room lamp for me,LIGHT_ON
can you stop bathroom light for me,LIGHT_OFF
please enable living room led,LIGHT_ON
please power on bedroom lamp for me,LIGHT_ON
please stop bathroom lights please,LIGHT_OFF
would you switch off living room light please,LIGHT_OFF
would you deactivate hall lamp please,LIGHT_OFF
can you enable office light please,LIGHT_ON
could you turn on led please,LIGHT_ON
hey disable bathroom led,LIGHT_OFF
power on garage led please,LIGHT_ON
hey stop garage led,LIGHT_OFF
hey activate office light please,LIGHT_ON
would you power off bathroom led,LIGHT_OFF
switch on bedroom lamp for me,LIGHT_ON
would you start office lights please,LIGHT_ON
hey enable garage lights right now,LIGHT_ON
can you switch on bathroom led for me,LIGHT_ON
stop office led please,LIGHT_OFF
can you switch off hall lamp please,LIGHT_OFF
hey power on office led for me,LIGHT_ON
power off bathroom lamp for me,LIGHT_OFF
hey switch off living room led right now,LIGHT_OFF
power off garage lights for me,LIGHT_OFF
could you power on lamp,LIGHT_ON
switch off bathroom led,LIGHT_OFF
hey turn off kitchen led for me,LIGHT_OFF
can you deactivate light please,LIGHT_OFF
can you deactivate kitchen lamp right now,LIGHT_OFF
would you power on bathroom led for me,LIGHT_ON
could you activate office light please,LIGHT_ON
hey disable bedroom lamp please,LIGHT_OFF
can you switch on living room light for me,LIGHT_ON
please switch off light please,LIGHT_OFF
would you turn off hall lamp,LIGHT_OFF
hey power off bedroom led please,LIGHT_OFF
can you deactivate garage led please,LIGHT_OFF
hey power off kitchen led right now,LIGHT_OFF
power on hall led for me,LIGHT_ON
would you power on hall light for me,LIGHT_ON
could you stop led please,LIGHT_OFF
hey deactivate bedroom led please,LIGHT_OFF
would you switch off led right now,LIGHT_OFF
please deactivate bathroom light please,LIGHT_OFF
activate kitchen light right now,LIGHT_ON
could you start garage lamp right now,LIGHT_ON
would you deactivate bedroom light right now,LIGHT_OFF
can you deactivate led please,LIGHT_OFF
would you disable bedroom lamp for me,LIGHT_OFF
would you turn on garage led please,LIGHT_ON
would you stop bedroom lamp,LIGHT_OFF
please switch on office lights please,LIGHT_ON
could you start bathroom lights right now,LIGHT_ON
could you activate kitchen led right now,LIGHT_ON
deactivate lights right now,LIGHT_OFF
can you enable kitchen light right now,LIGHT_ON
can you turn on kitchen led right now,LIGHT_ON
would you power on kitchen lamp for me,LIGHT_ON
could you turn off bathroom led,LIGHT_OFF
would you stop living room lamp right now,LIGHT_OFF
hey turn on bedroom led for me,LIGHT_ON
please stop living room lamp please,LIGHT_OFF
would you switch on bedroom led for me,LIGHT_ON
would you turn on bedroom led,LIGHT_ON
would you turn off office led please,LIGHT_OFF
would you power off light,LIGHT_OFF
could you disable hall lights,LIGHT_OFF
would you turn on kitchen lamp please,LIGHT_ON
would you deactivate bathroom light,LIGHT_OFF
please activate hall led please,LIGHT_ON
please enable office lamp for me,LIGHT_ON
switch off kitchen led for me,LIGHT_OFF
please turn on bathroom lights,LIGHT_ON
would you activate garage lamp please,LIGHT_ON
would you turn on living room light for me,LIGHT_ON
hey deactivate office lights please,LIGHT_OFF
please stop living room led right now,LIGHT_OFF
would you switch on bedroom lights for me,LIGHT_ON
hey stop bedroom light for me,LIGHT_OFF
please disable garage lights for me,LIGHT_OFF
can you switch off bathroom led for me,LIGHT_OFF
would you switch on bedroom light please,LIGHT_ON
can you deactivate garage lights right now,LIGHT_OFF
could you enable living room light right now,LIGHT_ON
would you power on office lamp please,LIGHT_ON
hey stop garage lamp right now,LIGHT_OFF
please start kitchen light right now,LIGHT_ON
can you power off led for me,LIGHT_OFF
hey turn off hall led please,LIGHT_OFF
can you switch on bedroom lights for me,LIGHT_ON
could you stop kitchen light right now,LIGHT_OFF
can you enable bedroom led,LIGHT_ON
turn on garage lights for me,LIGHT_ON
could you stop kitchen lamp for me,LIGHT_OFF
hey power on bathroom led for me,LIGHT_ON
start bathroom light for me,LIGHT_ON
hey power on living room led please,LIGHT_ON
hey deactivate living room led for me,LIGHT_OFF
could you deactivate kitchen lights for me,LIGHT_OFF
can you start lights right now,LIGHT_ON
can you turn off hall lamp right now,LIGHT_OFF
would you power off kitchen lamp right now,LIGHT_OFF
turn off garage light please,LIGHT_OFF
can you deactivate kitchen led right now,LIGHT_OFF
could you deactivate bedroom lamp,LIGHT_OFF
stop bedroom lamp right now,LIGHT_OFF
please turn off office light,LIGHT_OFF
can you turn on living room lamp for me,LIGHT_ON
would you enable garage led for me,LIGHT_ON
hey start office lights,LIGHT_ON
please start bathroom light right now,LIGHT_ON
would you disable bathroom light right now,LIGHT_OFF
please who are you,UNKNOWN
who are you,UNKNOWN
please switch off lamp right now,LIGHT_OFF
hey power off garage light,LIGHT_OFF
stop bathroom lamp please,LIGHT_OFF
could you enable office light,LIGHT_ON
hey switch off bathroom lights,LIGHT_OFF
can you disable garage lamp for me,LIGHT_OFF
would you stop garage lamp for me,LIGHT_OFF
would you enable office light right now,LIGHT_ON
hey switch off bathroom led right now,LIGHT_OFF
please activate light for me,LIGHT_ON
please stop lamp please,LIGHT_OFF
can you deactivate living room lights please,LIGHT_OFF
would you turn off hall lights please,LIGHT_OFF
please deactivate hall led please,LIGHT_OFF
could you start kitchen lights right now,LIGHT_ON
can you turn off kitchen lamp please,LIGHT_OFF
would you power on living room lights right now,LIGHT_ON
start garage led please,LIGHT_ON
please activate lights please,LIGHT_ON
could you stop living room led,LIGHT_OFF
switch off living room lights please,LIGHT_OFF
can you enable bedroom led right now,LIGHT_ON
could you switch off garage lights right now,LIGHT_OFF
power on kitchen led please,LIGHT_ON
turn on living room lights,LIGHT_ON
deactivate bedroom led for me,LIGHT_OFF
hey start hall led please,LIGHT_ON
hey disable living room light please,LIGHT_OFF
hey activate led right now,LIGHT_ON
can you enable garage lamp please,LIGHT_ON
can you activate living room led for me,LIGHT_ON
could you turn off kitchen lights right now,LIGHT_OFF
please enable office light right now,LIGHT_ON
turn off living room lights please,LIGHT_OFF
please disable garage lamp please,LIGHT_OFF
hey stop kitchen lights for me,LIGHT_OFF
would you turn on living room lamp please,LIGHT_ON
hey activate garage led right now,LIGHT_ON
stop office lights right now,LIGHT_OFF
please turn on garage light please,LIGHT_ON
would you start living room light right now,LIGHT_ON
would you turn on hall lamp,LIGHT_ON
deactivate hall lights,LIGHT_OFF
could you deactivate bathroom light for me,LIGHT_OFF
power on bedroom lights right now,LIGHT_ON
please deactivate bedroom light,LIGHT_OFF
deactivate hall lamp please,LIGHT_OFF
can you turn off office light right now,LIGHT_OFF
would you switch on lights,LIGHT_ON
please disable garage light right now,LIGHT_OFF
would you power on kitchen lamp,LIGHT_ON
power on bedroom lights for me,LIGHT_ON
would you activate hall lights right now,LIGHT_ON
hey switch off hall lights,LIGHT_OFF
can you power off bedroom led for me,LIGHT_OFF
can you activate hall light for me,LIGHT_ON
stop office lights please,LIGHT_OFF
can you activate hall led,LIGHT_ON
can you disable lamp right now,LIGHT_OFF
please turn off light for me,LIGHT_OFF
can you turn on lamp please,LIGHT_ON
please enable kitchen led for me,LIGHT_ON
can you stop office lights,LIGHT_OFF
please switch off hall lamp please,LIGHT_OFF
can you enable lights right now,LIGHT_ON
can you disable hall lamp,LIGHT_OFF
can you turn on hall light please,LIGHT_ON
hey turn off bathroom led,LIGHT_OFF
disable hall light please,LIGHT_OFF
would you switch on lamp for me,LIGHT_ON
can you stop living room lamp,LIGHT_OFF
start living room lamp for me,LIGHT_ON
would you enable bedroom light please,LIGHT_ON
hey switch on hall lamp,LIGHT_ON
hey stop kitchen lamp,LIGHT_OFF
could you activate bedroom light please,LIGHT_ON
please power on garage lamp please,LIGHT_ON
disable bathroom led for me,LIGHT_OFF
start hall lights for me,LIGHT_ON
can you deactivate lamp right now,LIGHT_OFF
could you switch on hall led right now,LIGHT_ON
can you stop living room light,LIGHT_OFF
hey start kitchen lamp please,LIGHT_ON
can you power on kitchen lights please,LIGHT_ON
activate garage light for me,LIGHT_ON
could you stop kitchen lights please,LIGHT_OFF
please power off office lamp please,LIGHT_OFF
hey deactivate hall led right now,LIGHT_OFF
enable garage lights for me,LIGHT_ON
can you deactivate kitchen lamp for me,LIGHT_OFF
please disable bathroom light for me,LIGHT_OFF
can you start bathroom led please,LIGHT_ON
can you power on hall led please,LIGHT_ON
please switch off garage lights right now,LIGHT_OFF
would you switch on hall light,LIGHT_ON
start office lights for me,LIGHT_ON
hey switch on hall light,LIGHT_ON
could you stop light right now,LIGHT_OFF
would you turn off hall lamp for me,LIGHT_OFF
can you power off hall led for me,LIGHT_OFF
can you stop lights for me,LIGHT_OFF
hey power on bathroom led,LIGHT_ON
would you activate office light please,LIGHT_ON
would you power on bathroom lamp,LIGHT_ON
hey turn on office light right now,LIGHT_ON
switch on light,LIGHT_ON
please switch off garage lights for me,LIGHT_OFF
please start living room light,LIGHT_ON
disable hall led for me,LIGHT_OFF
hey deactivate bedroom light,LIGHT_OFF
can you turn off living room led for me,LIGHT_OFF
please power on kitchen light for me,LIGHT_ON
please deactivate garage lamp please,LIGHT_OFF
could you switch on kitchen lights for me,LIGHT_ON
can you turn off bedroom lights,LIGHT_OFF
hey power on garage light,LIGHT_ON
could you turn off living room light right now,LIGHT_OFF
turn off living room lights right now,LIGHT_OFF
could you deactivate living room led for me,LIGHT_OFF
hey turn off kitchen lamp right now,LIGHT_OFF
hey enable bedroom led please,LIGHT_ON
would you turn on hall lights for me,LIGHT_ON
please deactivate office light for me,LIGHT_OFF
can you switch on lamp please,LIGHT_ON
power off lamp for me,LIGHT_OFF
please deactivate office light,LIGHT_OFF
hey stop bedroom lamp right now,LIGHT_OFF
can you switch on garage lamp,LIGHT_ON
could you turn off bathroom lights,LIGHT_OFF
can you turn on bathroom led for me,LIGHT_ON
would you power off living room lamp,LIGHT_OFF
could you power off bathroom lights please,LIGHT_OFF
hey switch on office lamp,LIGHT_ON
would you activate bathroom light,LIGHT_ON
would you start bathroom light,LIGHT_ON
please turn on office lights please,LIGHT_ON
hey enable hall lamp right now,LIGHT_ON
would you turn on kitchen lamp,LIGHT_ON
can you switch off garage lamp right now,LIGHT_OFF
could you power on hall led,LIGHT_ON
would you stop living room led right now,LIGHT_OFF
would you start bedroom lights,LIGHT_ON
hey start kitchen led please,LIGHT_ON
please turn off garage light right now,LIGHT_OFF
can you power on living room led right now,LIGHT_ON
please disable bedroom lights please,LIGHT_OFF
would you start office led,LIGHT_ON
can you turn off office lights please,LIGHT_OFF
could you start office lamp please,LIGHT_ON
please switch on bathroom light,LIGHT_ON
would you switch on bathroom light please,LIGHT_ON
please disable bedroom lamp for me,LIGHT_OFF
hey switch on kitchen lights please,LIGHT_ON
hey enable hall lamp please,LIGHT_ON
would you start bedroom led please,LIGHT_ON
can you switch off hall led for me,LIGHT_OFF
please start bathroom led right now,LIGHT_ON
can you activate bedroom lights for me,LIGHT_ON
disable garage lamp please,LIGHT_OFF
could you start bedroom light,LIGHT_ON
please turn on office lights for me,LIGHT_ON
could you start bedroom lights right now,LIGHT_ON
hey start kitchen lights,LIGHT_ON
please activate bedroom light please,LIGHT_ON
please power on light,LIGHT_ON
please turn on garage lights please,LIGHT_ON
would you disable lamp,LIGHT_OFF
could you turn on kitchen light please,LIGHT_ON
please switch off lamp please,LIGHT_OFF
please power on bedroom lamp right now,LIGHT_ON
please start garage light please,LIGHT_ON
stop garage led,LIGHT_OFF
please power off bathroom lights for me,LIGHT_OFF
please start bathroom lights please,LIGHT_ON
would you switch off living room light right now,LIGHT_OFF
can you switch off garage lamp for me,LIGHT_OFF
please hello,UNKNOWN
hey enable kitchen lights right now,LIGHT_ON
please power on office lamp for me,LIGHT_ON
hey power off hall light right now,LIGHT_OFF
hey activate bedroom lights right now,LIGHT_ON
could you deactivate living room light right now,LIGHT_OFF
hey turn on bathroom light,LIGHT_ON
would you turn off bedroom led please,LIGHT_OFF
hey switch on kitchen light for me,LIGHT_ON
please power off kitchen lamp right now,LIGHT_OFF
switch off hall lamp,LIGHT_OFF
would you switch on bathroom lights right now,LIGHT_ON
could you disable bathroom lights,LIGHT_OFF
hey turn on office light for me,LIGHT_ON
power on kitchen light for me,LIGHT_ON
enable bedroom lights for me,LIGHT_ON
can you switch off living room light please,LIGHT_OFF
hey activate office led right now,LIGHT_ON
would you switch off garage lights,LIGHT_OFF
please how are you,UNKNOWN
hey deactivate lights please,LIGHT_OFF
switch on garage lamp right now,LIGHT_ON
turn off office lights please,LIGHT_OFF
would you stop living room lights for me,LIGHT_OFF
please disable kitchen light,LIGHT_OFF
stop garage lamp right now,LIGHT_OFF
could you power on bathroom led for me,LIGHT_ON
could you turn off office led please,LIGHT_OFF
hey enable office led for me,LIGHT_ON
power off bedroom lamp,LIGHT_OFF
hey stop garage lamp please,LIGHT_OFF
hey switch on bathroom lamp,LIGHT_ON
would you switch on garage led please,LIGHT_ON
would you start living room light for me,LIGHT_ON
could you enable hall lamp right now,LIGHT_ON
activate bathroom lamp,LIGHT_ON
could you disable bathroom lamp please,LIGHT_OFF
would you power off office led please,LIGHT_OFF
could you power on bedroom lamp for me,LIGHT_ON
could you switch on garage lamp,LIGHT_ON
could you deactivate garage light,LIGHT_OFF
stop living room lights for me,LIGHT_OFF
would you power off living room light for me,LIGHT_OFF
please turn on living room light for me,LIGHT_ON
can you switch off office light for me,LIGHT_OFF
would you turn off office light,LIGHT_OFF
could you stop bathroom lamp right now,LIGHT_OFF
could you start bathroom lamp for me,LIGHT_ON
can you activate kitchen lamp please,LIGHT_ON
can you stop office light,LIGHT_OFF
please switch off bedroom led right now,LIGHT_OFF
turn off led,LIGHT_OFF
hey switch off office led,LIGHT_OFF
can you start bathroom lamp,LIGHT_ON
please turn off bedroom lamp right now,LIGHT_OFF
hey turn off lamp right now,LIGHT_OFF
can you turn on garage lights please,LIGHT_ON
hey enable lamp right now,LIGHT_ON
would you enable office lights for me,LIGHT_ON
can you switch off garage light for me,LIGHT_OFF
could you deactivate hall led right now,LIGHT_OFF
can you power off kitchen lights right now,LIGHT_OFF
deactivate office lights for me,LIGHT_OFF
could you switch off bedroom lamp for me,LIGHT_OFF
could you enable bathroom lamp please,LIGHT_ON
could you turn on bedroom light please,LIGHT_ON
would you turn on bathroom light please,LIGHT_ON
could you enable light,LIGHT_ON
hey power on bathroom led right now,LIGHT_ON
could you activate hall lights for me,LIGHT_ON
hey stop bathroom led,LIGHT_OFF
could you switch on kitchen led,LIGHT_ON
switch off living room led for me,LIGHT_OFF
hey deactivate office lights for me,LIGHT_OFF
could you switch on hall lights for me,LIGHT_ON
disable kitchen light please,LIGHT_OFF
power off office lights for me,LIGHT_OFF
can you turn off bathroom lamp,LIGHT_OFF
could you power off led please,LIGHT_OFF
would you start lamp for me,LIGHT_ON
can you enable hall light please,LIGHT_ON
could you start bathroom lights,LIGHT_ON
please turn on bedroom led for me,LIGHT_ON
hey power off lights for me,LIGHT_OFF
would you turn off office lights right now,LIGHT_OFF
could you start bedroom lights,LIGHT_ON
could you disable bedroom led for me,LIGHT_OFF
hey switch off garage led for me,LIGHT_OFF
could you switch off garage led for me,LIGHT_OFF
hey switch on bedroom led for me,LIGHT_ON
would you deactivate living room lights please,LIGHT_OFF
could you start office lights right now,LIGHT_ON
please start bathroom light please,LIGHT_ON
can you enable living room light for me,LIGHT_ON
could you power on living room light right now,LIGHT_ON
please power on kitchen led please,LIGHT_ON
hey enable lights,LIGHT_ON
would you switch off office led,LIGHT_OFF
please turn off garage light,LIGHT_OFF
could you deactivate office lights please,LIGHT_OFF
please power off kitchen lamp for me,LIGHT_OFF
would you deactivate garage lamp for me,LIGHT_OFF
deactivate bedroom lights,LIGHT_OFF
can you power off bathroom light for me,LIGHT_OFF
hey stop lights please,LIGHT_OFF
can you switch off hall led please,LIGHT_OFF
hey disable light for me,LIGHT_OFF
power on lights,LIGHT_ON
hey disable bathroom lamp for me,LIGHT_OFF
hey deactivate bathroom lamp right now,LIGHT_OFF
please enable bathroom lamp for me,LIGHT_ON
can you enable hall lamp please,LIGHT_ON
would you start office led please,LIGHT_ON
can you power off garage lamp please,LIGHT_OFF
power off kitchen led right now,LIGHT_OFF
activate kitchen lamp,LIGHT_ON
turn off kitchen led,LIGHT_OFF
would you disable bedroom lights please,LIGHT_OFF
can you stop hall led for me,LIGHT_OFF
please activate bedroom led right now,LIGHT_ON
please turn on bedroom lights right now,LIGHT_ON
can you power on living room led,LIGHT_ON
can you deactivate bathroom lights please,LIGHT_OFF
please power on kitchen light right now,LIGHT_ON
hey switch on hall lights right now,LIGHT_ON
can you switch off hall lights right now,LIGHT_OFF
could you deactivate bathroom lamp please,LIGHT_OFF
can you enable garage lights for me,LIGHT_ON
hey turn on lights,LIGHT_ON
please power off bedroom lamp right now,LIGHT_OFF
would you power on kitchen lights right now,LIGHT_ON
power on kitchen lights for me,LIGHT_ON
start bathroom lights please,LIGHT_ON
please power on bathroom lamp please,LIGHT_ON
enable living room lamp please,LIGHT_ON
can you turn off bathroom lamp right now,LIGHT_OFF
turn off living room lamp for me,LIGHT_OFF
power off garage lamp right now,LIGHT_OFF
hey enable bedroom light please,LIGHT_ON
could you stop lights,LIGHT_OFF
power off hall lights please,LIGHT_OFF
disable bathroom light please,LIGHT_OFF
stop lights,LIGHT_OFF
turn off bathroom light right now,LIGHT_OFF
power on living room led please,LIGHT_ON
hey switch off living room light,LIGHT_OFF
can you start hall light right now,LIGHT_ON
can you power on bedroom lamp,LIGHT_ON
could you switch on living room led please,LIGHT_ON
can you switch on lights right now,LIGHT_ON
would you switch on hall light for me,LIGHT_ON
please switch on kitchen lights right now,LIGHT_ON
turn on garage lamp for me,LIGHT_ON
please enable bedroom lamp for me,LIGHT_ON
would you stop lamp please,LIGHT_OFF
hey turn on kitchen light right now,LIGHT_ON
could you turn off hall lamp please,LIGHT_OFF
please stop garage led right now,LIGHT_OFF
could you switch on office lamp please,LIGHT_ON
please stop office lamp for me,LIGHT_OFF
can you enable bedroom lights right now,LIGHT_ON
hey switch off hall light please,LIGHT_OFF
could you switch on bedroom light please,LIGHT_ON
can you turn on bedroom lights for me,LIGHT_ON
can you enable hall lamp for me,LIGHT_ON
please power off office lights right now,LIGHT_OFF
please activate garage lamp for me,LIGHT_ON
can you turn off garage lamp,LIGHT_OFF
can you power off office led right now,LIGHT_OFF
please stop bedroom lights,LIGHT_OFF
please activate bedroom lights right now,LIGHT_ON
please enable lamp right now,LIGHT_ON
hey power on light for me,LIGHT_ON
can you stop bedroom lamp please,LIGHT_OFF
please stop office led,LIGHT_OFF
would you start hall lamp,LIGHT_ON
activate light please,LIGHT_ON
please stop hall lights right now,LIGHT_OFF
hey switch on lamp,LIGHT_ON
hey stop garage lights right now,LIGHT_OFF
hey disable garage lights right now,LIGHT_OFF
could you deactivate bedroom lamp for me,LIGHT_OFF
hey switch on garage led right now,LIGHT_ON
could you enable bathroom lamp right now,LIGHT_ON
would you power on office lights,LIGHT_ON
can you stop kitchen lights please,LIGHT_OFF
can you activate living room light right now,LIGHT_ON
power on office light for me,LIGHT_ON
hey start led,LIGHT_ON
please switch on living room light please,LIGHT_ON
would you power on living room light,LIGHT_ON
please switch on bathroom lights right now,LIGHT_ON
switch on bathroom lights,LIGHT_ON
please power off bedroom lights please,LIGHT_OFF
can you turn off bathroom light right now,LIGHT_OFF
enable bathroom lamp for me,LIGHT_ON
hey start light,LIGHT_ON
would you activate hall light right now,LIGHT_ON
switch off lights please,LIGHT_OFF
start living room lamp,LIGHT_ON
would you turn on office lamp,LIGHT_ON
can you activate living room lights for me,LIGHT_ON
would you turn off bedroom led right now,LIGHT_OFF
turn off garage light,LIGHT_OFF
hey stop living room light please,LIGHT_OFF
please start office led for me,LIGHT_ON
hey power off led please,LIGHT_OFF
hey turn on office led,LIGHT_ON
would you disable bathroom lamp,LIGHT_OFF
please activate bedroom lamp please,LIGHT_ON
turn on kitchen light,LIGHT_ON
hey start lights,LIGHT_ON
can you turn on kitchen lights right now,LIGHT_ON
hey disable living room led please,LIGHT_OFF
would you disable garage lights for me,LIGHT_OFF
could you start garage lights for me,LIGHT_ON
would you turn on kitchen light please,LIGHT_ON
please switch on living room light right now,LIGHT_ON
please deactivate office lights right now,LIGHT_OFF
could you enable hall light right now,LIGHT_ON
turn off bedroom light please,LIGHT_OFF
please switch on living room led right now,LIGHT_ON
turn on hall light,LIGHT_ON
could you deactivate bedroom light please,LIGHT_OFF
disable kitchen lamp,LIGHT_OFF
would you switch off hall light right now,LIGHT_OFF
turn on bathroom lamp,LIGHT_ON
please turn on kitchen light,LIGHT_ON
could you power off office led for me,LIGHT_OFF
hey turn off garage led,LIGHT_OFF
could you disable office led right now,LIGHT_OFF
deactivate office lamp,LIGHT_OFF
can you power off bathroom lamp right now,LIGHT_OFF
would you power on led right now,LIGHT_ON
turn on kitchen light please,LIGHT_ON
please start hall lights please,LIGHT_ON
would you switch on bathroom lamp,LIGHT_ON
power off living room lamp right now,LIGHT_OFF
would you enable kitchen light,LIGHT_ON
hey disable lamp for me,LIGHT_OFF
could you activate garage led for me,LIGHT_ON
start bathroom led,LIGHT_ON
please power on bathroom led right now,LIGHT_ON
please switch off living room led right now,LIGHT_OFF
can you enable living room lamp for me,LIGHT_ON
would you enable bedroom lights,LIGHT_ON
hey turn on living room lights right now,LIGHT_ON
please turn off living room led,LIGHT_OFF
could you activate lamp please,LIGHT_ON
would you disable led right now,LIGHT_OFF
hey deactivate garage lights please,LIGHT_OFF
could you deactivate garage led right now,LIGHT_OFF
hey power on office light for me,LIGHT_ON
could you stop office led right now,LIGHT_OFF
switch off garage lights for me,LIGHT_OFF
can you disable living room lamp right now,LIGHT_OFF
could you enable office light for me,LIGHT_ON
would you turn off office led for me,LIGHT_OFF
hey stop office lights right now,LIGHT_OFF
would you switch off bathroom lights,LIGHT_OFF
power on kitchen lamp for me,LIGHT_ON
can you disable office light please,LIGHT_OFF
please power on bedroom led please,LIGHT_ON
please activate bedroom led please,LIGHT_ON
please switch off bedroom lamp right now,LIGHT_OFF
could you deactivate hall lamp for me,LIGHT_OFF
switch on office lamp for me,LIGHT_ON
could you power on lights,LIGHT_ON
would you stop office light please,LIGHT_OFF
hey turn on office light please,LIGHT_ON
stop kitchen lights for me,LIGHT_OFF
hey disable hall lights for me,LIGHT_OFF
can you switch off bedroom lamp for me,LIGHT_OFF
hey enable office lamp right now,LIGHT_ON
can you turn off bathroom light,LIGHT_OFF
can you activate bedroom light right now,LIGHT_ON
could you activate bedroom led for me,LIGHT_ON
would you power on kitchen lights for me,LIGHT_ON
please start bedroom lights,LIGHT_ON
could you deactivate bedroom light,LIGHT_OFF
could you disable bedroom lights for me,LIGHT_OFF
hey enable bathroom led,LIGHT_ON
hey switch off kitchen lamp right now,LIGHT_OFF
switch on kitchen lamp for me,LIGHT_ON
could you turn off garage lights please,LIGHT_OFF
could you switch off living room lights please,LIGHT_OFF
could you stop kitchen light for me,LIGHT_OFF
can you stop garage light,LIGHT_OFF
please disable bathroom lights please,LIGHT_OFF
hey power off bedroom lights,LIGHT_OFF
could you power on kitchen lamp,LIGHT_ON
turn on garage lights,LIGHT_ON
hey power on bedroom lamp for me,LIGHT_ON
would you start bedroom led right now,LIGHT_ON
would you start living room lamp right now,LIGHT_ON
could you switch on living room lamp for me,LIGHT_ON
can you power off kitchen lamp,LIGHT_OFF
could you turn off bedroom led right now,LIGHT_OFF
would you start office light right now,LIGHT_ON
could you turn on bedroom led please,LIGHT_ON
can you enable bathroom light,LIGHT_ON
could you turn on bedroom lights for me,LIGHT_ON
can you power on bedroom lamp for me,LIGHT_ON
hey enable living room light please,LIGHT_ON
please switch off light,LIGHT_OFF
activate living room led for me,LIGHT_ON
would you power on kitchen led for me,LIGHT_ON
would you turn off living room lamp please,LIGHT_OFF
please deactivate garage lamp,LIGHT_OFF
please deactivate garage light right now,LIGHT_OFF
please disable hall led for me,LIGHT_OFF
please switch on bedroom light,LIGHT_ON
hey turn on living room lights for me,LIGHT_ON
could you stop led right now,LIGHT_OFF
would you switch on bedroom lights right now,LIGHT_ON
please turn off living room lights for me,LIGHT_OFF
could you disable office lights for me,LIGHT_OFF
hey power off kitchen lights right now,LIGHT_OFF
please deactivate kitchen lamp right now,LIGHT_OFF
could you power off hall led please,LIGHT_OFF
hey stop living room lights for me,LIGHT_OFF
switch off garage lights,LIGHT_OFF
would you disable living room led please,LIGHT_OFF
can you deactivate hall light for me,LIGHT_OFF
would you disable hall lamp,LIGHT_OFF
could you switch on bathroom light,LIGHT_ON
can you power on bathroom led please,LIGHT_ON
please switch on garage lamp right now,LIGHT_ON
can you switch on bedroom light for me,LIGHT_ON
can you start living room led for me,LIGHT_ON
can you stop hall light for me,LIGHT_OFF
turn off office led,LIGHT_OFF
would you switch off bedroom lights for me,LIGHT_OFF
could you switch on kitchen led for me,LIGHT_ON
turn on hall led right now,LIGHT_ON
enable kitchen light,LIGHT_ON
hey enable hall led right now,LIGHT_ON
power on living room lamp for me,LIGHT_ON
activate bathroom lights please,LIGHT_ON
hey turn off hall light please,LIGHT_OFF
hey disable hall light please,LIGHT_OFF
hey turn off bedroom led please,LIGHT_OFF
would you switch off bathroom lamp right now,LIGHT_OFF
would you switch on office light,LIGHT_ON
could you start lights,LIGHT_ON
hey disable hall lamp,LIGHT_OFF
hey switch off lamp,LIGHT_OFF
hey turn off bedroom lights right now,LIGHT_OFF
could you enable office lamp,LIGHT_ON
can you enable hall led please,LIGHT_ON
hey activate hall led for me,LIGHT_ON
deactivate bedroom lights right now,LIGHT_OFF
could you power on hall lamp right now,LIGHT_ON
can you switch off kitchen lamp for me,LIGHT_OFF
could you enable bathroom led right now,LIGHT_ON
please power off bathroom light right now,LIGHT_OFF
hey switch off bathroom lights for me,LIGHT_OFF
would you stop hall led,LIGHT_OFF
enable hall light please,LIGHT_ON
deactivate living room light for me,LIGHT_OFF
please deactivate bedroom lights for me,LIGHT_OFF
could you activate bedroom lamp,LIGHT_ON
hey switch on kitchen light,LIGHT_ON
please activate bedroom lights please,LIGHT_ON
would you deactivate hall lamp,LIGHT_OFF
would you switch on bedroom lights please,LIGHT_ON
please switch on garage light please,LIGHT_ON
can you switch off hall lights for me,LIGHT_OFF
could you power on hall light please,LIGHT_ON
could you power off garage lamp right now,LIGHT_OFF
can you deactivate garage lamp,LIGHT_OFF
please turn off lamp for me,LIGHT_OFF
can you enable office light right now,LIGHT_ON
hey disable hall light for me,LIGHT_OFF
deactivate lights please,LIGHT_OFF
could you switch off kitchen lamp,LIGHT_OFF
could you stop hall lights,LIGHT_OFF
would you deactivate garage lights please,LIGHT_OFF
deactivate living room lamp,LIGHT_OFF
stop hall light,LIGHT_OFF
power off lamp right now,LIGHT_OFF
please power off living room led right now,LIGHT_OFF
could you power on hall lights for me,LIGHT_ON
please turn off office lights for me,LIGHT_OFF
can you disable living room lamp for me,LIGHT_OFF
can you start office led,LIGHT_ON
can you start office light please,LIGHT_ON
hey activate garage lights right now,LIGHT_ON
please switch on bedroom lamp right now,LIGHT_ON
please turn off bathroom lamp for me,LIGHT_OFF
please deactivate office light right now,LIGHT_OFF
can you turn on bathroom lights,LIGHT_ON
would you deactivate garage lamp,LIGHT_OFF
would you turn off kitchen light right now,LIGHT_OFF
would you disable office lamp,LIGHT_OFF
hey disable bathroom led please,LIGHT_OFF
would you start living room lamp,LIGHT_ON
activate kitchen light please,LIGHT_ON
hey power off living room lamp,LIGHT_OFF
please deactivate garage led for me,LIGHT_OFF
can you switch off bedroom led please,LIGHT_OFF
can you switch off bedroom light for me,LIGHT_OFF
turn on hall led,LIGHT_ON
hey enable living room lamp,LIGHT_ON
could you stop garage lamp right now,LIGHT_OFF
would you switch off living room led,LIGHT_OFF
hey turn off bathroom light please,LIGHT_OFF
turn on living room lights right now,LIGHT_ON
hey enable garage lights please,LIGHT_ON
please stop living room lights please,LIGHT_OFF
start bedroom lights for me,LIGHT_ON
can you switch off bathroom lamp please,LIGHT_OFF
please deactivate lamp for me,LIGHT_OFF
could you start bathroom led,LIGHT_ON
hey start bathroom led please,LIGHT_ON
can you activate kitchen lights,LIGHT_ON
please power on garage lights,LIGHT_ON
could you deactivate bathroom lamp for me,LIGHT_OFF
could you stop living room light right now,LIGHT_OFF
enable bathroom lights please,LIGHT_ON
pause music,UNKNOWN
can you deactivate lights for me,LIGHT_OFF
could you start bedroom led,LIGHT_ON
please switch off led for me,LIGHT_OFF
can you power on garage led for me,LIGHT_ON
please stop hall light right now,LIGHT_OFF
would you enable lamp for me,LIGHT_ON
please enable bedroom led right now,LIGHT_ON
hey activate kitchen led right now,LIGHT_ON
could you start living room led for me,LIGHT_ON
stop bedroom light,LIGHT_OFF
deactivate lights,LIGHT_OFF
could you power off lamp,LIGHT_OFF
hey switch off living room light right now,LIGHT_OFF
can you start garage lights right now,LIGHT_ON
power on kitchen light,LIGHT_ON
can you start bathroom lights for me,LIGHT_ON
can you switch on garage lights please,LIGHT_ON
could you power on living room led please,LIGHT_ON
can you turn off bedroom lamp right now,LIGHT_OFF
could you enable living room lights,LIGHT_ON
would you turn off led for me,LIGHT_OFF
hey turn on lights please,LIGHT_ON
would you turn off kitchen lights for me,LIGHT_OFF
would you stop garage lamp,LIGHT_OFF
could you power on bedroom lamp please,LIGHT_ON
would you power on kitchen lights please,LIGHT_ON
can you power off kitchen light,LIGHT_OFF
hey switch on led,LIGHT_ON
could you disable hall led please,LIGHT_OFF
can you switch on kitchen light right now,LIGHT_ON
disable led please,LIGHT_OFF
please switch on living room lamp,LIGHT_ON
activate lights please,LIGHT_ON
can you disable kitchen light right now,LIGHT_OFF
would you deactivate garage light for me,LIGHT_OFF
can you switch on living room light right now,LIGHT_ON
please turn off living room led right now,LIGHT_OFF
power off bedroom light right now,LIGHT_OFF
please turn off hall led please,LIGHT_OFF
could you turn on living room light for me,LIGHT_ON
could you turn off bathroom led for me,LIGHT_OFF
activate living room lamp please,LIGHT_ON
please power on light right now,LIGHT_ON
disable bathroom light for me,LIGHT_OFF
could you disable kitchen led right now,LIGHT_OFF
hey deactivate lights for me,LIGHT_OFF
can you power on bathroom led for me,LIGHT_ON
please disable lights,LIGHT_OFF
would you enable bedroom lamp,LIGHT_ON
can you turn off lamp right now,LIGHT_OFF
please stop garage led for me,LIGHT_OFF
turn on garage light please,LIGHT_ON
can you deactivate office led please,LIGHT_OFF
could you switch off garage lights please,LIGHT_OFF
could you turn off kitchen light right now,LIGHT_OFF
could you start bathroom light,LIGHT_ON
power on hall led,LIGHT_ON
could you switch off bathroom led please,LIGHT_OFF
would you disable garage light please,LIGHT_OFF
switch on kitchen light right now,LIGHT_ON
please start bathroom led please,LIGHT_ON
please switch off garage led,LIGHT_OFF
hey deactivate bathroom led please,LIGHT_OFF
deactivate bathroom lamp,LIGHT_OFF
please disable bedroom led for me,LIGHT_OFF
deactivate kitchen lights please,LIGHT_OFF
would you switch off light,LIGHT_OFF
hey enable lights please,LIGHT_ON
hey enable bathroom led for me,LIGHT_ON
please disable garage lamp,LIGHT_OFF
start kitchen light for me,LIGHT_ON
hey switch on kitchen lamp for me,LIGHT_ON
would you turn on office lamp for me,LIGHT_ON
please disable kitchen lights right now,LIGHT_OFF
hey switch off office led for me,LIGHT_OFF
please turn on garage led please,LIGHT_ON
could you enable garage light,LIGHT_ON
can you stop office lamp for me,LIGHT_OFF
could you disable living room light please,LIGHT_OFF
hey stop garage lights please,LIGHT_OFF
can you turn off kitchen lights,LIGHT_OFF
can you turn off bedroom lamp for me,LIGHT_OFF
could you power on lamp right now,LIGHT_ON
can you start hall led right now,LIGHT_ON
can you power off bedroom light right now,LIGHT_OFF
hey activate light,LIGHT_ON
please power off office led,LIGHT_OFF
could you start kitchen lights for me,LIGHT_ON
deactivate office light for me,LIGHT_OFF
what time is it,UNKNOWN
hey activate kitchen light,LIGHT_ON
switch off kitchen lamp,LIGHT_OFF
switch on bathroom led for me,LIGHT_ON
please switch off led right now,LIGHT_OFF
would you enable bedroom lamp for me,LIGHT_ON
hey enable garage light right now,LIGHT_ON
could you stop bedroom led,LIGHT_OFF
please power off office lamp for me,LIGHT_OFF
please switch on bathroom lamp,LIGHT_ON
stop bedroom lamp please,LIGHT_OFF
could you switch off garage led right now,LIGHT_OFF
would you power off garage led right now,LIGHT_OFF
could you disable living room led for me,LIGHT_OFF
would you power off bedroom lamp,LIGHT_OFF
hey switch off kitchen lamp please,LIGHT_OFF
please deactivate lights for me,LIGHT_OFF
would you disable light,LIGHT_OFF
enable lights for me,LIGHT_ON
would you power on office light right now,LIGHT_ON
could you disable led right now,LIGHT_OFF
can you disable garage led right now,LIGHT_OFF
could you power on living room lights,LIGHT_ON
could you disable light please,LIGHT_OFF
enable hall lamp,LIGHT_ON
can you stop bedroom lamp,LIGHT_OFF
disable garage lamp,LIGHT_OFF
could you switch off office lights for me,LIGHT_OFF
can you switch off lights right now,LIGHT_OFF
disable bedroom lights right now,LIGHT_OFF
can you stop garage lights for me,LIGHT_OFF
can you switch on office lights for me,LIGHT_ON
could you turn on bathroom led right now,LIGHT_ON
can you activate garage led right now,LIGHT_ON
start office led please,LIGHT_ON
please turn off hall lamp please,LIGHT_OFF
can you stop lights,LIGHT_OFF
could you enable living room led right now,LIGHT_ON
turn on lamp please,LIGHT_ON
could you switch off bathroom lights,LIGHT_OFF
would you switch on garage light,LIGHT_ON
please switch on bedroom led,LIGHT_ON
please disable bedroom lamp,LIGHT_OFF
turn on hall lamp,LIGHT_ON
turn off bathroom lights right now,LIGHT_OFF
please disable kitchen light please,LIGHT_OFF
please deactivate living room light for me,LIGHT_OFF
can you power off led,LIGHT_OFF
enable light please,LIGHT_ON
hey switch off hall lights right now,LIGHT_OFF
please disable office led,LIGHT_OFF
please disable bathroom led for me,LIGHT_OFF
would you stop office lamp please,LIGHT_OFF
hey stop office light right now,LIGHT_OFF
please activate office light,LIGHT_ON
hey power off bathroom lamp,LIGHT_OFF
power off kitchen light for me,LIGHT_OFF
could you turn on office light,LIGHT_ON
could you turn off kitchen lights for me,LIGHT_OFF
could you switch off lights for me,LIGHT_OFF
hey switch on bathroom light,LIGHT_ON
would you turn off bedroom led,LIGHT_OFF
can you disable garage light,LIGHT_OFF
please power on office lamp,LIGHT_ON
please switch on bedroom light for me,LIGHT_ON
hey turn on lamp,LIGHT_ON
switch on kitchen led,LIGHT_ON
hey enable office led please,LIGHT_ON
can you turn on led right now,LIGHT_ON
please power on bedroom lamp,LIGHT_ON
could you switch on led for me,LIGHT_ON
could you switch off bathroom led right now,LIGHT_OFF
turn off living room light,LIGHT_OFF
switch off living room lamp please,LIGHT_OFF
would you power on garage lamp right now,LIGHT_ON
would you activate garage lamp,LIGHT_ON
can you turn off bathroom led,LIGHT_OFF
could you power on bedroom lights please,LIGHT_ON
can you power on living room lamp,LIGHT_ON
turn on office lights for me,LIGHT_ON
hey turn off hall led,LIGHT_OFF
would you activate hall lights please,LIGHT_ON
start kitchen lights for me,LIGHT_ON
hey start living room lights,LIGHT_ON
can you power on kitchen light for me,LIGHT_ON
could you enable garage led please,LIGHT_ON
would you enable office lights,LIGHT_ON
can you turn on garage lamp for me,LIGHT_ON
hey enable led,LIGHT_ON
could you turn off office lamp,LIGHT_OFF
enable light right now,LIGHT_ON
hey disable hall lights right now,LIGHT_OFF
please stop kitchen light,LIGHT_OFF
can you stop bedroom light right now,LIGHT_OFF
could you enable garage light right now,LIGHT_ON
hey power on garage led for me,LIGHT_ON
hey power off bedroom lights right now,LIGHT_OFF
hey activate office lights right now,LIGHT_ON
would you switch off led for me,LIGHT_OFF
activate bedroom light right now,LIGHT_ON
hey activate garage lamp,LIGHT_ON
please switch off bedroom light right now,LIGHT_OFF
can you activate bathroom lamp right now,LIGHT_ON
would you turn off bedroom light please,LIGHT_OFF
would you turn off bedroom lights right now,LIGHT_OFF
please switch off kitchen lights right now,LIGHT_OFF
please stop bathroom lamp for me,LIGHT_OFF
switch off hall light please,LIGHT_OFF
could you power on kitchen led right now,LIGHT_ON
hey turn on office led right now,LIGHT_ON
turn on bedroom lights right now,LIGHT_ON
can you activate bedroom lights please,LIGHT_ON
can you enable light right now,LIGHT_ON
would you stop bathroom lights please,LIGHT_OFF
hey turn on kitchen lamp,LIGHT_ON
please disable office led please,LIGHT_OFF
hey stop kitchen led right now,LIGHT_OFF
hey activate office light right now,LIGHT_ON
could you switch off bathroom lamp for me,LIGHT_OFF
please power on kitchen led for me,LIGHT_ON
would you activate hall led for me,LIGHT_ON
hey power off garage lights for me,LIGHT_OFF
could you turn on kitchen led for me,LIGHT_ON
disable led for me,LIGHT_OFF
hey power off hall led please,LIGHT_OFF
hey disable garage light right now,LIGHT_OFF
could you deactivate garage light for me,LIGHT_OFF
start garage lamp please,LIGHT_ON
can you turn off bedroom light for me,LIGHT_OFF
hey power off kitchen light for me,LIGHT_OFF
hey power on lamp please,LIGHT_ON
would you switch off garage lamp,LIGHT_OFF
would you stop garage light please,LIGHT_OFF
would you start bedroom lights for me,LIGHT_ON
hey disable kitchen led please,LIGHT_OFF
would you disable garage light right now,LIGHT_OFF
would you enable garage lights for me,LIGHT_ON
hey enable bathroom light right now,LIGHT_ON
hey power on garage lights,LIGHT_ON
please switch on led,LIGHT_ON
please power off light right now,LIGHT_OFF
would you power on bathroom lights right now,LIGHT_ON
power on garage light right now,LIGHT_ON
can you turn off hall lamp for me,LIGHT_OFF
could you disable office lights,LIGHT_OFF
could you turn on garage led for me,LIGHT_ON
please switch off lights right now,LIGHT_OFF
can you disable bedroom led right now,LIGHT_OFF
can you start bathroom led,LIGHT_ON
would you switch on led right now,LIGHT_ON
could you power off light right now,LIGHT_OFF
can you switch off living room lights please,LIGHT_OFF
would you stop bedroom light for me,LIGHT_OFF
please deactivate hall light please,LIGHT_OFF
would you activate bathroom lamp right now,LIGHT_ON
could you activate living room lamp for me,LIGHT_ON
would you power on bedroom light right now,LIGHT_ON
hey deactivate lamp right now,LIGHT_OFF
please enable bathroom light,LIGHT_ON
can you turn on lamp for me,LIGHT_ON
could you turn off light,LIGHT_OFF
can you switch off bathroom light please,LIGHT_OFF
could you power off led right now,LIGHT_OFF
could you power off bathroom led,LIGHT_OFF
hey start bedroom light for me,LIGHT_ON
can you power on garage lamp,LIGHT_ON
can you start kitchen light right now,LIGHT_ON
would you disable hall light for me,LIGHT_OFF
please switch off bedroom lights for me,LIGHT_OFF
disable bedroom lamp right now,LIGHT_OFF
please enable living room led for me,LIGHT_ON
hey power off office light,LIGHT_OFF
can you deactivate kitchen light right now,LIGHT_OFF
could you stop bedroom lights for me,LIGHT_OFF
can you stop living room lights right now,LIGHT_OFF
could you turn on bedroom light right now,LIGHT_ON
please start kitchen led,LIGHT_ON
can you power on hall light,LIGHT_ON
would you turn off garage light for me,LIGHT_OFF
would you power on office led,LIGHT_ON
can you disable living room light please,LIGHT_OFF
please power off light for me,LIGHT_OFF
can you enable office lamp right now,LIGHT_ON
hey power on hall lamp for me,LIGHT_ON
please power off hall led right now,LIGHT_OFF
switch off living room light please,LIGHT_OFF
hey enable office light for me,LIGHT_ON
would you activate kitchen lights for me,LIGHT_ON
please disable kitchen lights please,LIGHT_OFF
hey turn off office light,LIGHT_OFF
can you switch on office lights right now,LIGHT_ON
enable garage light right now,LIGHT_ON
please switch off garage led for me,LIGHT_OFF
hey power on bathroom lamp please,LIGHT_ON
could you activate kitchen led please,LIGHT_ON
would you start kitchen led please,LIGHT_ON
can you power off bedroom lamp,LIGHT_OFF
hey turn off living room lights for me,LIGHT_OFF
please stop living room lamp for me,LIGHT_OFF
could you turn off hall light for me,LIGHT_OFF
can you turn on garage light please,LIGHT_ON
could you start light,LIGHT_ON
could you switch on living room led right now,LIGHT_ON
would you stop bathroom light,LIGHT_OFF
would you turn off garage lamp,LIGHT_OFF
power off living room light,LIGHT_OFF
would you turn on hall lights,LIGHT_ON
would you power on living room lights,LIGHT_ON
can you turn off bedroom led for me,LIGHT_OFF
please deactivate kitchen lamp for me,LIGHT_OFF
would you activate office light right now,LIGHT_ON
hey disable bedroom light for me,LIGHT_OFF
can you enable hall led,LIGHT_ON
would you stop bedroom led for me,LIGHT_OFF
could you enable kitchen light please,LIGHT_ON
would you power off hall lamp please,LIGHT_OFF
could you deactivate kitchen lamp right now,LIGHT_OFF
please turn off hall lamp for me,LIGHT_OFF
can you turn on office light please,LIGHT_ON
switch on led for me,LIGHT_ON
hey disable office led right now,LIGHT_OFF
can you power on office lights,LIGHT_ON
can you power on hall led for me,LIGHT_ON
can you deactivate garage light,LIGHT_OFF
could you disable kitchen led please,LIGHT_OFF
hey turn off bedroom lights for me,LIGHT_OFF
hey enable garage lamp for me,LIGHT_ON
could you switch off hall led please,LIGHT_OFF
would you activate bedroom lamp,LIGHT_ON
would you stop bathroom light please,LIGHT_OFF
enable hall lamp right now,LIGHT_ON
could you enable office lights right now,LIGHT_ON
would you switch off hall light,LIGHT_OFF
please start hall lights for me,LIGHT_ON
please switch on bathroom light for me,LIGHT_ON
could you turn on bedroom led right now,LIGHT_ON
please turn on living room led for me,LIGHT_ON
please power off bedroom lamp for me,LIGHT_OFF
could you turn on light please,LIGHT_ON
could you turn off kitchen led for me,LIGHT_OFF
could you switch on kitchen lights please,LIGHT_ON
can you turn on lights,LIGHT_ON
please start bathroom lamp for me,LIGHT_ON
can you enable office led please,LIGHT_ON
could you disable bathroom lamp,LIGHT_OFF
hey enable bedroom lamp right now,LIGHT_ON
could you turn on kitchen light,LIGHT_ON
please power on bedroom light,LIGHT_ON
can you turn on led for me,LIGHT_ON
could you switch on garage lights for me,LIGHT_ON
could you power off garage led,LIGHT_OFF
please start bedroom lights for me,LIGHT_ON
would you deactivate kitchen light right now,LIGHT_OFF
please disable lights for me,LIGHT_OFF
please enable office light for me,LIGHT_ON
power off bedroom led right now,LIGHT_OFF
hey stop living room light right now,LIGHT_OFF
please disable office light right now,LIGHT_OFF
hey power off hall lamp right now,LIGHT_OFF
could you power on office light for me,LIGHT_ON
please switch off kitchen lights,LIGHT_OFF
could you switch off living room lamp please,LIGHT_OFF
would you switch off bathroom light for me,LIGHT_OFF
hey deactivate hall lamp please,LIGHT_OFF
please power on kitchen lamp,LIGHT_ON
would you deactivate bathroom light right now,LIGHT_OFF
can you deactivate bedroom led for me,LIGHT_OFF
stop office led,LIGHT_OFF
can you stop bathroom lamp please,LIGHT_OFF
power off hall lights for me,LIGHT_OFF
hey disable hall lights,LIGHT_OFF
start garage lamp right now,LIGHT_ON
switch on garage lights for me,LIGHT_ON
please power off office lights for me,LIGHT_OFF
please turn on kitchen lamp for me,LIGHT_ON
could you activate bedroom led right now,LIGHT_ON
please power off bedroom lights right now,LIGHT_OFF
would you power on hall light,LIGHT_ON
please activate bathroom light for me,LIGHT_ON
hey switch off bedroom led for me,LIGHT_OFF
can you start office lamp,LIGHT_ON
can you enable bedroom lamp right now,LIGHT_ON
would you turn off kitchen lights right now,LIGHT_OFF
would you turn on garage lamp for me,LIGHT_ON
hey switch off garage light right now,LIGHT_OFF
would you switch on garage lamp right now,LIGHT_ON
can you activate hall led right now,LIGHT_ON
would you turn on kitchen lights please,LIGHT_ON
can you enable kitchen lights,LIGHT_ON
would you power off garage led,LIGHT_OFF
please turn off office lamp right now,LIGHT_OFF
activate kitchen light for me,LIGHT_ON
switch on office light for me,LIGHT_ON
please start kitchen lamp,LIGHT_ON
can you stop office lights right now,LIGHT_OFF
please deactivate living room led please,LIGHT_OFF
could you enable bathroom led please,LIGHT_ON
start lamp for me,LIGHT_ON
would you power off bathroom lamp right now,LIGHT_OFF
activate garage lamp right now,LIGHT_ON
hey stop bathroom lights please,LIGHT_OFF
can you switch on office led,LIGHT_ON
please stop kitchen lamp right now,LIGHT_OFF
would you turn on office light please,LIGHT_ON
could you activate garage lamp,LIGHT_ON
would you switch on office light right now,LIGHT_ON
power off garage lights,LIGHT_OFF
please power on garage lights please,LIGHT_ON
can you enable bedroom light right now,LIGHT_ON
would you enable bedroom led right now,LIGHT_ON
please turn off bedroom lamp for me,LIGHT_OFF
hey stop garage light,LIGHT_OFF
could you start bathroom led right now,LIGHT_ON
hey switch off lamp for me,LIGHT_OFF
hey turn on garage led please,LIGHT_ON
can you start office light right now,LIGHT_ON
can you start lamp right now,LIGHT_ON
please disable hall lights,LIGHT_OFF
would you disable kitchen led,LIGHT_OFF
would you switch off bathroom lights right now,LIGHT_OFF
would you turn off living room led please,LIGHT_OFF
could you deactivate bedroom lamp right now,LIGHT_OFF
activate garage light,LIGHT_ON
turn off kitchen lights for me,LIGHT_OFF
would you disable lights right now,LIGHT_OFF
disable lamp for me,LIGHT_OFF
hey start bathroom lamp right now,LIGHT_ON
would you power on light for me,LIGHT_ON
please stop garage light,LIGHT_OFF
please enable led please,LIGHT_ON
please activate bathroom led for me,LIGHT_ON
would you turn on bedroom light right now,LIGHT_ON
switch off office led for me,LIGHT_OFF
can you power off garage lights,LIGHT_OFF
start hall light right now,LIGHT_ON
can you switch on bedroom lamp,LIGHT_ON
hey power off hall lamp,LIGHT_OFF
could you disable garage light,LIGHT_OFF
would you power on garage lights please,LIGHT_ON
hey activate living room lights please,LIGHT_ON
would you start hall light right now,LIGHT_ON
would you turn off hall led please,LIGHT_OFF
please start kitchen light please,LIGHT_ON
could you disable office lamp for me,LIGHT_OFF
would you power off living room led right now,LIGHT_OFF
please increase temperature,UNKNOWN
please power off living room led,LIGHT_OFF
could you activate hall lights please,LIGHT_ON
hey turn off office led right now,LIGHT_OFF
please stop bedroom lights please,LIGHT_OFF
turn on led please,LIGHT_ON
hey turn on kitchen led right now,LIGHT_ON
please turn on garage light,LIGHT_ON
would you switch on bathroom lamp please,LIGHT_ON
can you switch on bedroom lights,LIGHT_ON
hey switch on office lights for me,LIGHT_ON
activate garage lamp please,LIGHT_ON
could you power on hall light for me,LIGHT_ON
could you stop lights please,LIGHT_OFF
please activate kitchen lamp please,LIGHT_ON
could you power off bedroom led for me,LIGHT_OFF
can you deactivate light,LIGHT_OFF
could you enable living room led please,LIGHT_ON
please disable light right now,LIGHT_OFF
please activate office lamp right now,LIGHT_ON
can you turn off living room light for me,LIGHT_OFF
would you stop led for me,LIGHT_OFF
could you deactivate kitchen led for me,LIGHT_OFF
can you turn on led,LIGHT_ON
please switch on living room led for me,LIGHT_ON
power off hall lamp,LIGHT_OFF
would you disable hall lamp for me,LIGHT_OFF
hey turn off bedroom lamp,LIGHT_OFF
please power on living room lamp for me,LIGHT_ON
can you enable lights please,LIGHT_ON
hey enable light please,LIGHT_ON
hey stop bathroom light,LIGHT_OFF
please switch off bedroom lamp please,LIGHT_OFF
please switch off hall lights please,LIGHT_OFF
hey disable office light right now,LIGHT_OFF
would you switch off kitchen led please,LIGHT_OFF
please disable hall lights please,LIGHT_OFF
can you deactivate office lights please,LIGHT_OFF
would you switch off kitchen led right now,LIGHT_OFF
would you turn on bedroom light please,LIGHT_ON
would you power on hall lamp please,LIGHT_ON
hey turn on hall lights,LIGHT_ON
could you turn off living room lights,LIGHT_OFF
can you turn on bathroom light right now,LIGHT_ON
could you turn on bathroom lamp for me,LIGHT_ON
hey start kitchen led,LIGHT_ON
can you turn off living room light,LIGHT_OFF
can you activate bathroom light for me,LIGHT_ON
hey switch off kitchen lights for me,LIGHT_OFF
can you enable bathroom lamp please,LIGHT_ON
would you disable kitchen lights for me,LIGHT_OFF
would you activate garage led right now,LIGHT_ON
would you power on bedroom light,LIGHT_ON
turn off lamp for me,LIGHT_OFF
deactivate garage lamp for me,LIGHT_OFF
switch on living room lamp right now,LIGHT_ON
power on kitchen led,LIGHT_ON
would you deactivate kitchen lights right now,LIGHT_OFF
would you enable office led,LIGHT_ON
could you enable lamp for me,LIGHT_ON
activate kitchen led,LIGHT_ON
would you enable bathroom led please,LIGHT_ON
please power off office light right now,LIGHT_OFF
please power on hall led right now,LIGHT_ON
can you enable office lights please,LIGHT_ON
could you power on light for me,LIGHT_ON
would you activate led please,LIGHT_ON
could you stop garage light please,LIGHT_OFF
please turn on light for me,LIGHT_ON
hey activate led for me,LIGHT_ON
can you activate garage led please,LIGHT_ON
could you switch off bedroom lights right now,LIGHT_OFF
would you switch on hall led please,LIGHT_ON
can you disable bathroom lamp for me,LIGHT_OFF
would you turn on office lamp please,LIGHT_ON
would you turn off bedroom lights please,LIGHT_OFF
hey enable bathroom light for me,LIGHT_ON
hey power off bedroom lights please,LIGHT_OFF
can you stop garage lamp,LIGHT_OFF
switch off office lamp,LIGHT_OFF
would you switch on office led please,LIGHT_ON
would you turn on living room light,LIGHT_ON
would you power on office lights right now,LIGHT_ON
please deactivate garage light please,LIGHT_OFF
hey power on living room led for me,LIGHT_ON
hey turn off bedroom led,LIGHT_OFF
can you turn on office lights please,LIGHT_ON
would you deactivate kitchen lamp please,LIGHT_OFF
please switch off kitchen lights please,LIGHT_OFF
turn on bedroom lamp,LIGHT_ON
could you power on bathroom lights for me,LIGHT_ON
hey turn on lamp for me,LIGHT_ON
would you turn on kitchen light for me,LIGHT_ON
turn on office lamp right now,LIGHT_ON
switch on bathroom lights please,LIGHT_ON
would you disable living room led,LIGHT_OFF
could you turn off living room led,LIGHT_OFF
please stop lamp right now,LIGHT_OFF
can you switch on office light please,LIGHT_ON
power on living room lights right now,LIGHT_ON
would you switch on bedroom light for me,LIGHT_ON
start garage lights for me,LIGHT_ON
switch on living room lamp for me,LIGHT_ON
please turn on living room light right now,LIGHT_ON
please turn on kitchen lights right now,LIGHT_ON
power off hall light for me,LIGHT_OFF
please activate bathroom lamp please,LIGHT_ON
power off office lamp please,LIGHT_OFF
hey power off bedroom lamp,LIGHT_OFF
would you power off hall led,LIGHT_OFF
power on bathroom lamp right now,LIGHT_ON
hey switch on kitchen lights for me,LIGHT_ON
hey turn on bedroom lights right now,LIGHT_ON
would you deactivate living room lights,LIGHT_OFF
please turn on living room led,LIGHT_ON
could you turn on office lamp right now,LIGHT_ON
would you disable living room light for me,LIGHT_OFF
please turn off hall led for me,LIGHT_OFF
could you switch off living room lamp for me,LIGHT_OFF
could you activate kitchen lights right now,LIGHT_ON
switch on lights for me,LIGHT_ON
could you switch on light for me,LIGHT_ON
hey enable office led right now,LIGHT_ON
hey activate garage lights,LIGHT_ON
could you stop lamp for me,LIGHT_OFF
please turn on bedroom lamp for me,LIGHT_ON
stop hall lamp,LIGHT_OFF
hey power off lamp,LIGHT_OFF
hey turn on office lights for me,LIGHT_ON
hey stop bedroom lights please,LIGHT_OFF
please power on garage led,LIGHT_ON
could you power on hall light,LIGHT_ON
hey activate lamp please,LIGHT_ON
switch on hall led please,LIGHT_ON
can you switch on bedroom light right now,LIGHT_ON
please deactivate kitchen led,LIGHT_OFF
deactivate office lights right now,LIGHT_OFF
hey activate office lamp,LIGHT_ON
would you power off hall light for me,LIGHT_OFF
could you turn off bathroom lights right now,LIGHT_OFF
turn off light right now,LIGHT_OFF
deactivate bathroom lamp for me,LIGHT_OFF
switch off bathroom lights please,LIGHT_OFF
please start garage light right now,LIGHT_ON
would you turn on living room led please,LIGHT_ON
start garage lamp for me,LIGHT_ON
can you turn on kitchen lights for me,LIGHT_ON
would you turn on living room led right now,LIGHT_ON
can you turn off office led for me,LIGHT_OFF
please activate bathroom lamp right now,LIGHT_ON
please activate office led please,LIGHT_ON
please enable lights,LIGHT_ON
please power on bathroom lamp right now,LIGHT_ON
activate living room lights,LIGHT_ON
turn on kitchen led right now,LIGHT_ON
please activate bedroom lights for me,LIGHT_ON
can you stop office lights please,LIGHT_OFF
hey start bedroom lamp for me,LIGHT_ON
can you power off office lamp,LIGHT_OFF
can you switch on bathroom light right now,LIGHT_ON
can you turn on kitchen lamp please,LIGHT_ON
can you switch on office lamp right now,LIGHT_ON
hey activate hall led,LIGHT_ON
please start bedroom light,LIGHT_ON
can you disable kitchen lamp right now,LIGHT_OFF
can you enable garage led,LIGHT_ON
would you switch on garage lamp,LIGHT_ON
hey turn on bedroom light,LIGHT_ON
would you activate hall light please,LIGHT_ON
please power off hall lights,LIGHT_OFF
could you switch off office lights,LIGHT_OFF
power off bathroom light,LIGHT_OFF
would you power off bathroom lights right now,LIGHT_OFF
start hall led,LIGHT_ON
could you deactivate bedroom led right now,LIGHT_OFF
could you disable kitchen lamp right now,LIGHT_OFF
can you turn off kitchen lamp,LIGHT_OFF
activate lamp,LIGHT_ON
switch on bedroom lamp please,LIGHT_ON
would you power off living room lamp for me,LIGHT_OFF
would you deactivate living room lamp right now,LIGHT_OFF
please activate office lights,LIGHT_ON
could you disable bathroom lights please,LIGHT_OFF
could you power off office lights,LIGHT_OFF
can you disable hall lights,LIGHT_OFF
would you turn on bedroom lights for me,LIGHT_ON
would you enable hall lamp for me,LIGHT_ON
could you start hall lights,LIGHT_ON
what time is it please,UNKNOWN
can you start bedroom lamp,LIGHT_ON
would you turn off bedroom lamp,LIGHT_OFF
hey power off kitchen led for me,LIGHT_OFF
would you activate office lights right now,LIGHT_ON
could you switch off living room light please,LIGHT_OFF
enable bathroom lights,LIGHT_ON
would you turn on bathroom light for me,LIGHT_ON
can you power on kitchen lights for me,LIGHT_ON
could you activate kitchen lamp please,LIGHT_ON
hey disable bathroom lights,LIGHT_OFF
could you stop garage led for me,LIGHT_OFF
power on lamp for me,LIGHT_ON
hey deactivate living room led please,LIGHT_OFF
would you stop garage lights right now,LIGHT_OFF
turn off hall lamp please,LIGHT_OFF
start living room light,LIGHT_ON
please start bathroom led,LIGHT_ON
can you switch off lamp for me,LIGHT_OFF
would you enable hall light right now,LIGHT_ON
can you deactivate hall lights please,LIGHT_OFF
hey switch off light right now,LIGHT_OFF
can you switch off hall light please,LIGHT_OFF
could you turn off office lights right now,LIGHT_OFF
please disable office led right now,LIGHT_OFF
could you power off hall lights right now,LIGHT_OFF
switch off living room lamp right now,LIGHT_OFF
would you turn off light right now,LIGHT_OFF
could you disable garage lamp right now,LIGHT_OFF
please start lamp please,LIGHT_ON
could you switch on office led for me,LIGHT_ON
stop led please,LIGHT_OFF
could you switch off garage led,LIGHT_OFF
could you stop lights for me,LIGHT_OFF
can you turn off living room lights for me,LIGHT_OFF
please turn on bathroom lamp,LIGHT_ON
please power on garage lights for me,LIGHT_ON
stop kitchen light please,LIGHT_OFF
would you stop bedroom led,LIGHT_OFF
please turn on kitchen light for me,LIGHT_ON
could you turn on led,LIGHT_ON
would you switch off garage lamp right now,LIGHT_OFF
would you start office lamp,LIGHT_ON
please power off garage lamp,LIGHT_OFF
stop living room lamp for me,LIGHT_OFF
would you turn off bathroom lamp for me,LIGHT_OFF
would you disable garage led,LIGHT_OFF
can you switch off office lamp please,LIGHT_OFF
hey switch off hall led,LIGHT_OFF
could you turn on hall light for me,LIGHT_ON
disable garage lamp for me,LIGHT_OFF
would you activate office led right now,LIGHT_ON
would you deactivate bathroom light please,LIGHT_OFF
hey start office lamp please,LIGHT_ON
please activate living room light right now,LIGHT_ON
power on hall lamp right now,LIGHT_ON
could you switch off hall light please,LIGHT_OFF
could you start hall lights right now,LIGHT_ON
hey start kitchen light for me,LIGHT_ON
activate living room led right now,LIGHT_ON
can you power off light,LIGHT_OFF
would you activate bedroom led,LIGHT_ON
would you power on led,LIGHT_ON
please deactivate garage lamp for me,LIGHT_OFF
please enable light,LIGHT_ON
hey turn off living room led please,LIGHT_OFF
would you deactivate bathroom light for me,LIGHT_OFF
would you power on bedroom lights,LIGHT_ON
could you switch on kitchen light for me,LIGHT_ON
switch on lamp,LIGHT_ON
would you deactivate hall led please,LIGHT_OFF
disable light,LIGHT_OFF
would you deactivate kitchen lights please,LIGHT_OFF
please turn off kitchen lamp for me,LIGHT_OFF
please activate bathroom lamp,LIGHT_ON
can you stop bedroom light please,LIGHT_OFF
please disable bathroom led,LIGHT_OFF
hey power off bathroom light please,LIGHT_OFF
could you turn on bedroom light for me,LIGHT_ON
could you switch off bedroom light,LIGHT_OFF
hey enable bedroom led,LIGHT_ON
hey enable office lights right now,LIGHT_ON
please switch on garage lights for me,LIGHT_ON
please switch off lights for me,LIGHT_OFF
could you turn off kitchen light,LIGHT_OFF
would you start garage lights for me,LIGHT_ON
please activate kitchen light,LIGHT_ON
could you switch on bedroom lights please,LIGHT_ON
hey power off bathroom lights right now,LIGHT_OFF
can you power on bathroom lamp please,LIGHT_ON
can you turn off lamp please,LIGHT_OFF
switch off office led please,LIGHT_OFF
could you disable lamp for me,LIGHT_OFF
could you disable office light please,LIGHT_OFF
please switch on kitchen lamp for me,LIGHT_ON
could you turn off led for me,LIGHT_OFF
can you turn off garage led please,LIGHT_OFF
please deactivate hall led for me,LIGHT_OFF
disable garage led,LIGHT_OFF
would you disable bedroom light for me,LIGHT_OFF
can you deactivate kitchen led for me,LIGHT_OFF
please power on lamp for me,LIGHT_ON
can you turn off living room led,LIGHT_OFF
start bedroom light for me,LIGHT_ON
enable hall lamp please,LIGHT_ON
can you switch off kitchen led for me,LIGHT_OFF
hey switch off kitchen light,LIGHT_OFF
please stop office led right now,LIGHT_OFF
would you stop hall lights right now,LIGHT_OFF
please deactivate living room lights,LIGHT_OFF
could you power off garage light for me,LIGHT_OFF
would you enable lamp right now,LIGHT_ON
please turn on office lamp for me,LIGHT_ON
activate bedroom light please,LIGHT_ON
would you switch off hall lights for me,LIGHT_OFF
activate bedroom lamp please,LIGHT_ON
switch on bedroom lamp right now,LIGHT_ON
please switch on hall light please,LIGHT_ON
can you switch off lights for me,LIGHT_OFF
would you power off office led right now,LIGHT_OFF
can you activate bathroom led for me,LIGHT_ON
would you power off kitchen lamp please,LIGHT_OFF
please stop kitchen light for me,LIGHT_OFF
hey turn off office led please,LIGHT_OFF
can you power off hall light for me,LIGHT_OFF
would you power off kitchen light right now,LIGHT_OFF
can you switch off bathroom lights please,LIGHT_OFF
hey turn on office lights right now,LIGHT_ON
please enable kitchen lights,LIGHT_ON
power off hall led please,LIGHT_OFF
hey turn on office led for me,LIGHT_ON
can you disable hall lamp please,LIGHT_OFF
hey deactivate kitchen lights right now,LIGHT_OFF
can you deactivate office light right now,LIGHT_OFF
can you enable office led right now,LIGHT_ON
could you activate kitchen lamp right now,LIGHT_ON
could you enable office lamp right now,LIGHT_ON
hey stop office lights please,LIGHT_OFF
hey power off office led please,LIGHT_OFF
would you activate bathroom lamp please,LIGHT_ON
can you power off office light for me,LIGHT_OFF
can you activate office light please,LIGHT_ON
can you turn on hall light for me,LIGHT_ON
could you switch off bathroom light right now,LIGHT_OFF
hey turn off office lamp please,LIGHT_OFF
hey switch on bathroom lamp right now,LIGHT_ON
can you power off bathroom lamp for me,LIGHT_OFF
could you power on office lights right now,LIGHT_ON
please start hall lights,LIGHT_ON
can you turn on bedroom light please,LIGHT_ON
enable bathroom lamp please,LIGHT_ON
can you disable kitchen led for me,LIGHT_OFF
can you switch on garage lights,LIGHT_ON
enable office lamp right now,LIGHT_ON
would you deactivate living room light right now,LIGHT_OFF
hey deactivate kitchen lamp please,LIGHT_OFF
power off bathroom lamp please,LIGHT_OFF
hey deactivate bedroom lamp please,LIGHT_OFF
hey power on bedroom light please,LIGHT_ON
can you deactivate bathroom lamp for me,LIGHT_OFF
could you activate bathroom light,LIGHT_ON
would you power off kitchen light please,LIGHT_OFF
can you deactivate lamp,LIGHT_OFF
would you enable living room lamp right now,LIGHT_ON
could you power off garage lights,LIGHT_OFF
would you start garage lamp right now,LIGHT_ON
could you turn off office lamp right now,LIGHT_OFF
would you stop bedroom light please,LIGHT_OFF
hey deactivate bathroom lights please,LIGHT_OFF
please what time is it,UNKNOWN
could you switch off bedroom light please,LIGHT_OFF
hey enable garage lights for me,LIGHT_ON
would you stop office light right now,LIGHT_OFF
can you power on living room light right now,LIGHT_ON
hi,UNKNOWN
could you switch on bathroom lamp right now,LIGHT_ON
hey switch on garage light for me,LIGHT_ON
deactivate led,LIGHT_OFF
hey activate hall lamp please,LIGHT_ON
could you power off bedroom light right now,LIGHT_OFF
would you deactivate living room lamp for me,LIGHT_OFF
could you stop hall light,LIGHT_OFF
would you start light for me,LIGHT_ON
could you deactivate led right now,LIGHT_OFF
could you start hall light please,LIGHT_ON
switch off bathroom lamp right now,LIGHT_OFF
could you deactivate kitchen led please,LIGHT_OFF
could you turn on bedroom light,LIGHT_ON
please switch on office light for me,LIGHT_ON
please activate hall light for me,LIGHT_ON
can you switch on garage lights for me,LIGHT_ON
hey start office light for me,LIGHT_ON
can you deactivate office light for me,LIGHT_OFF
power on lights right now,LIGHT_ON
hey switch off office led right now,LIGHT_OFF
can you start living room light for me,LIGHT_ON
would you disable office lights for me,LIGHT_OFF
hey deactivate living room lights for me,LIGHT_OFF
hey switch off hall light,LIGHT_OFF
please power off lamp right now,LIGHT_OFF
could you switch off hall lamp please,LIGHT_OFF
would you switch on living room led,LIGHT_ON
deactivate bathroom lights right now,LIGHT_OFF
please switch off hall led please,LIGHT_OFF
power off living room led for me,LIGHT_OFF
could you stop living room lights please,LIGHT_OFF
hey activate bedroom light right now,LIGHT_ON
can you enable garage lamp for me,LIGHT_ON
disable bathroom led please,LIGHT_OFF
would you turn off living room led,LIGHT_OFF
please activate hall light,LIGHT_ON
please start bedroom lights please,LIGHT_ON
hey disable living room led right now,LIGHT_OFF
can you disable bathroom led for me,LIGHT_OFF
hey stop bedroom led please,LIGHT_OFF
enable office lights,LIGHT_ON
please turn on lights right now,LIGHT_ON
can you enable kitchen light for me,LIGHT_ON
could you power off led,LIGHT_OFF
can you disable living room led right now,LIGHT_OFF
can you activate garage lights,LIGHT_ON
would you start bathroom lamp,LIGHT_ON
turn off office light right now,LIGHT_OFF
can you enable kitchen light please,LIGHT_ON
could you enable living room lights please,LIGHT_ON
start bedroom lights please,LIGHT_ON
stop bathroom lights please,LIGHT_OFF
disable office light right now,LIGHT_OFF
would you power off living room lights,LIGHT_OFF
hey stop bathroom led for me,LIGHT_OFF
deactivate garage lights for me,LIGHT_OFF
would you activate lights please,LIGHT_ON
could you enable kitchen lamp,LIGHT_ON
deactivate bathroom led for me,LIGHT_OFF
could you turn on hall light please,LIGHT_ON
would you turn on lamp,LIGHT_ON
start hall lamp,LIGHT_ON
hey turn on lights for me,LIGHT_ON
power on garage lights please,LIGHT_ON
hey start kitchen lamp for me,LIGHT_ON
please disable lamp,LIGHT_OFF
can you power on bedroom led,LIGHT_ON
please enable bedroom led,LIGHT_ON
activate bedroom lights for me,LIGHT_ON
please disable bathroom lights right now,LIGHT_OFF
hey turn off office lights right now,LIGHT_OFF
hey switch off office lamp right now,LIGHT_OFF
please turn off garage lamp please,LIGHT_OFF
please disable hall lamp right now,LIGHT_OFF
would you turn off living room light please,LIGHT_OFF
please enable kitchen lamp right now,LIGHT_ON
would you power on garage led right now,LIGHT_ON
please start hall light,LIGHT_ON
would you stop hall lights please,LIGHT_OFF
please switch on office lamp for me,LIGHT_ON
hey activate garage light please,LIGHT_ON
would you enable kitchen lights,LIGHT_ON
switch on kitchen light for me,LIGHT_ON
can you switch off living room light right now,LIGHT_OFF
please disable bedroom light,LIGHT_OFF
would you turn on garage lamp please,LIGHT_ON
can you activate living room light,LIGHT_ON
turn on light for me,LIGHT_ON
can you activate garage lights right now,LIGHT_ON
hey stop office light please,LIGHT_OFF
would you stop light for me,LIGHT_OFF
please switch on garage lamp,LIGHT_ON
would you power off kitchen led for me,LIGHT_OFF
can you disable hall led please,LIGHT_OFF
deactivate living room lights,LIGHT_OFF
power off hall lights right now,LIGHT_OFF
please switch off bedroom light for me,LIGHT_OFF
can you power off bathroom light right now,LIGHT_OFF
switch off bedroom lights please,LIGHT_OFF
would you activate kitchen lights please,LIGHT_ON
would you power on kitchen light right now,LIGHT_ON
activate kitchen lights please,LIGHT_ON
could you switch off lamp please,LIGHT_OFF
can you switch on lights please,LIGHT_ON
please enable living room light for me,LIGHT_ON
could you enable lamp please,LIGHT_ON
could you power on living room lights please,LIGHT_ON
would you deactivate bathroom lamp please,LIGHT_OFF
please disable bedroom lights for me,LIGHT_OFF
hey start garage light for me,LIGHT_ON
can you activate hall lights please,LIGHT_ON
can you start kitchen light for me,LIGHT_ON
would you start living room light please,LIGHT_ON
please turn off bathroom lights please,LIGHT_OFF
could you power off living room light right now,LIGHT_OFF
hey switch off garage lamp,LIGHT_OFF
stop kitchen led,LIGHT_OFF
could you turn off bedroom lamp,LIGHT_OFF
can you start living room lamp for me,LIGHT_ON
deactivate garage light,LIGHT_OFF
start kitchen lights,LIGHT_ON
hey deactivate led,LIGHT_OFF
can you turn off garage lamp please,LIGHT_OFF
hey enable kitchen led for me,LIGHT_ON
could you turn on garage light for me,LIGHT_ON
please power on garage light please,LIGHT_ON
switch off garage light right now,LIGHT_OFF
activate garage lamp for me,LIGHT_ON
please power on office lights please,LIGHT_ON
please turn off bathroom light right now,LIGHT_OFF
could you power on living room light please,LIGHT_ON
could you activate living room led right now,LIGHT_ON
can you switch on hall lamp please,LIGHT_ON
power on bathroom lights for me,LIGHT_ON
power off kitchen led please,LIGHT_OFF
could you turn off office light,LIGHT_OFF
could you stop bedroom light right now,LIGHT_OFF
disable garage led for me,LIGHT_OFF
would you power off led right now,LIGHT_OFF
disable lights for me,LIGHT_OFF
stop office led right now,LIGHT_OFF
start bedroom led,LIGHT_ON
can you start office light for me,LIGHT_ON
hey activate kitchen light please,LIGHT_ON
hey start hall lamp,LIGHT_ON
would you enable living room lamp,LIGHT_ON
please disable bedroom lamp right now,LIGHT_OFF
could you deactivate lamp for me,LIGHT_OFF
please stop bedroom led,LIGHT_OFF
could you activate bathroom lights for me,LIGHT_ON
please enable bedroom lights please,LIGHT_ON
please power on living room light for me,LIGHT_ON
would you enable office lamp,LIGHT_ON
would you turn on office lights please,LIGHT_ON
can you turn off office lights for me,LIGHT_OFF
please switch on garage light,LIGHT_ON
please start living room lights for me,LIGHT_ON
could you deactivate bathroom light please,LIGHT_OFF
please switch off bedroom led,LIGHT_OFF
would you start living room light,LIGHT_ON
please turn off led,LIGHT_OFF
would you start living room led for me,LIGHT_ON
switch off garage lights right now,LIGHT_OFF
turn on bedroom lights for me,LIGHT_ON
hey start bedroom lights right now,LIGHT_ON
can you enable living room lights,LIGHT_ON
could you switch off bedroom lights,LIGHT_OFF
please deactivate hall lights right now,LIGHT_OFF
can you deactivate hall lamp for me,LIGHT_OFF
can you enable bathroom light for me,LIGHT_ON
switch on bathroom lamp,LIGHT_ON
would you power off living room lights please,LIGHT_OFF
would you power off bathroom light,LIGHT_OFF
please stop bathroom led for me,LIGHT_OFF
hey switch off bathroom lamp please,LIGHT_OFF
please enable garage light for me,LIGHT_ON
would you switch off bathroom led,LIGHT_OFF
start hall light,LIGHT_ON
would you enable living room lights right now,LIGHT_ON
switch off hall lights right now,LIGHT_OFF
hey activate bathroom led,LIGHT_ON
stop bedroom led for me,LIGHT_OFF
hey power off bedroom light for me,LIGHT_OFF
can you disable hall led,LIGHT_OFF
activate office led for me,LIGHT_ON
enable hall led please,LIGHT_ON
would you power on bathroom lights,LIGHT_ON
would you switch on hall light please,LIGHT_ON
turn off bedroom led for me,LIGHT_OFF
deactivate garage lights,LIGHT_OFF
hey start hall lights please,LIGHT_ON
could you turn on bathroom lamp please,LIGHT_ON
hey enable lamp please,LIGHT_ON
could you activate living room lamp please,LIGHT_ON
would you turn on living room lamp,LIGHT_ON
hey power off office lights right now,LIGHT_OFF
can you enable lights for me,LIGHT_ON
turn on garage lamp please,LIGHT_ON
would you deactivate garage led right now,LIGHT_OFF
hey turn off garage lamp,LIGHT_OFF
hey turn on bedroom light right now,LIGHT_ON
please turn on office lamp,LIGHT_ON
please stop light,LIGHT_OFF
hey start garage lights please,LIGHT_ON
would you power off garage light please,LIGHT_OFF
would you switch on hall lights for me,LIGHT_ON
switch on office lights for me,LIGHT_ON
turn on living room light for me,LIGHT_ON
could you deactivate office lamp for me,LIGHT_OFF
would you power on hall led,LIGHT_ON
start lights right now,LIGHT_ON
turn on hall light for me,LIGHT_ON
can you switch off living room lamp for me,LIGHT_OFF
could you disable living room lights right now,LIGHT_OFF
please disable living room lights,LIGHT_OFF
would you stop hall lamp please,LIGHT_OFF
would you stop bathroom light for me,LIGHT_OFF
would you deactivate led please,LIGHT_OFF
would you enable office led please,LIGHT_ON
could you power on hall lamp for me,LIGHT_ON
could you turn on garage led,LIGHT_ON
start kitchen lamp,LIGHT_ON
hey power on lights please,LIGHT_ON
would you switch off bedroom lights,LIGHT_OFF
could you switch on living room lamp,LIGHT_ON
could you start bathroom light please,LIGHT_ON
please switch off garage lights,LIGHT_OFF
please turn off office light right now,LIGHT_OFF
hey enable hall lamp,LIGHT_ON
stop kitchen led for me,LIGHT_OFF
can you power on living room lamp right now,LIGHT_ON
hey switch on light,LIGHT_ON
would you stop office led please,LIGHT_OFF
would you switch on office lamp right now,LIGHT_ON
could you start kitchen lights,LIGHT_ON
hey stop living room lights right now,LIGHT_OFF
would you disable office lights please,LIGHT_OFF
power off office lights,LIGHT_OFF
please activate bathroom lights,LIGHT_ON
can you stop bathroom led for me,LIGHT_OFF
would you stop bathroom lights,LIGHT_OFF
would you enable living room led,LIGHT_ON
can you disable bathroom light please,LIGHT_OFF
deactivate office lamp please,LIGHT_OFF
could you turn on bedroom led,LIGHT_ON
hey deactivate living room lamp right now,LIGHT_OFF
would you turn on light,LIGHT_ON
could you switch off bedroom light right now,LIGHT_OFF
turn off bedroom led,LIGHT_OFF
can you start living room lights for me,LIGHT_ON
could you power off bedroom light,LIGHT_OFF
deactivate bathroom led right now,LIGHT_OFF
can you start hall lamp right now,LIGHT_ON
could you turn on office lamp for me,LIGHT_ON
would you power on living room lamp for me,LIGHT_ON
would you turn on garage light right now,LIGHT_ON
can you turn on hall light right now,LIGHT_ON
hey switch on office led,LIGHT_ON
hey switch on office light for me,LIGHT_ON
can you turn off bedroom lamp please,LIGHT_OFF
would you power on hall light please,LIGHT_ON
could you turn off garage lamp please,LIGHT_OFF
could you switch off kitchen lamp please,LIGHT_OFF
can you activate bathroom lamp,LIGHT_ON
can you deactivate hall led for me,LIGHT_OFF
would you turn off garage led for me,LIGHT_OFF
can you power on office lights for me,LIGHT_ON
could you start bathroom lights for me,LIGHT_ON
would you enable kitchen led please,LIGHT_ON
would you turn on living room led for me,LIGHT_ON
could you deactivate garage lights please,LIGHT_OFF
please turn off kitchen lights right now,LIGHT_OFF
hey stop bedroom led right now,LIGHT_OFF
could you disable led please,LIGHT_OFF
would you power on hall lights,LIGHT_ON
could you activate living room led for me,LIGHT_ON
could you enable hall lights right now,LIGHT_ON
hey turn off light right now,LIGHT_OFF
could you switch on garage led for me,LIGHT_ON
enable living room lights for me,LIGHT_ON
could you disable bathroom led for me,LIGHT_OFF
hey deactivate lamp for me,LIGHT_OFF
would you enable office light for me,LIGHT_ON
please turn off hall lights,LIGHT_OFF
please power off garage light,LIGHT_OFF
can you switch on living room lamp,LIGHT_ON
please power on bedroom lights please,LIGHT_ON
can you power off bathroom lights for me,LIGHT_OFF
please disable bedroom led right now,LIGHT_OFF
hey turn on garage led right now,LIGHT_ON
hey turn on bathroom led for me,LIGHT_ON
can you enable lamp for me,LIGHT_ON
please turn on bathroom light for me,LIGHT_ON
please enable hall led,LIGHT_ON
would you activate hall lights,LIGHT_ON
hey switch off bathroom lights please,LIGHT_OFF
please turn on bedroom lights for me,LIGHT_ON
hey switch on living room led,LIGHT_ON
hey turn off bathroom lights right now,LIGHT_OFF
please turn on kitchen led for me,LIGHT_ON
please disable garage led please,LIGHT_OFF
turn off hall lights,LIGHT_OFF
hey deactivate hall lights please,LIGHT_OFF
activate bathroom led,LIGHT_ON
could you power on office led please,LIGHT_ON
deactivate bathroom lights please,LIGHT_OFF
could you deactivate bedroom lights right now,LIGHT_OFF
can you activate light right now,LIGHT_ON
switch on garage led right now,LIGHT_ON
hey power on led please,LIGHT_ON
can you power off office lights right now,LIGHT_OFF
hey activate lamp for me,LIGHT_ON
would you stop garage lights,LIGHT_OFF
could you power off living room lights for me,LIGHT_OFF
could you switch off living room light,LIGHT_OFF
hey power off hall light,LIGHT_OFF
please turn off office led please,LIGHT_OFF
stop garage lamp,LIGHT_OFF
can you disable bedroom lamp,LIGHT_OFF
can you switch off bedroom lamp right now,LIGHT_OFF
hey enable garage light for me,LIGHT_ON
can you start kitchen lamp please,LIGHT_ON
hey power off living room light right now,LIGHT_OFF
can you switch on hall light please,LIGHT_ON
could you disable bathroom lamp right now,LIGHT_OFF
please deactivate bathroom lamp,LIGHT_OFF
hey turn on bedroom light for me,LIGHT_ON
power off living room lights for me,LIGHT_OFF
power off office led please,LIGHT_OFF
please switch on hall lamp right now,LIGHT_ON
would you deactivate garage lamp please,LIGHT_OFF
can you stop hall lights for me,LIGHT_OFF
turn on lights please,LIGHT_ON
could you power off living room led for me,LIGHT_OFF
can you disable kitchen lights,LIGHT_OFF
could you deactivate garage led for me,LIGHT_OFF
disable bathroom lamp for me,LIGHT_OFF
could you switch on office light,LIGHT_ON
deactivate living room lamp please,LIGHT_OFF
can you start lights please,LIGHT_ON
switch on garage light please,LIGHT_ON
can you switch on lamp,LIGHT_ON
would you activate office lamp please,LIGHT_ON
please switch off lights,LIGHT_OFF
please switch off bathroom lights for me,LIGHT_OFF
switch off kitchen lamp for me,LIGHT_OFF
would you switch off lamp please,LIGHT_OFF
please disable garage light,LIGHT_OFF
can you switch off garage lamp,LIGHT_OFF
would you start bedroom led,LIGHT_ON
turn off living room led right now,LIGHT_OFF
turn on office light for me,LIGHT_ON
could you switch off bathroom light,LIGHT_OFF
would you switch off bedroom lamp right now,LIGHT_OFF
can you start garage lamp for me,LIGHT_ON
can you stop garage light right now,LIGHT_OFF
can you deactivate living room led for me,LIGHT_OFF
could you switch on garage lights please,LIGHT_ON
can you stop bedroom led please,LIGHT_OFF
can you power off bathroom led for me,LIGHT_OFF
power on hall lights for me,LIGHT_ON
power off kitchen lamp for me,LIGHT_OFF
deactivate office lamp right now,LIGHT_OFF
please disable living room light right now,LIGHT_OFF
could you deactivate bedroom light for me,LIGHT_OFF
would you switch off hall led right now,LIGHT_OFF
can you switch on bathroom light please,LIGHT_ON
activate lamp for me,LIGHT_ON
would you power off bathroom light for me,LIGHT_OFF
power on garage led for me,LIGHT_ON
switch on office lamp,LIGHT_ON
please stop hall lamp for me,LIGHT_OFF
please power on office led for me,LIGHT_ON
tell me a joke,UNKNOWN
could you activate bedroom lights for me,LIGHT_ON
hey power on bedroom lights,LIGHT_ON
hey deactivate bathroom lamp please,LIGHT_OFF
can you activate kitchen lamp right now,LIGHT_ON
would you start living room lights please,LIGHT_ON
can you deactivate hall lights for me,LIGHT_OFF
would you turn off living room light,LIGHT_OFF
could you enable hall lights,LIGHT_ON
activate office light,LIGHT_ON
hey enable hall lights right now,LIGHT_ON
hey power off bathroom lamp right now,LIGHT_OFF
could you turn off hall lights for me,LIGHT_OFF
can you turn off bedroom lamp,LIGHT_OFF
disable bathroom lamp,LIGHT_OFF
can you enable garage light,LIGHT_ON
would you power on office led right now,LIGHT_ON
could you stop hall led right now,LIGHT_OFF
hey activate bedroom led please,LIGHT_ON
hey enable kitchen light right now,LIGHT_ON
would you activate living room lights,LIGHT_ON
could you turn off kitchen lights,LIGHT_OFF
hey switch on bathroom lamp please,LIGHT_ON
switch on office led right now,LIGHT_ON
hey turn off living room light for me,LIGHT_OFF
hey stop light,LIGHT_OFF
please power off bathroom lamp,LIGHT_OFF
please disable led,LIGHT_OFF
would you disable hall light right now,LIGHT_OFF
please disable kitchen light for me,LIGHT_OFF
could you power off living room led,LIGHT_OFF
hey disable garage lights please,LIGHT_OFF
please stop office lamp right now,LIGHT_OFF
can you stop bedroom lamp right now,LIGHT_OFF
please start bedroom led please,LIGHT_ON
can you turn on bathroom lamp right now,LIGHT_ON
enable bedroom led for me,LIGHT_ON
turn off garage lights right now,LIGHT_OFF
start lights please,LIGHT_ON
would you deactivate bedroom light for me,LIGHT_OFF
would you stop kitchen light,LIGHT_OFF
can you disable living room light for me,LIGHT_OFF
hey turn off bedroom light right now,LIGHT_OFF
please power on kitchen lamp for me,LIGHT_ON
please power on bathroom lights right now,LIGHT_ON
please turn on bedroom lamp right now,LIGHT_ON
can you power off living room led,LIGHT_OFF
can you turn on kitchen lights please,LIGHT_ON
could you turn off garage lamp for me,LIGHT_OFF
please disable kitchen led right now,LIGHT_OFF
can you stop bedroom lights please,LIGHT_OFF
can you switch on led right now,LIGHT_ON
would you power off office light please,LIGHT_OFF
what is the weather,UNKNOWN
could you start office led please,LIGHT_ON
would you switch on kitchen lights right now,LIGHT_ON
activate hall lights please,LIGHT_ON
please hi,UNKNOWN
hey start hall lamp for me,LIGHT_ON
set alarm please,UNKNOWN
would you activate kitchen light,LIGHT_ON
please enable garage lights,LIGHT_ON
can you activate bedroom light for me,LIGHT_ON
can you stop light for me,LIGHT_OFF
could you switch on kitchen light right now,LIGHT_ON
could you power on bedroom lights right now,LIGHT_ON
hey turn on light for me,LIGHT_ON
please switch off kitchen lamp please,LIGHT_OFF
can you disable bathroom lights right now,LIGHT_OFF
please deactivate bathroom light,LIGHT_OFF
please turn off garage lights,LIGHT_OFF
would you power off bathroom light please,LIGHT_OFF
please switch on kitchen led,LIGHT_ON
hey stop kitchen lights please,LIGHT_OFF
would you start bedroom lamp please,LIGHT_ON
would you switch off hall led please,LIGHT_OFF
please start led,LIGHT_ON
turn off kitchen lights please,LIGHT_OFF
disable living room light,LIGHT_OFF
can you stop bathroom lights for me,LIGHT_OFF
would you power off lights,LIGHT_OFF
could you power on kitchen lights right now,LIGHT_ON
could you enable bedroom led right now,LIGHT_ON
could you turn off office light for me,LIGHT_OFF
power on office lamp,LIGHT_ON
would you turn on hall light,LIGHT_ON
would you turn on hall led,LIGHT_ON
could you disable kitchen lamp please,LIGHT_OFF
please start garage lamp right now,LIGHT_ON
please switch on hall lights,LIGHT_ON
can you power off garage light for me,LIGHT_OFF
power off bedroom light,LIGHT_OFF
could you stop hall light for me,LIGHT_OFF
can you power off lights right now,LIGHT_OFF
could you enable light for me,LIGHT_ON
please turn on hall led right now,LIGHT_ON
could you power off bathroom lamp please,LIGHT_OFF
could you enable lights please,LIGHT_ON
hey turn off lamp please,LIGHT_OFF
turn off living room lamp,LIGHT_OFF
power off living room lights please,LIGHT_OFF
hey turn off office lights for me,LIGHT_OFF
can you turn on garage led for me,LIGHT_ON
please switch off kitchen lights for me,LIGHT_OFF
would you power off lamp right now,LIGHT_OFF
could you start living room light for me,LIGHT_ON
please start kitchen lamp for me,LIGHT_ON
please switch off office light,LIGHT_OFF
can you switch off bedroom led,LIGHT_OFF
hey power on hall lights please,LIGHT_ON
disable hall lights right now,LIGHT_OFF
activate bathroom lights right now,LIGHT_ON
could you power off bathroom led right now,LIGHT_OFF
would you power off hall lamp for me,LIGHT_OFF
please turn on bedroom light right now,LIGHT_ON
can you start living room lights right now,LIGHT_ON
please activate office light please,LIGHT_ON
please power off kitchen lights for me,LIGHT_OFF
enable led right now,LIGHT_ON
power off garage led for me,LIGHT_OFF
hey power on hall lamp please,LIGHT_ON
hey power on bathroom led please,LIGHT_ON
can you switch off living room led please,LIGHT_OFF
would you power off living room light,LIGHT_OFF
please deactivate hall led right now,LIGHT_OFF
would you deactivate led for me,LIGHT_OFF
disable bedroom light for me,LIGHT_OFF
please good night,UNKNOWN
please turn on hall light right now,LIGHT_ON
hey power on garage light right now,LIGHT_ON
would you start hall led for me,LIGHT_ON
please power off living room light,LIGHT_OFF
could you power off bathroom led for me,LIGHT_OFF
would you disable lights for me,LIGHT_OFF
would you start kitchen led right now,LIGHT_ON
hey stop office led please,LIGHT_OFF
hey power on hall led,LIGHT_ON
hey switch on garage led for me,LIGHT_ON
could you power on bathroom lamp for me,LIGHT_ON
enable kitchen led,LIGHT_ON
would you switch on garage lights,LIGHT_ON
could you activate bathroom lamp please,LIGHT_ON
switch off living room light for me,LIGHT_OFF
enable hall light right now,LIGHT_ON
enable lamp right now,LIGHT_ON
please enable bathroom led,LIGHT_ON
could you start bedroom lamp for me,LIGHT_ON
could you enable led,LIGHT_ON
can you activate garage lamp please,LIGHT_ON
could you enable hall light,LIGHT_ON
hey switch on kitchen lights right now,LIGHT_ON
please lock the door,UNKNOWN
could you turn off lights please,LIGHT_OFF
enable living room lights please,LIGHT_ON
please deactivate led please,LIGHT_OFF
would you stop bedroom lamp for me,LIGHT_OFF
could you turn on bedroom lamp please,LIGHT_ON
could you enable hall lights for me,LIGHT_ON
please power on lights for me,LIGHT_ON
would you deactivate lamp please,LIGHT_OFF
hey switch off lights,LIGHT_OFF
could you start living room lights right now,LIGHT_ON
could you switch off office light right now,LIGHT_OFF
can you switch on office lights please,LIGHT_ON
hey enable light right now,LIGHT_ON
would you activate bedroom led right now,LIGHT_ON
turn on bedroom led for me,LIGHT_ON
enable bedroom lights right now,LIGHT_ON
hey enable kitchen light for me,LIGHT_ON
switch on kitchen lamp right now,LIGHT_ON
can you stop kitchen lamp,LIGHT_OFF
hey disable lights right now,LIGHT_OFF
could you power on bathroom light right now,LIGHT_ON
would you turn off garage lamp right now,LIGHT_OFF
hey enable kitchen lamp for me,LIGHT_ON
can you power on kitchen lamp for me,LIGHT_ON
turn off kitchen lamp please,LIGHT_OFF
switch off bathroom led for me,LIGHT_OFF
please deactivate bedroom led right now,LIGHT_OFF
hey switch on bedroom lights for me,LIGHT_ON
could you switch off bathroom light please,LIGHT_OFF
would you power on garage lights right now,LIGHT_ON
would you disable living room lights for me,LIGHT_OFF
hey start light right now,LIGHT_ON
can you disable kitchen light for me,LIGHT_OFF
deactivate kitchen light for me,LIGHT_OFF
can you power off office light please,LIGHT_OFF
could you deactivate bathroom light,LIGHT_OFF
can you turn on office led for me,LIGHT_ON
would you disable living room lights please,LIGHT_OFF
could you activate bathroom light for me,LIGHT_ON
hey start kitchen lights right now,LIGHT_ON
would you switch off office light right now,LIGHT_OFF
activate garage led for me,LIGHT_ON
enable garage light,LIGHT_ON
please activate bedroom led,LIGHT_ON
please activate office lamp,LIGHT_ON
could you power off garage light right now,LIGHT_OFF
can you enable garage lights,LIGHT_ON
could you turn on living room lights please,LIGHT_ON
please switch on bathroom lights for me,LIGHT_ON
would you power off bedroom lamp please,LIGHT_OFF
can you deactivate office led,LIGHT_OFF
could you switch on bedroom led for me,LIGHT_ON
hey disable office led for me,LIGHT_OFF
would you start office lamp please,LIGHT_ON
power off kitchen light right now,LIGHT_OFF
would you activate light right now,LIGHT_ON
can you turn off bathroom led please,LIGHT_OFF
would you turn off bathroom lamp please,LIGHT_OFF
please deactivate bedroom lights,LIGHT_OFF
could you power on bathroom led please,LIGHT_ON
would you disable bathroom lamp please,LIGHT_OFF
could you turn on bathroom led,LIGHT_ON
hey deactivate kitchen led please,LIGHT_OFF
please turn on garage lamp please,LIGHT_ON
hey deactivate lamp,LIGHT_OFF
disable lights please,LIGHT_OFF
could you power off bathroom light for me,LIGHT_OFF
start lamp,LIGHT_ON
can you turn off bathroom lights,LIGHT_OFF
would you switch on garage led right now,LIGHT_ON
can you start garage lights,LIGHT_ON
please stop kitchen lights for me,LIGHT_OFF
please start garage led for me,LIGHT_ON
deactivate kitchen light right now,LIGHT_OFF
would you disable kitchen lamp for me,LIGHT_OFF
hey power off lamp for me,LIGHT_OFF
can you turn on bathroom led right now,LIGHT_ON
can you start hall led,LIGHT_ON
please stop bedroom lights right now,LIGHT_OFF
can you power off living room lamp please,LIGHT_OFF
can you disable office lights,LIGHT_OFF
hey power off lights right now,LIGHT_OFF
hey start bedroom led please,LIGHT_ON
please activate office lamp for me,LIGHT_ON
please start garage light,LIGHT_ON
disable lights,LIGHT_OFF
activate hall lights for me,LIGHT_ON
can you enable hall lights please,LIGHT_ON
would you switch on office light please,LIGHT_ON
could you power on bathroom lamp please,LIGHT_ON
start bedroom light right now,LIGHT_ON
turn off bedroom lamp please,LIGHT_OFF
can you power on garage led,LIGHT_ON
could you turn on office led for me,LIGHT_ON
power on office lamp for me,LIGHT_ON
please power off lights right now,LIGHT_OFF
would you disable lamp right now,LIGHT_OFF
could you start bedroom lights please,LIGHT_ON
please deactivate kitchen lamp please,LIGHT_OFF
hey power off office lights,LIGHT_OFF
please switch on office lights for me,LIGHT_ON
can you start garage lights for me,LIGHT_ON
hey power off bedroom lamp please,LIGHT_OFF
hey switch off bedroom lights,LIGHT_OFF
switch on kitchen lights,LIGHT_ON
please enable bedroom led please,LIGHT_ON
could you power off office light for me,LIGHT_OFF
would you activate kitchen lamp right now,LIGHT_ON
can you power on office led right now,LIGHT_ON
deactivate office light,LIGHT_OFF
can you deactivate garage led for me,LIGHT_OFF
could you disable living room lights please,LIGHT_OFF
can you turn on office led right now,LIGHT_ON
hey activate office lights for me,LIGHT_ON
could you turn off garage light right now,LIGHT_OFF
hey turn on hall lights please,LIGHT_ON
switch off bedroom led please,LIGHT_OFF
would you power on office light,LIGHT_ON
can you switch off bedroom lights,LIGHT_OFF
turn on bedroom lights,LIGHT_ON
would you start living room lights for me,LIGHT_ON
could you power on living room led right now,LIGHT_ON
would you disable kitchen light right now,LIGHT_OFF
disable hall led,LIGHT_OFF
hey switch off garage lamp please,LIGHT_OFF
please start living room lamp right now,LIGHT_ON
can you switch off led for me,LIGHT_OFF
could you stop bedroom light for me,LIGHT_OFF
switch off hall lamp for me,LIGHT_OFF
turn off office lights,LIGHT_OFF
switch on bathroom light please,LIGHT_ON
please switch on hall led,LIGHT_ON
hey activate garage lights for me,LIGHT_ON
would you turn on hall lamp for me,LIGHT_ON
enable led for me,LIGHT_ON
deactivate living room led please,LIGHT_OFF
disable garage lamp right now,LIGHT_OFF
could you activate garage led right now,LIGHT_ON
can you deactivate kitchen light please,LIGHT_OFF
disable living room light please,LIGHT_OFF
would you turn on bedroom lamp right now,LIGHT_ON
could you stop garage led,LIGHT_OFF
can you start bathroom lights right now,LIGHT_ON
would you disable bedroom led please,LIGHT_OFF
can you enable office lights right now,LIGHT_ON
please power on living room led right now,LIGHT_ON
can you stop kitchen lights for me,LIGHT_OFF
please switch off lamp for me,LIGHT_OFF
would you activate hall led,LIGHT_ON
can you deactivate garage lights please,LIGHT_OFF
can you power off bedroom lamp please,LIGHT_OFF
could you power on garage led for me,LIGHT_ON
could you power off kitchen led please,LIGHT_OFF
disable garage light right now,LIGHT_OFF
hey enable light for me,LIGHT_ON
could you deactivate led please,LIGHT_OFF
hey enable lights for me,LIGHT_ON
could you start lamp right now,LIGHT_ON
switch off living room lamp for me,LIGHT_OFF
stop bathroom lamp,LIGHT_OFF
hey stop kitchen led,LIGHT_OFF
please stop office lights please,LIGHT_OFF
could you activate garage light for me,LIGHT_ON
could you power off bedroom lamp right now,LIGHT_OFF
hey stop kitchen led for me,LIGHT_OFF
can you activate bathroom lights,LIGHT_ON
can you turn on kitchen led,LIGHT_ON
hey power on kitchen light for me,LIGHT_ON
would you stop living room led,LIGHT_OFF
can you enable living room led,LIGHT_ON
turn on kitchen lights please,LIGHT_ON
please power off kitchen led please,LIGHT_OFF
would you power on kitchen led please,LIGHT_ON
could you stop living room lamp for me,LIGHT_OFF
could you disable living room light,LIGHT_OFF
please turn on kitchen lamp right now,LIGHT_ON
start living room led please,LIGHT_ON
would you deactivate bathroom led,LIGHT_OFF
hey power off living room lights,LIGHT_OFF
would you start garage light,LIGHT_ON
hey stop bathroom lights,LIGHT_OFF
please power on hall lamp please,LIGHT_ON
would you start kitchen lights,LIGHT_ON
hey deactivate garage lights for me,LIGHT_OFF
turn on hall light right now,LIGHT_ON
please activate kitchen lamp for me,LIGHT_ON
can you enable garage lamp right now,LIGHT_ON
could you enable bathroom lights for me,LIGHT_ON
switch on living room light for me,LIGHT_ON
please switch off living room lights right now,LIGHT_OFF
deactivate garage led right now,LIGHT_OFF
please deactivate bedroom lights right now,LIGHT_OFF
could you switch off hall light,LIGHT_OFF
disable garage lights,LIGHT_OFF
could you switch off office led,LIGHT_OFF
can you switch off living room led,LIGHT_OFF
turn off office light,LIGHT_OFF
can you disable office lamp please,LIGHT_OFF
would you enable living room light for me,LIGHT_ON
switch on office light please,LIGHT_ON
would you disable garage lamp for me,LIGHT_OFF
could you switch on hall lamp right now,LIGHT_ON
can you turn on lamp,LIGHT_ON
hey disable living room lamp,LIGHT_OFF
can you deactivate kitchen led please,LIGHT_OFF
hey activate kitchen lights for me,LIGHT_ON
can you power on lamp please,LIGHT_ON
please turn on kitchen lights for me,LIGHT_ON
deactivate bedroom led please,LIGHT_OFF
please switch off living room light,LIGHT_OFF
would you deactivate kitchen led,LIGHT_OFF
please stop led,LIGHT_OFF
deactivate bathroom light for me,LIGHT_OFF
hey switch on bedroom led,LIGHT_ON
could you turn on bedroom led for me,LIGHT_ON
please enable kitchen led,LIGHT_ON
can you power on garage lights for me,LIGHT_ON
would you power off bathroom lamp for me,LIGHT_OFF
can you enable kitchen led for me,LIGHT_ON
can you disable garage lamp,LIGHT_OFF
would you switch on hall led,LIGHT_ON
could you power off office led,LIGHT_OFF
could you activate office lamp,LIGHT_ON
turn on bedroom light for me,LIGHT_ON
hey activate living room led,LIGHT_ON
can you activate bedroom lights,LIGHT_ON
would you switch on hall lamp for me,LIGHT_ON
please power on bedroom led,LIGHT_ON
hey turn off hall lights please,LIGHT_OFF
hey deactivate living room light,LIGHT_OFF
could you start kitchen lights please,LIGHT_ON
would you power on bathroom led,LIGHT_ON
start hall lamp right now,LIGHT_ON
could you activate garage lamp for me,LIGHT_ON
hey switch off bedroom lamp please,LIGHT_OFF
deactivate lamp,LIGHT_OFF
could you start lights please,LIGHT_ON
hey activate hall lights right now,LIGHT_ON
please disable garage lights please,LIGHT_OFF
can you switch off kitchen lights,LIGHT_OFF
please stop living room light right now,LIGHT_OFF
can you power off office lamp for me,LIGHT_OFF
please turn off lights right now,LIGHT_OFF
hey power on hall light please,LIGHT_ON
activate kitchen lights for me,LIGHT_ON
stop living room led for me,LIGHT_OFF
hey switch off office lights please,LIGHT_OFF
please stop kitchen lamp please,LIGHT_OFF
can you turn off living room lights please,LIGHT_OFF
power off kitchen led for me,LIGHT_OFF
please power on lights,LIGHT_ON
abcdef,UNKNOWN
would you disable office led please,LIGHT_OFF
hey disable lights,LIGHT_OFF
turn on office led,LIGHT_ON
please turn off lamp right now,LIGHT_OFF
could you switch off kitchen light please,LIGHT_OFF
could you start kitchen light please,LIGHT_ON
enable bedroom light,LIGHT_ON
hey deactivate hall light for me,LIGHT_OFF
please turn off living room lights,LIGHT_OFF
would you turn off garage light right now,LIGHT_OFF
can you power on kitchen light,LIGHT_ON
would you deactivate living room led right now,LIGHT_OFF
power on garage lamp right now,LIGHT_ON
could you start led right now,LIGHT_ON
turn on living room lamp right now,LIGHT_ON
can you disable hall light,LIGHT_OFF
please start bedroom light please,LIGHT_ON
can you stop hall lamp right now,LIGHT_OFF
please enable led for me,LIGHT_ON
can you deactivate bedroom lamp for me,LIGHT_OFF
would you enable kitchen lights please,LIGHT_ON
switch off bathroom light,LIGHT_OFF
can you turn on living room led,LIGHT_ON
please turn off hall lights right now,LIGHT_OFF
can you start office lights please,LIGHT_ON
could you activate bedroom lights please,LIGHT_ON
enable living room light please,LIGHT_ON
would you turn off bathroom lamp right now,LIGHT_OFF
please power on office led,LIGHT_ON
could you turn on kitchen light right now,LIGHT_ON
turn on hall lamp for me,LIGHT_ON
hey activate bathroom light right now,LIGHT_ON
would you enable office lights please,LIGHT_ON
would you switch on office led right now,LIGHT_ON
can you power on garage lights,LIGHT_ON
can you activate light please,LIGHT_ON
can you power off lights please,LIGHT_OFF
please turn off hall light for me,LIGHT_OFF
turn on bedroom led,LIGHT_ON
switch off bedroom lamp right now,LIGHT_OFF
please deactivate bathroom led,LIGHT_OFF
can you power on office light right now,LIGHT_ON
please enable lights right now,LIGHT_ON
could you start hall lamp right now,LIGHT_ON
please activate living room light,LIGHT_ON
start office light right now,LIGHT_ON
would you start garage led right now,LIGHT_ON
hey deactivate bathroom light,LIGHT_OFF
can you start garage lamp please,LIGHT_ON
could you start garage light,LIGHT_ON
enable bedroom led right now,LIGHT_ON
please stop living room lights for me,LIGHT_OFF
please power on hall lamp,LIGHT_ON
please turn off living room lamp,LIGHT_OFF
power on bedroom lights,LIGHT_ON
please power off kitchen light for me,LIGHT_OFF
switch off garage led,LIGHT_OFF
can you activate office led for me,LIGHT_ON
would you power off kitchen light for me,LIGHT_OFF
please play music,UNKNOWN
could you activate living room lights right now,LIGHT_ON
switch off garage light,LIGHT_OFF
please turn on garage light right now,LIGHT_ON
could you stop office lamp please,LIGHT_OFF
could you deactivate office lights for me,LIGHT_OFF
please enable garage led for me,LIGHT_ON
hey deactivate garage led,LIGHT_OFF
stop living room light right now,LIGHT_OFF
activate hall lamp for me,LIGHT_ON
please turn on living room lights,LIGHT_ON
switch on bedroom lights right now,LIGHT_ON
hey stop lamp please,LIGHT_OFF
can you deactivate kitchen lights right now,LIGHT_OFF
can you activate lights,LIGHT_ON
could you disable kitchen light please,LIGHT_OFF
can you switch off bedroom lamp,LIGHT_OFF
please stop hall led please,LIGHT_OFF
would you switch on bedroom led right now,LIGHT_ON
power on kitchen light please,LIGHT_ON
can you activate led,LIGHT_ON
could you power on office lamp right now,LIGHT_ON
would you stop living room lights please,LIGHT_OFF
could you switch off hall lamp,LIGHT_OFF
would you disable garage led right now,LIGHT_OFF
hey disable living room led,LIGHT_OFF
can you power off kitchen lights,LIGHT_OFF
would you power on bathroom light for me,LIGHT_ON
turn on garage light right now,LIGHT_ON
would you start lamp please,LIGHT_ON
please start garage led right now,LIGHT_ON
can you activate lights please,LIGHT_ON
could you power off garage lamp please,LIGHT_OFF
please enable office led right now,LIGHT_ON
can you stop living room lights please,LIGHT_OFF
hey power on kitchen led please,LIGHT_ON
could you switch off office led for me,LIGHT_OFF
would you turn on led,LIGHT_ON
would you power off kitchen led,LIGHT_OFF
could you disable hall light,LIGHT_OFF
hey power on bathroom light for me,LIGHT_ON
please switch on garage led right now,LIGHT_ON
turn on lights right now,LIGHT_ON
would you power off bedroom light for me,LIGHT_OFF
can you power off hall lamp for me,LIGHT_OFF
would you power on hall lamp,LIGHT_ON
please stop office lights,LIGHT_OFF
would you activate bedroom lights,LIGHT_ON
hey disable bathroom lamp right now,LIGHT_OFF
hey turn on bedroom lights please,LIGHT_ON
can you turn off kitchen light please,LIGHT_OFF
please power on bathroom light for me,LIGHT_ON
can you stop office light please,LIGHT_OFF
would you deactivate led,LIGHT_OFF
can you deactivate garage light for me,LIGHT_OFF
hey stop bathroom lights for me,LIGHT_OFF
could you start bathroom led please,LIGHT_ON
can you start light please,LIGHT_ON
can you switch off garage light please,LIGHT_OFF
would you deactivate hall lamp right now,LIGHT_OFF
would you power on hall light right now,LIGHT_ON
would you stop living room light right now,LIGHT_OFF
hey turn off bathroom light for me,LIGHT_OFF
please switch on office led,LIGHT_ON
could you power on kitchen light for me,LIGHT_ON
activate living room light please,LIGHT_ON
please power on garage lights right now,LIGHT_ON
can you switch on bathroom led right now,LIGHT_ON
please start lights for me,LIGHT_ON
hey enable bathroom lights please,LIGHT_ON
could you turn off office lights for me,LIGHT_OFF
switch on bathroom light for me,LIGHT_ON
hey turn off lamp,LIGHT_OFF
please power off hall light please,LIGHT_OFF
hey power on kitchen lights for me,LIGHT_ON
please switch off bedroom lights please,LIGHT_OFF
please activate garage light please,LIGHT_ON
could you switch on hall lights right now,LIGHT_ON
can you switch off office light right now,LIGHT_OFF
please turn off kitchen lamp,LIGHT_OFF
would you deactivate kitchen lamp for me,LIGHT_OFF
would you turn on bathroom lamp right now,LIGHT_ON
can you start bathroom light for me,LIGHT_ON
would you turn on garage lights right now,LIGHT_ON
hey enable kitchen light please,LIGHT_ON
hey turn off led right now,LIGHT_OFF
please turn off garage led for me,LIGHT_OFF
please enable living room lamp right now,LIGHT_ON
activate garage led right now,LIGHT_ON
hey switch off lights for me,LIGHT_OFF
please power off bathroom lights please,LIGHT_OFF
power on led for me,LIGHT_ON
turn on garage lamp,LIGHT_ON
please turn off bathroom lights for me,LIGHT_OFF
switch off living room lamp,LIGHT_OFF
power on lights please,LIGHT_ON
power on bathroom led right now,LIGHT_ON
start bedroom lights right now,LIGHT_ON
could you power off lights please,LIGHT_OFF
would you switch off bathroom lights for me,LIGHT_OFF
hey deactivate lights right now,LIGHT_OFF
would you enable hall lights for me,LIGHT_ON
can you power off garage light,LIGHT_OFF
can you switch on light,LIGHT_ON
please start bedroom light right now,LIGHT_ON
would you enable hall lamp please,LIGHT_ON
can you turn off garage light right now,LIGHT_OFF
please stop bathroom lights,LIGHT_OFF
start hall light for me,LIGHT_ON
could you enable hall light for me,LIGHT_ON
please power off garage led right now,LIGHT_OFF
could you stop bathroom light please,LIGHT_OFF
hey switch on garage led,LIGHT_ON
turn on living room light,LIGHT_ON
please deactivate office lamp please,LIGHT_OFF
deactivate bedroom light please,LIGHT_OFF
can you switch on living room lights,LIGHT_ON
hey power off office led,LIGHT_OFF
hey turn on kitchen lights right now,LIGHT_ON
power off kitchen lights right now,LIGHT_OFF
would you switch off office lights,LIGHT_OFF
hey enable bedroom lamp for me,LIGHT_ON
please disable bathroom lights,LIGHT_OFF
would you power on living room led for me,LIGHT_ON
deactivate kitchen light please,LIGHT_OFF
hey power off living room lights for me,LIGHT_OFF
hey start kitchen lamp,LIGHT_ON
can you switch off living room lamp right now,LIGHT_OFF
hey enable garage led,LIGHT_ON
could you deactivate garage led,LIGHT_OFF
could you switch on led right now,LIGHT_ON
please stop bathroom lights right now,LIGHT_OFF
turn on living room light right now,LIGHT_ON
could you activate hall lamp,LIGHT_ON
can you activate bedroom led please,LIGHT_ON
switch off bathroom lamp please,LIGHT_OFF
could you switch on bathroom lamp,LIGHT_ON
could you power off office lamp for me,LIGHT_OFF
could you turn off bedroom lights for me,LIGHT_OFF
would you start office lights for me,LIGHT_ON
can you power on lights,LIGHT_ON
could you disable kitchen lamp for me,LIGHT_OFF
can you power on office light please,LIGHT_ON
would you deactivate bedroom led please,LIGHT_OFF
please activate garage light right now,LIGHT_ON
could you disable kitchen light for me,LIGHT_OFF
please turn off kitchen led,LIGHT_OFF
could you disable hall lights for me,LIGHT_OFF
can you turn on bedroom lights right now,LIGHT_ON
hey turn on garage light,LIGHT_ON
would you switch on light,LIGHT_ON
switch off bathroom lamp,LIGHT_OFF
please disable living room led right now,LIGHT_OFF
switch off kitchen lights right now,LIGHT_OFF
please disable lamp for me,LIGHT_OFF
could you power off bedroom light for me,LIGHT_OFF
please deactivate living room lights for me,LIGHT_OFF
hey turn off living room light please,LIGHT_OFF
hey disable bedroom lights for me,LIGHT_OFF
can you activate garage light right now,LIGHT_ON
could you start bedroom light please,LIGHT_ON
stop bathroom led,LIGHT_OFF
hey stop kitchen light please,LIGHT_OFF
hey switch on office lamp for me,LIGHT_ON
can you activate living room lights please,LIGHT_ON
hey enable bedroom lights right now,LIGHT_ON
switch on office led please,LIGHT_ON
please switch on garage light for me,LIGHT_ON
would you start kitchen led,LIGHT_ON
switch off led please,LIGHT_OFF
could you disable living room led right now,LIGHT_OFF
could you stop lamp right now,LIGHT_OFF
can you stop living room light please,LIGHT_OFF
hey power on kitchen led right now,LIGHT_ON
could you turn off garage lamp,LIGHT_OFF
enable lamp for me,LIGHT_ON
turn off kitchen led for me,LIGHT_OFF
can you activate garage light,LIGHT_ON
hey disable led,LIGHT_OFF
activate hall led please,LIGHT_ON
can you power on bedroom lamp please,LIGHT_ON
stop garage lights for me,LIGHT_OFF
could you deactivate bathroom led for me,LIGHT_OFF
would you turn off office light right now,LIGHT_OFF
could you stop living room lights,LIGHT_OFF
hey stop hall lights please,LIGHT_OFF
could you turn on bathroom led for me,LIGHT_ON
can you switch off garage light right now,LIGHT_OFF
would you enable light,LIGHT_ON
can you enable office lamp,LIGHT_ON
hey activate living room light please,LIGHT_ON
turn on light right now,LIGHT_ON
can you enable living room lights for me,LIGHT_ON
could you switch on bathroom lamp for me,LIGHT_ON
can you enable bathroom light right now,LIGHT_ON
would you start kitchen light,LIGHT_ON
hey disable kitchen lamp please,LIGHT_OFF
would you enable living room light,LIGHT_ON
power on lamp please,LIGHT_ON
could you deactivate bathroom lamp,LIGHT_OFF
please stop bedroom led right now,LIGHT_OFF
can you turn on hall led,LIGHT_ON
please power off living room lights please,LIGHT_OFF
please activate bedroom lamp,LIGHT_ON
stop living room led right now,LIGHT_OFF
switch off hall light for me,LIGHT_OFF
hey activate bathroom light for me,LIGHT_ON
please switch on office led please,LIGHT_ON
can you turn off bathroom light please,LIGHT_OFF
hey switch off bathroom lamp,LIGHT_OFF
disable kitchen lamp please,LIGHT_OFF
would you activate light please,LIGHT_ON
can you switch on light please,LIGHT_ON
could you enable garage led for me,LIGHT_ON
hey power off led,LIGHT_OFF
stop bathroom light right now,LIGHT_OFF
would you stop bedroom lights for me,LIGHT_OFF
can you enable bathroom led please,LIGHT_ON
can you power off office lights for me,LIGHT_OFF
could you activate hall light right now,LIGHT_ON
can you switch off light right now,LIGHT_OFF
hey turn off light please,LIGHT_OFF
can you deactivate kitchen led,LIGHT_OFF
would you power off bathroom lights please,LIGHT_OFF
would you power on bathroom light right now,LIGHT_ON
please start kitchen led for me,LIGHT_ON
can you enable light for me,LIGHT_ON
could you power on garage led right now,LIGHT_ON
could you turn on led for me,LIGHT_ON
hey switch on light right now,LIGHT_ON
could you deactivate garage lamp,LIGHT_OFF
stop bathroom lamp for me,LIGHT_OFF
hey power on kitchen lights please,LIGHT_ON
would you disable led please,LIGHT_OFF
would you stop bathroom lamp,LIGHT_OFF
could you power on living room lights for me,LIGHT_ON
can you deactivate garage led,LIGHT_OFF
please switch off office lamp,LIGHT_OFF
can you turn on office lights for me,LIGHT_ON
hey turn off bedroom light please,LIGHT_OFF
could you enable hall led,LIGHT_ON
hey stop garage lamp for me,LIGHT_OFF
would you power off office light right now,LIGHT_OFF
could you disable living room light right now,LIGHT_OFF
could you disable bathroom light,LIGHT_OFF
please turn on kitchen lamp,LIGHT_ON
please power on garage light for me,LIGHT_ON
please stop lamp,LIGHT_OFF
hey disable bedroom led for me,LIGHT_OFF
hey power on bathroom lights please,LIGHT_ON
hey power on office lights please,LIGHT_ON
disable office led,LIGHT_OFF
please turn off lamp please,LIGHT_OFF
please enable office lights for me,LIGHT_ON
hey start hall lamp please,LIGHT_ON
can you switch on kitchen lamp right now,LIGHT_ON
please start garage led please,LIGHT_ON
hey switch off bedroom light for me,LIGHT_OFF
stop garage led please,LIGHT_OFF
please turn off lamp,LIGHT_OFF
can you activate office lights for me,LIGHT_ON
can you start office lights for me,LIGHT_ON
would you deactivate bedroom lamp,LIGHT_OFF
can you deactivate bathroom led right now,LIGHT_OFF
can you power on led right now,LIGHT_ON
switch off office lights for me,LIGHT_OFF
can you switch on kitchen lights for me,LIGHT_ON
could you enable led please,LIGHT_ON
could you stop bathroom lamp,LIGHT_OFF
would you activate led right now,LIGHT_ON
power on hall led please,LIGHT_ON
hey disable bathroom lamp,LIGHT_OFF
could you turn on lamp please,LIGHT_ON
would you deactivate bathroom lights,LIGHT_OFF
enable kitchen lamp right now,LIGHT_ON
would you disable bathroom lights,LIGHT_OFF
please switch on kitchen light right now,LIGHT_ON
can you power off led please,LIGHT_OFF
would you turn off bathroom lights right now,LIGHT_OFF
could you power off light for me,LIGHT_OFF
deactivate bathroom light right now,LIGHT_OFF
hey deactivate bathroom lamp for me,LIGHT_OFF
hey switch on lights please,LIGHT_ON
hey switch on garage lamp for me,LIGHT_ON
would you deactivate bedroom lamp for me,LIGHT_OFF
disable living room led for me,LIGHT_OFF
please switch on kitchen led please,LIGHT_ON
hey turn on office light,LIGHT_ON
could you turn off kitchen lamp,LIGHT_OFF
disable office lamp right now,LIGHT_OFF
activate bathroom led right now,LIGHT_ON
please turn on bedroom led,LIGHT_ON
please activate bathroom light right now,LIGHT_ON
hey deactivate living room light for me,LIGHT_OFF
would you deactivate hall light,LIGHT_OFF
switch on office led for me,LIGHT_ON
please switch on office lights right now,LIGHT_ON
turn off office light please,LIGHT_OFF
could you power on bathroom lights,LIGHT_ON
would you enable garage light,LIGHT_ON
hey stop kitchen lamp please,LIGHT_OFF
can you disable kitchen lamp please,LIGHT_OFF
could you power on bathroom light please,LIGHT_ON
can you stop garage lights please,LIGHT_OFF
please start kitchen led please,LIGHT_ON
could you switch off kitchen lights,LIGHT_OFF
would you deactivate living room light for me,LIGHT_OFF
hey stop garage lights,LIGHT_OFF
would you power on hall led right now,LIGHT_ON
can you power on kitchen led please,LIGHT_ON
could you turn off light for me,LIGHT_OFF
please start living room lights please,LIGHT_ON
could you power on led right now,LIGHT_ON
would you enable lights,LIGHT_ON
deactivate garage led please,LIGHT_OFF
stop bathroom lights for me,LIGHT_OFF
hey deactivate bedroom lights please,LIGHT_OFF
deactivate bedroom led,LIGHT_OFF
turn on lamp for me,LIGHT_ON
could you disable bathroom led,LIGHT_OFF
would you start hall lamp right now,LIGHT_ON
would you switch on light for me,LIGHT_ON
hey turn on bathroom lamp for me,LIGHT_ON
could you disable garage led right now,LIGHT_OFF
would you enable bathroom light,LIGHT_ON
hey power on living room lights please,LIGHT_ON
disable kitchen light right now,LIGHT_OFF
can you power on bedroom light please,LIGHT_ON
can you switch on living room lights for me,LIGHT_ON
can you stop kitchen light,LIGHT_OFF
hey disable garage lights for me,LIGHT_OFF
please turn off garage led please,LIGHT_OFF
would you turn on living room lights,LIGHT_ON
could you switch off hall led,LIGHT_OFF
hey power off office light for me,LIGHT_OFF
hey activate office lamp right now,LIGHT_ON
can you power on living room lamp please,LIGHT_ON
would you switch off garage lamp please,LIGHT_OFF
can you turn off hall lights for me,LIGHT_OFF
please switch on office lights,LIGHT_ON
would you enable bedroom led please,LIGHT_ON
power on office led please,LIGHT_ON
switch on bedroom lights please,LIGHT_ON
please enable office light please,LIGHT_ON
would you switch off hall light for me,LIGHT_OFF
would you turn off kitchen lights please,LIGHT_OFF
could you disable bedroom lights right now,LIGHT_OFF
would you switch on bedroom led please,LIGHT_ON
please stop hall light please,LIGHT_OFF
activate bathroom light right now,LIGHT_ON
could you deactivate office light,LIGHT_OFF
activate hall lamp please,LIGHT_ON
would you power on living room light for me,LIGHT_ON
would you power on office lamp,LIGHT_ON
switch on garage light for me,LIGHT_ON
can you turn on garage lights right now,LIGHT_ON
tell me a joke please,UNKNOWN
hey stop living room lamp right now,LIGHT_OFF
please turn off living room lamp right now,LIGHT_OFF
can you turn on kitchen light for me,LIGHT_ON
hey turn on hall lights for me,LIGHT_ON
hey start bathroom lights for me,LIGHT_ON
please disable bathroom lamp please,LIGHT_OFF
switch on light please,LIGHT_ON
hey enable garage led for me,LIGHT_ON
please activate kitchen lamp right now,LIGHT_ON
could you activate office led please,LIGHT_ON
can you switch on living room lamp right now,LIGHT_ON
please enable living room lights right now,LIGHT_ON
deactivate bathroom led,LIGHT_OFF
would you enable living room lights please,LIGHT_ON
please stop garage led,LIGHT_OFF
please stop garage lamp,LIGHT_OFF
can you switch on garage lights right now,LIGHT_ON
would you power off bedroom light please,LIGHT_OFF
can you disable kitchen led right now,LIGHT_OFF
would you turn on kitchen led,LIGHT_ON
switch on light right now,LIGHT_ON
can you enable bedroom lamp for me,LIGHT_ON
hey switch on living room lights please,LIGHT_ON
would you enable hall lamp right now,LIGHT_ON
would you activate bathroom lamp for me,LIGHT_ON
could you deactivate living room lamp for me,LIGHT_OFF
would you start living room lamp for me,LIGHT_ON
hey stop hall led right now,LIGHT_OFF
could you power off lamp please,LIGHT_OFF
can you activate office lamp right now,LIGHT_ON
could you power off garage lights please,LIGHT_OFF
can you power on lamp for me,LIGHT_ON
power off office lamp,LIGHT_OFF
can you stop led please,LIGHT_OFF
please start office lights,LIGHT_ON
would you stop office lights,LIGHT_OFF
can you switch off garage lights for me,LIGHT_OFF
power on bathroom lights,LIGHT_ON
could you switch on bedroom lights for me,LIGHT_ON
please start bedroom light for me,LIGHT_ON
can you stop hall lights right now,LIGHT_OFF
please activate living room lamp please,LIGHT_ON
could you switch off kitchen led,LIGHT_OFF
would you start bathroom lights for me,LIGHT_ON
hey stop kitchen light for me,LIGHT_OFF
could you switch on kitchen lamp for me,LIGHT_ON
would you deactivate kitchen led please,LIGHT_OFF
hey switch off office light right now,LIGHT_OFF
can you turn off kitchen led for me,LIGHT_OFF
disable garage lights for me,LIGHT_OFF
please switch on light,LIGHT_ON
could you deactivate garage lamp right now,LIGHT_OFF
could you enable bathroom lights please,LIGHT_ON
can you start light right now,LIGHT_ON
can you stop office led for me,LIGHT_OFF
can you switch on bedroom led for me,LIGHT_ON
can you turn off hall light please,LIGHT_OFF
hey start office lights please,LIGHT_ON
please power on kitchen light,LIGHT_ON
can you enable kitchen lights for me,LIGHT_ON
could you stop office lights right now,LIGHT_OFF
could you turn on lights please,LIGHT_ON
can you disable garage led please,LIGHT_OFF
would you stop hall light for me,LIGHT_OFF
hey power on light right now,LIGHT_ON
hey enable garage led right now,LIGHT_ON
hey disable kitchen light for me,LIGHT_OFF
could you power on garage led please,LIGHT_ON
please deactivate bedroom lamp,LIGHT_OFF
please deactivate bedroom light please,LIGHT_OFF
hey switch on garage light right now,LIGHT_ON
would you switch on hall lamp,LIGHT_ON
can you start garage led please,LIGHT_ON
can you power on lights please,LIGHT_ON
hey deactivate bathroom lights right now,LIGHT_OFF
turn on light,LIGHT_ON
would you stop kitchen light right now,LIGHT_OFF
would you switch on garage led for me,LIGHT_ON
stop kitchen lamp,LIGHT_OFF
hey power on living room led,LIGHT_ON
disable living room led right now,LIGHT_OFF
hey power off kitchen lamp,LIGHT_OFF
could you switch on office light please,LIGHT_ON
would you deactivate office led right now,LIGHT_OFF
could you switch off office lamp please,LIGHT_OFF
can you power on kitchen lights,LIGHT_ON
would you switch on bedroom lamp right now,LIGHT_ON
enable bathroom light right now,LIGHT_ON
power off light please,LIGHT_OFF
hey start kitchen light please,LIGHT_ON
hey start garage led for me,LIGHT_ON
enable hall led right now,LIGHT_ON
can you deactivate garage lights for me,LIGHT_OFF
could you deactivate garage lights for me,LIGHT_OFF
can you deactivate living room lamp right now,LIGHT_OFF
please enable kitchen lamp please,LIGHT_ON
please activate light right now,LIGHT_ON
can you power on bathroom lights for me,LIGHT_ON
power on office led for me,LIGHT_ON
hey stop office lights,LIGHT_OFF
hey enable living room lights right now,LIGHT_ON
can you power on bathroom light right now,LIGHT_ON
could you disable living room led,LIGHT_OFF
please turn on bathroom lamp please,LIGHT_ON
hey start lamp please,LIGHT_ON
please stop kitchen led,LIGHT_OFF
please disable office led for me,LIGHT_OFF
hey deactivate hall led for me,LIGHT_OFF
hey power off office led right now,LIGHT_OFF
could you switch off hall lights right now,LIGHT_OFF
please power on office light please,LIGHT_ON
hey turn off bathroom lights for me,LIGHT_OFF
please enable garage lights right now,LIGHT_ON
please power on garage led right now,LIGHT_ON
hey switch on bathroom light please,LIGHT_ON
could you disable bathroom led please,LIGHT_OFF
hey turn on bedroom lights for me,LIGHT_ON
hey stop hall lamp for me,LIGHT_OFF
hey turn off kitchen lamp,LIGHT_OFF
hey power off garage lamp please,LIGHT_OFF
please stop living room lights,LIGHT_OFF
could you turn on office lights please,LIGHT_ON
could you switch off kitchen lights please,LIGHT_OFF
power off bedroom led please,LIGHT_OFF
hey stop hall lamp right now,LIGHT_OFF
hey activate bathroom lights please,LIGHT_ON
please switch on kitchen lamp please,LIGHT_ON
please switch off office light please,LIGHT_OFF
hey power off living room lamp please,LIGHT_OFF
could you enable lamp,LIGHT_ON
please power on hall led please,LIGHT_ON
can you turn on living room lamp please,LIGHT_ON
could you turn on hall lamp,LIGHT_ON
please turn off office led,LIGHT_OFF
would you switch on living room light for me,LIGHT_ON
would you turn on garage lights please,LIGHT_ON
can you switch off garage light,LIGHT_OFF
please turn off hall lights for me,LIGHT_OFF
stop light for me,LIGHT_OFF
can you power on living room light,LIGHT_ON
could you power on led please,LIGHT_ON
can you turn on bedroom light for me,LIGHT_ON
could you switch off hall led for me,LIGHT_OFF
power on garage led,LIGHT_ON
would you enable garage light right now,LIGHT_ON
hey turn on kitchen lamp please,LIGHT_ON
please deactivate garage led right now,LIGHT_OFF
please power off living room led for me,LIGHT_OFF
would you enable led right now,LIGHT_ON
can you turn on bathroom light for me,LIGHT_ON
please deactivate living room light please,LIGHT_OFF
hey disable bathroom lights please,LIGHT_OFF
hey activate bathroom led right now,LIGHT_ON
please power off living room lamp please,LIGHT_OFF
hey disable bedroom lights please,LIGHT_OFF
please start kitchen lights right now,LIGHT_ON
deactivate garage lights please,LIGHT_OFF
stop hall led,LIGHT_OFF
would you power off garage light,LIGHT_OFF
hey switch off office light please,LIGHT_OFF
hey turn on led right now,LIGHT_ON
can you deactivate hall led,LIGHT_OFF
stop office light please,LIGHT_OFF
switch off hall lamp please,LIGHT_OFF
please deactivate living room lamp,LIGHT_OFF
hey enable hall light please,LIGHT_ON
could you switch off bedroom lamp please,LIGHT_OFF
can you switch off light please,LIGHT_OFF
hey switch on bathroom lights for me,LIGHT_ON
hey power off garage led please,LIGHT_OFF
hey enable kitchen led right now,LIGHT_ON
can you power off bathroom lamp,LIGHT_OFF
please deactivate kitchen led right now,LIGHT_OFF
hey turn off living room lamp please,LIGHT_OFF
please activate bedroom led for me,LIGHT_ON
could you switch on living room lights for me,LIGHT_ON
please disable hall light for me,LIGHT_OFF
please stop living room led for me,LIGHT_OFF
can you activate living room led right now,LIGHT_ON
disable office lamp please,LIGHT_OFF
could you switch on office lights,LIGHT_ON
could you start hall lights for me,LIGHT_ON
power off kitchen light please,LIGHT_OFF
could you turn on hall led for me,LIGHT_ON
could you turn on living room lights,LIGHT_ON
please turn on living room light,LIGHT_ON
could you switch off kitchen led please,LIGHT_OFF
could you activate lights please,LIGHT_ON
could you activate kitchen light,LIGHT_ON
hey deactivate garage led right now,LIGHT_OFF
hey enable bedroom led for me,LIGHT_ON
please power off hall led for me,LIGHT_OFF
hey power on kitchen lights,LIGHT_ON
please disable living room lamp for me,LIGHT_OFF
would you start bedroom light please,LIGHT_ON
would you turn on hall light please,LIGHT_ON
would you activate kitchen led for me,LIGHT_ON
would you switch off office lights for me,LIGHT_OFF
could you power on bathroom light,LIGHT_ON
deactivate kitchen lights,LIGHT_OFF
could you power on garage lights please,LIGHT_ON
hey switch off bedroom light please,LIGHT_OFF
please enable living room light right now,LIGHT_ON
could you switch off office lights please,LIGHT_OFF
would you start lamp,LIGHT_ON
please enable garage led,LIGHT_ON
enable office led right now,LIGHT_ON
would you turn off office lights for me,LIGHT_OFF
hey disable office led,LIGHT_OFF
can you turn off kitchen lights please,LIGHT_OFF
can you power on hall lamp please,LIGHT_ON
please power on bedroom lights,LIGHT_ON
would you turn on bathroom lights right now,LIGHT_ON
hey enable hall led please,LIGHT_ON
would you activate living room lamp right now,LIGHT_ON
hey activate living room lamp please,LIGHT_ON
please disable office lights right now,LIGHT_OFF
could you power on office light,LIGHT_ON
hey switch on lights right now,LIGHT_ON
hey power off bathroom lights,LIGHT_OFF
please power off living room lights,LIGHT_OFF
hey disable living room light,LIGHT_OFF
would you turn on office light,LIGHT_ON
please enable bedroom lamp right now,LIGHT_ON
can you turn on led please,LIGHT_ON
would you switch on hall lamp please,LIGHT_ON
can you turn off hall light for me,LIGHT_OFF
please power on kitchen lamp please,LIGHT_ON
hey deactivate hall led,LIGHT_OFF
could you enable bathroom led for me,LIGHT_ON
can you switch on bathroom lights for me,LIGHT_ON
please stop bedroom led for me,LIGHT_OFF
can you switch on living room light,LIGHT_ON
can you switch off garage lights,LIGHT_OFF
hey deactivate bathroom led,LIGHT_OFF
can you deactivate bathroom light,LIGHT_OFF
would you start led,LIGHT_ON
could you stop office led please,LIGHT_OFF
please power on living room led,LIGHT_ON
please power off kitchen led,LIGHT_OFF
can you switch on kitchen led please,LIGHT_ON
disable hall lamp,LIGHT_OFF
could you start hall light right now,LIGHT_ON
please turn on kitchen lamp please,LIGHT_ON
hey turn on hall led please,LIGHT_ON
can you stop bathroom led,LIGHT_OFF
hey turn on garage light please,LIGHT_ON
hey turn off kitchen lights please,LIGHT_OFF
hey turn off bathroom led for me,LIGHT_OFF
hey activate light please,LIGHT_ON
hey switch off living room lamp for me,LIGHT_OFF
would you switch on kitchen lamp for me,LIGHT_ON
would you switch off bedroom led for me,LIGHT_OFF
could you power off bedroom led,LIGHT_OFF
power on bedroom lamp,LIGHT_ON
would you power on office led please,LIGHT_ON
hey activate hall lamp for me,LIGHT_ON
start office lamp please,LIGHT_ON
please enable hall light please,LIGHT_ON
could you activate kitchen led for me,LIGHT_ON
hey power on garage light for me,LIGHT_ON
could you switch off office lamp for me,LIGHT_OFF
please disable led please,LIGHT_OFF
could you start garage lights,LIGHT_ON
turn on bathroom lamp for me,LIGHT_ON
would you stop garage led please,LIGHT_OFF
would you deactivate office light for me,LIGHT_OFF
would you turn off office led right now,LIGHT_OFF
could you disable bathroom light for me,LIGHT_OFF
activate bathroom lamp please,LIGHT_ON
hey deactivate garage lamp,LIGHT_OFF
hey power off bedroom light please,LIGHT_OFF
power off hall lamp for me,LIGHT_OFF
disable kitchen led for me,LIGHT_OFF
would you enable kitchen lights right now,LIGHT_ON
would you enable bathroom lamp right now,LIGHT_ON
can you deactivate garage light right now,LIGHT_OFF
please power on kitchen lights please,LIGHT_ON
switch on living room lamp please,LIGHT_ON
could you turn off office led right now,LIGHT_OFF
please abcdef,UNKNOWN
hey power on kitchen lamp right now,LIGHT_ON
would you stop office led right now,LIGHT_OFF
activate office lights please,LIGHT_ON
please activate lamp right now,LIGHT_ON
could you turn off kitchen lamp right now,LIGHT_OFF
can you deactivate bedroom light,LIGHT_OFF
would you turn on bathroom lamp,LIGHT_ON
disable living room light for me,LIGHT_OFF
would you stop bathroom light right now,LIGHT_OFF
disable garage light please,LIGHT_OFF
disable living room lights please,LIGHT_OFF
please switch on bathroom lamp for me,LIGHT_ON
would you power off office lamp right now,LIGHT_OFF
can you switch off hall led,LIGHT_OFF
can you power on office led for me,LIGHT_ON
could you enable bedroom led,LIGHT_ON
hey switch on led right now,LIGHT_ON
can you enable kitchen light,LIGHT_ON
enable office lights right now,LIGHT_ON
please start garage led,LIGHT_ON
could you start bathroom lights please,LIGHT_ON
could you switch on hall lamp please,LIGHT_ON
could you activate kitchen light for me,LIGHT_ON
can you start bedroom lights for me,LIGHT_ON
hey switch on living room lights for me,LIGHT_ON
could you disable garage light right now,LIGHT_OFF
hey switch on living room light,LIGHT_ON
could you enable bathroom lights right now,LIGHT_ON
hey turn on bathroom led right now,LIGHT_ON
deactivate living room light,LIGHT_OFF
could you stop bedroom lamp right now,LIGHT_OFF
could you activate kitchen light please,LIGHT_ON
could you deactivate bathroom lights for me,LIGHT_OFF
turn off garage led,LIGHT_OFF
start hall led for me,LIGHT_ON
hey power off led for me,LIGHT_OFF
would you enable light right now,LIGHT_ON
could you turn off bathroom lamp,LIGHT_OFF
can you disable office led for me,LIGHT_OFF
would you turn off kitchen lamp for me,LIGHT_OFF
can you turn on lights right now,LIGHT_ON
could you activate office lights for me,LIGHT_ON
hey switch on office lights,LIGHT_ON
disable kitchen light,LIGHT_OFF
could you start bathroom lamp right now,LIGHT_ON
next song,UNKNOWN
would you disable garage lights,LIGHT_OFF
enable living room lamp,LIGHT_ON
switch off bathroom led please,LIGHT_OFF
could you start garage light for me,LIGHT_ON
please deactivate kitchen lights,LIGHT_OFF
could you power off bathroom lights for me,LIGHT_OFF
can you power off bathroom light please,LIGHT_OFF
hey start office led right now,LIGHT_ON
switch off kitchen lights for me,LIGHT_OFF
hey switch off kitchen led,LIGHT_OFF
please enable bathroom light right now,LIGHT_ON
could you deactivate bathroom light right now,LIGHT_OFF
please enable kitchen light please,LIGHT_ON
please stop garage lights right now,LIGHT_OFF
could you power off hall lights,LIGHT_OFF
please turn on kitchen lights please,LIGHT_ON
please stop bathroom led please,LIGHT_OFF
can you activate lamp right now,LIGHT_ON
power on light,LIGHT_ON
hey switch on bedroom lights please,LIGHT_ON
hey enable led please,LIGHT_ON
would you deactivate bathroom led for me,LIGHT_OFF
hey power off kitchen lights please,LIGHT_OFF
hey start living room led,LIGHT_ON
can you switch off bathroom led please,LIGHT_OFF
would you enable garage led right now,LIGHT_ON
can you turn off bedroom light please,LIGHT_OFF
please power on office light right now,LIGHT_ON
would you disable hall lights please,LIGHT_OFF
please deactivate office lamp for me,LIGHT_OFF
turn off bathroom lights,LIGHT_OFF
please power off bedroom light please,LIGHT_OFF
can you switch on bathroom led,LIGHT_ON
start led right now,LIGHT_ON
please power off kitchen led for me,LIGHT_OFF
please turn on bedroom led please,LIGHT_ON
can you enable bathroom light please,LIGHT_ON
can you start office light,LIGHT_ON
could you stop bedroom led for me,LIGHT_OFF
please disable hall light please,LIGHT_OFF
please disable led for me,LIGHT_OFF
enable office light please,LIGHT_ON
could you deactivate hall led,LIGHT_OFF
could you start hall light for me,LIGHT_ON
can you turn on living room lights please,LIGHT_ON
power off garage light please,LIGHT_OFF
can you deactivate living room led right now,LIGHT_OFF
can you turn off living room lamp right now,LIGHT_OFF
hey stop kitchen lights,LIGHT_OFF
hey start garage light please,LIGHT_ON
please switch off bedroom light please,LIGHT_OFF
would you deactivate bedroom lamp please,LIGHT_OFF
could you switch on kitchen lamp right now,LIGHT_ON
deactivate kitchen light,LIGHT_OFF
please turn off garage led,LIGHT_OFF
could you start living room lamp please,LIGHT_ON
would you switch off bathroom lamp please,LIGHT_OFF
can you switch off kitchen lamp,LIGHT_OFF
hey power on office light right now,LIGHT_ON
please switch on kitchen lights for me,LIGHT_ON
can you deactivate bathroom light for me,LIGHT_OFF
can you stop garage lamp please,LIGHT_OFF
hey power off light please,LIGHT_OFF
would you activate bathroom lights for me,LIGHT_ON
turn off kitchen lamp right now,LIGHT_OFF
start bathroom lamp please,LIGHT_ON
could you activate office light right now,LIGHT_ON
can you start living room led,LIGHT_ON
please turn on bathroom led,LIGHT_ON
please start hall light for me,LIGHT_ON
would you disable bathroom light please,LIGHT_OFF
can you disable bathroom light for me,LIGHT_OFF
could you stop light please,LIGHT_OFF
please turn off garage lights please,LIGHT_OFF
could you switch off living room led please,LIGHT_OFF
deactivate light please,LIGHT_OFF
can you switch off living room lamp,LIGHT_OFF
hey turn on living room light for me,LIGHT_ON
can you switch on hall lamp,LIGHT_ON
power on living room light for me,LIGHT_ON
disable garage lights right now,LIGHT_OFF
hey activate garage lamp for me,LIGHT_ON
deactivate office light please,LIGHT_OFF
deactivate living room lights right now,LIGHT_OFF
would you power off led for me,LIGHT_OFF
can you switch on kitchen lamp,LIGHT_ON
can you turn off office lights right now,LIGHT_OFF
hey start bathroom light right now,LIGHT_ON
would you stop lights for me,LIGHT_OFF
can you start living room lights,LIGHT_ON
hey power off hall lights for me,LIGHT_OFF
would you switch off garage light right now,LIGHT_OFF
would you start lights please,LIGHT_ON
can you enable bedroom lamp please,LIGHT_ON
could you start hall led,LIGHT_ON
could you power on kitchen light please,LIGHT_ON
would you stop lamp,LIGHT_OFF
power off garage lamp,LIGHT_OFF
could you activate garage led,LIGHT_ON
could you switch on bedroom lights right now,LIGHT_ON
can you disable hall lights right now,LIGHT_OFF
could you stop living room lamp right now,LIGHT_OFF
please enable lights for me,LIGHT_ON
could you turn on kitchen led,LIGHT_ON
could you turn off lamp,LIGHT_OFF
hey turn on garage led,LIGHT_ON
hey turn off living room lamp,LIGHT_OFF
switch off bedroom lamp for me,LIGHT_OFF
could you power off kitchen lights for me,LIGHT_OFF
can you stop hall led please,LIGHT_OFF
could you enable living room lamp for me,LIGHT_ON
would you stop office lamp for me,LIGHT_OFF
please enable living room lamp for me,LIGHT_ON
please switch off bathroom lamp,LIGHT_OFF
hey switch on hall lights for me,LIGHT_ON
please switch off office light for me,LIGHT_OFF
could you switch on kitchen lights,LIGHT_ON
can you power on led please,LIGHT_ON
please deactivate bedroom lamp for me,LIGHT_OFF
please switch off hall lights for me,LIGHT_OFF
could you disable living room led please,LIGHT_OFF
would you turn off kitchen light please,LIGHT_OFF
can you activate office lamp for me,LIGHT_ON
would you switch on kitchen lamp,LIGHT_ON
can you switch off lamp please,LIGHT_OFF
hey disable light,LIGHT_OFF
hey switch off kitchen lamp for me,LIGHT_OFF
would you enable hall led for me,LIGHT_ON
hey power off hall lights right now,LIGHT_OFF
hey start light please,LIGHT_ON
would you turn off garage led right now,LIGHT_OFF
can you deactivate lamp please,LIGHT_OFF
could you turn off hall light please,LIGHT_OFF
hey turn off bedroom lights please,LIGHT_OFF
please switch on garage lamp please,LIGHT_ON
stop bathroom light please,LIGHT_OFF
can you turn on living room light,LIGHT_ON
can you enable bathroom led,LIGHT_ON
would you power off bedroom lights,LIGHT_OFF
would you stop bedroom lights please,LIGHT_OFF
can you enable bedroom lights for me,LIGHT_ON
start garage lights,LIGHT_ON
please switch off living room light right now,LIGHT_OFF
would you turn on light for me,LIGHT_ON
activate lamp right now,LIGHT_ON
hey turn off living room lights,LIGHT_OFF
could you start kitchen lamp please,LIGHT_ON
please switch on lights,LIGHT_ON
can you disable kitchen lamp,LIGHT_OFF
could you turn off garage lights for me,LIGHT_OFF
please switch on living room led,LIGHT_ON
please power on kitchen led,LIGHT_ON
can you stop office lights for me,LIGHT_OFF
can you switch on hall led please,LIGHT_ON
would you switch off hall led,LIGHT_OFF
hey deactivate bathroom lights for me,LIGHT_OFF
can you deactivate bedroom lights,LIGHT_OFF
hey activate hall led right now,LIGHT_ON
could you switch on garage light please,LIGHT_ON
switch off garage lights please,LIGHT_OFF
can you turn on living room led please,LIGHT_ON
could you power off hall led,LIGHT_OFF
please deactivate bedroom lights please,LIGHT_OFF
would you activate bathroom lights right now,LIGHT_ON
please power off kitchen lamp please,LIGHT_OFF
can you turn off hall led right now,LIGHT_OFF
would you turn off living room light right now,LIGHT_OFF
activate bedroom light,LIGHT_ON
please start bedroom lamp,LIGHT_ON
can you enable led right now,LIGHT_ON
please switch off bathroom light for me,LIGHT_OFF
please switch on bathroom light right now,LIGHT_ON
please stop garage lights please,LIGHT_OFF
power on bedroom lights please,LIGHT_ON
switch on living room led right now,LIGHT_ON
power off office light,LIGHT_OFF
can you disable bedroom lamp right now,LIGHT_OFF
please start hall lamp right now,LIGHT_ON
could you deactivate bedroom lights for me,LIGHT_OFF
would you switch on kitchen light for me,LIGHT_ON
power off bedroom lights please,LIGHT_OFF
turn on bedroom lamp for me,LIGHT_ON
activate garage led,LIGHT_ON
deactivate lamp for me,LIGHT_OFF
could you turn off bathroom led right now,LIGHT_OFF
would you turn off light for me,LIGHT_OFF
please activate office led,LIGHT_ON
could you disable hall light please,LIGHT_OFF
hey stop kitchen led please,LIGHT_OFF
please open the garage,UNKNOWN
would you power on bedroom lights for me,LIGHT_ON
power off bathroom lamp,LIGHT_OFF
please switch on lights please,LIGHT_ON
would you switch on garage light for me,LIGHT_ON
can you enable hall light right now,LIGHT_ON
please power on kitchen lights,LIGHT_ON
would you deactivate bathroom led right now,LIGHT_OFF
hey stop bathroom lamp right now,LIGHT_OFF
disable living room led,LIGHT_OFF
would you deactivate hall light right now,LIGHT_OFF
hey enable kitchen lamp right now,LIGHT_ON
can you power off hall light please,LIGHT_OFF
please activate living room lights right now,LIGHT_ON
hey turn off garage light right now,LIGHT_OFF
switch off light,LIGHT_OFF
could you switch off bedroom lamp right now,LIGHT_OFF
would you turn on kitchen lights for me,LIGHT_ON
hey turn off bedroom lamp for me,LIGHT_OFF
could you turn off bathroom light for me,LIGHT_OFF
turn off bedroom light for me,LIGHT_OFF
start living room light for me,LIGHT_ON
please disable garage led for me,LIGHT_OFF
would you activate kitchen light right now,LIGHT_ON
can you enable bedroom light please,LIGHT_ON
could you enable lights right now,LIGHT_ON
could you activate hall led for me,LIGHT_ON
can you turn on bedroom lamp right now,LIGHT_ON
hey activate bedroom led right now,LIGHT_ON
hey start garage led right now,LIGHT_ON
please switch on bathroom led right now,LIGHT_ON
would you stop garage lights for me,LIGHT_OFF
hey switch on living room light please,LIGHT_ON
hey turn on kitchen lamp right now,LIGHT_ON
turn on living room led please,LIGHT_ON
please enable kitchen lamp for me,LIGHT_ON
can you activate bedroom lamp right now,LIGHT_ON
would you power off bedroom led right now,LIGHT_OFF
would you turn on hall light for me,LIGHT_ON
please disable living room lights please,LIGHT_OFF
could you turn on living room led please,LIGHT_ON
please start light please,LIGHT_ON
can you switch off lamp,LIGHT_OFF
could you activate living room light,LIGHT_ON
stop lights please,LIGHT_OFF
can you turn on hall led right now,LIGHT_ON
would you turn off hall light for me,LIGHT_OFF
could you activate hall light for me,LIGHT_ON
hey start led please,LIGHT_ON
can you power off living room lights,LIGHT_OFF
hey disable lamp please,LIGHT_OFF
turn off kitchen light right now,LIGHT_OFF
can you power off bedroom led please,LIGHT_OFF
can you deactivate kitchen light for me,LIGHT_OFF
hey power off garage lights,LIGHT_OFF
deactivate garage lights right now,LIGHT_OFF
would you enable office lamp right now,LIGHT_ON
would you stop bedroom light right now,LIGHT_OFF
power off lights for me,LIGHT_OFF
turn off bedroom light,LIGHT_OFF
can you activate office led,LIGHT_ON
hey turn off office light please,LIGHT_OFF
hey start kitchen led right now,LIGHT_ON
can you start bedroom light,LIGHT_ON
can you switch off bedroom lights right now,LIGHT_OFF
would you stop bathroom led,LIGHT_OFF
hey switch off kitchen lights,LIGHT_OFF
would you power off office lights for me,LIGHT_OFF
can you switch off bedroom light,LIGHT_OFF
could you disable garage lights for me,LIGHT_OFF
please deactivate bathroom light right now,LIGHT_OFF
could you power off bathroom led please,LIGHT_OFF
can you activate hall light please,LIGHT_ON
turn off living room led,LIGHT_OFF
please turn off living room light,LIGHT_OFF
please switch off garage lamp for me,LIGHT_OFF
could you deactivate living room led,LIGHT_OFF
could you switch off led please,LIGHT_OFF
can you power off hall lamp,LIGHT_OFF
would you enable bathroom lamp,LIGHT_ON
would you power off office led,LIGHT_OFF
please switch on bathroom led,LIGHT_ON
can you stop garage led for me,LIGHT_OFF
could you stop bedroom lamp,LIGHT_OFF
please power off bathroom light for me,LIGHT_OFF
could you deactivate office light for me,LIGHT_OFF
please enable bathroom lamp please,LIGHT_ON
please switch off living room led please,LIGHT_OFF
please disable light for me,LIGHT_OFF
hey disable garage light for me,LIGHT_OFF
could you deactivate led for me,LIGHT_OFF
activate office light for me,LIGHT_ON
switch on living room led,LIGHT_ON
hey stop kitchen light right now,LIGHT_OFF
can you switch on bathroom lamp please,LIGHT_ON
hey switch off light for me,LIGHT_OFF
would you switch off bathroom lamp for me,LIGHT_OFF
hey switch off bathroom led,LIGHT_OFF
stop garage light please,LIGHT_OFF
could you deactivate bedroom lamp please,LIGHT_OFF
hey stop bathroom lamp please,LIGHT_OFF
would you switch off living room lamp right now,LIGHT_OFF
please activate living room led,LIGHT_ON
would you switch off kitchen light for me,LIGHT_OFF
can you turn on hall lamp please,LIGHT_ON
deactivate hall lamp right now,LIGHT_OFF
hey start bedroom led for me,LIGHT_ON
please power off kitchen lamp,LIGHT_OFF
disable hall lamp please,LIGHT_OFF
please power on kitchen lights right now,LIGHT_ON
can you activate office lights please,LIGHT_ON
hey disable bedroom led right now,LIGHT_OFF
would you power off garage led for me,LIGHT_OFF
hey start hall light please,LIGHT_ON
can you deactivate bedroom light please,LIGHT_OFF
would you enable hall light,LIGHT_ON
turn on office light right now,LIGHT_ON
please enable hall lights,LIGHT_ON
hey disable bathroom light right now,LIGHT_OFF
please turn on lights please,LIGHT_ON
would you power on bedroom lamp please,LIGHT_ON
hey activate bathroom lamp please,LIGHT_ON
activate hall lights,LIGHT_ON
hey switch off office lights right now,LIGHT_OFF
would you stop lights right now,LIGHT_OFF
can you stop hall led right now,LIGHT_OFF
would you enable bedroom lights please,LIGHT_ON
turn off bathroom lamp,LIGHT_OFF
could you switch off hall lamp for me,LIGHT_OFF
activate bedroom lamp right now,LIGHT_ON
could you power off living room led right now,LIGHT_OFF
hey deactivate garage led for me,LIGHT_OFF
please switch off office lights please,LIGHT_OFF
could you power off lamp for me,LIGHT_OFF
power off kitchen lights for me,LIGHT_OFF
would you deactivate living room led,LIGHT_OFF
would you disable hall lamp right now,LIGHT_OFF
can you switch on kitchen led right now,LIGHT_ON
hey stop bedroom lamp,LIGHT_OFF
can you turn off lights,LIGHT_OFF
can you stop living room led for me,LIGHT_OFF
please activate lamp for me,LIGHT_ON
could you disable bathroom lights for me,LIGHT_OFF
could you start office led for me,LIGHT_ON
please stop hall lamp,LIGHT_OFF
hey power on hall lamp right now,LIGHT_ON
would you disable kitchen light for me,LIGHT_OFF
can you disable garage lamp please,LIGHT_OFF
hey deactivate kitchen led for me,LIGHT_OFF
would you switch on hall led for me,LIGHT_ON
would you start hall light,LIGHT_ON
please power on led,LIGHT_ON
could you turn off living room lamp right now,LIGHT_OFF
would you start kitchen light please,LIGHT_ON
hey power on kitchen light right now,LIGHT_ON
start light for me,LIGHT_ON
would you start garage lamp please,LIGHT_ON
please stop bedroom light for me,LIGHT_OFF
can you disable bathroom lights,LIGHT_OFF
could you disable bathroom light right now,LIGHT_OFF
can you turn on bedroom led please,LIGHT_ON
would you power off living room led for me,LIGHT_OFF
please switch on bathroom led please,LIGHT_ON
would you enable bedroom led for me,LIGHT_ON
could you deactivate kitchen lamp,LIGHT_OFF
disable bedroom lights please,LIGHT_OFF
would you activate living room lamp for me,LIGHT_ON
would you activate garage led for me,LIGHT_ON
would you start office led for me,LIGHT_ON
start light,LIGHT_ON
would you stop kitchen lamp for me,LIGHT_OFF
please turn on light,LIGHT_ON
please switch off bathroom lamp please,LIGHT_OFF
enable bathroom light,LIGHT_ON
would you power off kitchen lamp,LIGHT_OFF
switch off garage lamp for me,LIGHT_OFF
please turn on office lamp please,LIGHT_ON
please disable office lamp please,LIGHT_OFF
please switch off hall lamp for me,LIGHT_OFF
please stop kitchen light right now,LIGHT_OFF
hey disable bedroom lamp,LIGHT_OFF
can you power off living room light please,LIGHT_OFF
please disable kitchen lamp,LIGHT_OFF
would you enable hall lamp,LIGHT_ON
please power off light,LIGHT_OFF
could you disable living room lamp,LIGHT_OFF
could you disable led,LIGHT_OFF
can you deactivate office lamp,LIGHT_OFF
hey activate kitchen light right now,LIGHT_ON
hey power on hall lights,LIGHT_ON
please turn off office light for me,LIGHT_OFF
would you power off bathroom led for me,LIGHT_OFF
could you turn off garage led for me,LIGHT_OFF
please switch off hall lamp right now,LIGHT_OFF
could you turn on hall lights,LIGHT_ON
can you disable hall lamp for me,LIGHT_OFF
could you switch off living room led for me,LIGHT_OFF
would you stop bathroom led please,LIGHT_OFF
enable office lamp please,LIGHT_ON
please power off hall light for me,LIGHT_OFF
would you power on garage lamp,LIGHT_ON
please enable hall lights please,LIGHT_ON
can you deactivate bathroom lamp right now,LIGHT_OFF
would you turn on lamp for me,LIGHT_ON
stop living room lamp,LIGHT_OFF
would you switch off bedroom light right now,LIGHT_OFF
turn off living room lamp right now,LIGHT_OFF
could you enable light please,LIGHT_ON
can you power off living room lamp for me,LIGHT_OFF
would you turn on kitchen led please,LIGHT_ON
please start bedroom led right now,LIGHT_ON
would you activate bedroom lights for me,LIGHT_ON
can you enable living room lights please,LIGHT_ON
could you stop bedroom lamp please,LIGHT_OFF
can you disable led please,LIGHT_OFF
power off led for me,LIGHT_OFF
would you deactivate living room led please,LIGHT_OFF
could you turn on bathroom light right now,LIGHT_ON
switch off office light please,LIGHT_OFF
please enable office led,LIGHT_ON
could you activate garage light please,LIGHT_ON
power off living room light for me,LIGHT_OFF
switch off hall led,LIGHT_OFF
deactivate hall led for me,LIGHT_OFF
power on living room light,LIGHT_ON
would you deactivate bedroom lamp right now,LIGHT_OFF
could you power on bedroom led right now,LIGHT_ON
can you turn on hall light,LIGHT_ON
please turn off kitchen led right now,LIGHT_OFF
disable garage led right now,LIGHT_OFF
would you power on living room lights please,LIGHT_ON
can you switch on bedroom lights right now,LIGHT_ON
turn on bathroom lights right now,LIGHT_ON
could you disable light right now,LIGHT_OFF
hey turn off lights right now,LIGHT_OFF
would you disable office light please,LIGHT_OFF
could you activate bedroom led,LIGHT_ON
would you switch off lights right now,LIGHT_OFF
hey stop hall lights,LIGHT_OFF
could you turn on living room lamp for me,LIGHT_ON
would you stop kitchen light for me,LIGHT_OFF
can you switch on garage light please,LIGHT_ON
please power on living room light,LIGHT_ON
start living room lamp right now,LIGHT_ON
switch off lamp right now,LIGHT_OFF
would you activate hall lamp for me,LIGHT_ON
can you stop bathroom led please,LIGHT_OFF
can you turn off office led right now,LIGHT_OFF
could you disable living room light for me,LIGHT_OFF
deactivate bathroom light,LIGHT_OFF
turn off hall lights for me,LIGHT_OFF
please activate bedroom lamp right now,LIGHT_ON
stop kitchen light right now,LIGHT_OFF
hey turn off hall lights,LIGHT_OFF
please start kitchen lights for me,LIGHT_ON
hey start bathroom lamp,LIGHT_ON
can you start living room lamp right now,LIGHT_ON
could you deactivate kitchen lamp for me,LIGHT_OFF
can you turn on bathroom light please,LIGHT_ON
could you turn on kitchen lights please,LIGHT_ON
hey stop light for me,LIGHT_OFF
can you power off hall led right now,LIGHT_OFF
hey start living room light please,LIGHT_ON
would you turn on bedroom lamp,LIGHT_ON
can you enable office led for me,LIGHT_ON
can you activate kitchen led right now,LIGHT_ON
deactivate bedroom light,LIGHT_OFF
hey stop lights,LIGHT_OFF
please stop office light,LIGHT_OFF
hey activate lights please,LIGHT_ON
please switch off led please,LIGHT_OFF
can you turn on bedroom led,LIGHT_ON
can you disable bathroom light,LIGHT_OFF
please start living room led for me,LIGHT_ON
could you switch off light please,LIGHT_OFF
please power on living room lamp please,LIGHT_ON
would you switch off living room lamp for me,LIGHT_OFF
disable bedroom light,LIGHT_OFF
power off living room lamp for me,LIGHT_OFF
hey switch on led for me,LIGHT_ON
would you enable garage lights right now,LIGHT_ON
would you enable garage lights please,LIGHT_ON
hey disable living room lights,LIGHT_OFF
hey deactivate bedroom light please,LIGHT_OFF
can you turn on garage led,LIGHT_ON
would you disable kitchen led right now,LIGHT_OFF
can you switch on hall light,LIGHT_ON
can you power on kitchen lamp right now,LIGHT_ON
hey disable bathroom light,LIGHT_OFF
please power off kitchen light please,LIGHT_OFF
start office light please,LIGHT_ON
could you disable hall lights please,LIGHT_OFF
hey stop office lamp,LIGHT_OFF
hey start living room light,LIGHT_ON
would you activate bedroom lamp please,LIGHT_ON
can you power off bedroom lights,LIGHT_OFF
please power off bedroom led for me,LIGHT_OFF
would you disable led for me,LIGHT_OFF
could you turn on hall lights for me,LIGHT_ON
switch on bedroom light right now,LIGHT_ON
start hall lights right now,LIGHT_ON
would you activate living room lights for me,LIGHT_ON
would you disable office led,LIGHT_OFF
turn on living room lights for me,LIGHT_ON
can you switch off office lamp for me,LIGHT_OFF
please turn on bathroom light right now,LIGHT_ON
could you switch off living room lamp right now,LIGHT_OFF
would you turn on office led please,LIGHT_ON
could you stop garage light for me,LIGHT_OFF
could you enable office lights for me,LIGHT_ON
can you stop garage lights right now,LIGHT_OFF
would you deactivate bedroom led for me,LIGHT_OFF
power off hall lamp right now,LIGHT_OFF
switch off bedroom led,LIGHT_OFF
could you turn off bathroom light right now,LIGHT_OFF
enable garage led right now,LIGHT_ON
can you power off lamp for me,LIGHT_OFF
hey disable led please,LIGHT_OFF
can you power on kitchen led for me,LIGHT_ON
please switch on bathroom light please,LIGHT_ON
please enable bedroom lights right now,LIGHT_ON
enable hall light for me,LIGHT_ON
switch on bedroom lamp,LIGHT_ON
please power off living room light for me,LIGHT_OFF
start bedroom lamp,LIGHT_ON
would you disable kitchen lamp right now,LIGHT_OFF
hey switch on kitchen lamp right now,LIGHT_ON
please enable hall light,LIGHT_ON
stop led right now,LIGHT_OFF
could you power on living room lamp right now,LIGHT_ON
please power on hall lights for me,LIGHT_ON
switch off bedroom lights,LIGHT_OFF
please activate bedroom light for me,LIGHT_ON
stop lamp,LIGHT_OFF
could you enable light right now,LIGHT_ON
could you stop bathroom led right now,LIGHT_OFF
can you turn off hall lights right now,LIGHT_OFF
would you stop lights please,LIGHT_OFF
could you stop garage lights please,LIGHT_OFF
can you power off kitchen led right now,LIGHT_OFF
would you switch off living room lamp please,LIGHT_OFF
hey switch on living room light right now,LIGHT_ON
can you deactivate living room led please,LIGHT_OFF
could you start office lamp right now,LIGHT_ON
would you switch on living room lamp,LIGHT_ON
deactivate hall lamp for me,LIGHT_OFF
activate living room light for me,LIGHT_ON
hey enable hall light for me,LIGHT_ON
please switch off bathroom lights please,LIGHT_OFF
activate hall light right now,LIGHT_ON
disable kitchen led right now,LIGHT_OFF
would you deactivate hall led right now,LIGHT_OFF
would you activate living room lamp,LIGHT_ON
please power off garage led please,LIGHT_OFF
hey stop bathroom lamp for me,LIGHT_OFF
hey turn on bedroom led right now,LIGHT_ON
could you stop garage light,LIGHT_OFF
could you enable living room lights right now,LIGHT_ON
would you disable office led right now,LIGHT_OFF
please start light for me,LIGHT_ON
could you turn off living room lights please,LIGHT_OFF
please activate hall led for me,LIGHT_ON
would you deactivate kitchen lamp right now,LIGHT_OFF
could you turn on living room lamp right now,LIGHT_ON
hey enable living room led please,LIGHT_ON
hey turn off living room led right now,LIGHT_OFF
can you disable bathroom lights please,LIGHT_OFF
would you deactivate office led,LIGHT_OFF
enable living room led right now,LIGHT_ON
can you disable hall lights please,LIGHT_OFF
hey turn off office lamp,LIGHT_OFF
would you turn on living room lights for me,LIGHT_ON
could you deactivate office light right now,LIGHT_OFF
start bedroom lights,LIGHT_ON
hey switch on garage lights please,LIGHT_ON
switch on bathroom lights for me,LIGHT_ON
can you switch on office lamp,LIGHT_ON
please deactivate living room lamp right now,LIGHT_OFF
please switch off garage lamp right now,LIGHT_OFF
could you switch on hall light right now,LIGHT_ON
could you enable garage lights,LIGHT_ON
can you switch off hall light for me,LIGHT_OFF
would you power off office lamp please,LIGHT_OFF
please activate bathroom light,LIGHT_ON
can you power on bedroom led right now,LIGHT_ON
hey turn on bathroom lamp please,LIGHT_ON
start kitchen led please,LIGHT_ON
would you deactivate office light please,LIGHT_OFF
hey turn off lights please,LIGHT_OFF
please activate led for me,LIGHT_ON
turn off garage led right now,LIGHT_OFF
switch off office light right now,LIGHT_OFF
disable garage led please,LIGHT_OFF
please deactivate living room lights right now,LIGHT_OFF
could you disable garage lights right now,LIGHT_OFF
hey switch off living room lights,LIGHT_OFF
could you turn on living room light,LIGHT_ON
hey power off living room lamp right now,LIGHT_OFF
please disable kitchen light right now,LIGHT_OFF
please deactivate garage light for me,LIGHT_OFF
can you stop office lamp right now,LIGHT_OFF
would you power off bedroom lights right now,LIGHT_OFF
hey stop garage lights for me,LIGHT_OFF
could you power off office led please,LIGHT_OFF
could you turn off bedroom light right now,LIGHT_OFF
switch off living room lights right now,LIGHT_OFF
would you enable bathroom led right now,LIGHT_ON
disable office led for me,LIGHT_OFF
could you power off kitchen lights please,LIGHT_OFF
switch on bedroom lights for me,LIGHT_ON
please start bedroom lamp please,LIGHT_ON
lock the door,UNKNOWN
could you power off hall lights for me,LIGHT_OFF
power on hall light,LIGHT_ON
hey power on bathroom lights for me,LIGHT_ON
would you start led for me,LIGHT_ON
hey deactivate bedroom led,LIGHT_OFF
hey disable light please,LIGHT_OFF
would you activate hall lamp,LIGHT_ON
can you stop bathroom lamp,LIGHT_OFF
hey power on office light,LIGHT_ON
power off office light for me,LIGHT_OFF
enable office light,LIGHT_ON
can you switch off garage led right now,LIGHT_OFF
could you turn on lights for me,LIGHT_ON
could you turn off led right now,LIGHT_OFF
please power on garage lamp,LIGHT_ON
can you start garage light for me,LIGHT_ON
can you activate bathroom light please,LIGHT_ON
disable kitchen light for me,LIGHT_OFF
hey stop bathroom light please,LIGHT_OFF
activate garage light please,LIGHT_ON
would you power on hall lights for me,LIGHT_ON
hey start bedroom lights,LIGHT_ON
could you start garage led right now,LIGHT_ON
would you stop bathroom lamp please,LIGHT_OFF
would you turn on office led for me,LIGHT_ON
please turn off office lights right now,LIGHT_OFF
switch on lamp for me,LIGHT_ON
start bathroom led for me,LIGHT_ON
would you switch on kitchen led right now,LIGHT_ON
would you stop bedroom lamp please,LIGHT_OFF
please start hall led please,LIGHT_ON
could you turn off office lights please,LIGHT_OFF
can you enable led please,LIGHT_ON
can you turn off kitchen led please,LIGHT_OFF
could you enable office lights please,LIGHT_ON
disable living room led please,LIGHT_OFF
please activate led please,LIGHT_ON
hey turn on hall light for me,LIGHT_ON
can you power on bathroom lights right now,LIGHT_ON
could you turn on garage lamp please,LIGHT_ON
hey switch on bathroom lights please,LIGHT_ON
switch on bedroom led right now,LIGHT_ON
would you power off hall lights right now,LIGHT_OFF
would you disable garage led please,LIGHT_OFF
can you enable kitchen led,LIGHT_ON
could you stop garage lights for me,LIGHT_OFF
please start office light,LIGHT_ON
please turn off bathroom led right now,LIGHT_OFF
hey disable kitchen led,LIGHT_OFF
please enable kitchen light right now,LIGHT_ON
could you turn off living room light,LIGHT_OFF
would you enable bedroom led,LIGHT_ON
could you stop kitchen lamp,LIGHT_OFF
turn on bathroom lights please,LIGHT_ON
please stop garage lights for me,LIGHT_OFF
would you turn on lights please,LIGHT_ON
please turn on living room lamp right now,LIGHT_ON
can you start hall light for me,LIGHT_ON
switch off garage led right now,LIGHT_OFF
would you turn on led for me,LIGHT_ON
hey disable kitchen lamp right now,LIGHT_OFF
hey stop lamp for me,LIGHT_OFF
please switch on garage lights,LIGHT_ON
disable office lights for me,LIGHT_OFF
can you power on bedroom lights for me,LIGHT_ON
please stop bathroom lights for me,LIGHT_OFF
could you start garage led,LIGHT_ON
can you switch on office lights,LIGHT_ON
would you start lights right now,LIGHT_ON
please switch off garage lights please,LIGHT_OFF
hey power on bedroom lamp,LIGHT_ON
disable living room lamp please,LIGHT_OFF
hey stop bathroom led please,LIGHT_OFF
hey disable light right now,LIGHT_OFF
could you turn on bathroom lights,LIGHT_ON
hey activate bedroom lamp,LIGHT_ON
hey activate lamp right now,LIGHT_ON
can you deactivate bedroom lamp please,LIGHT_OFF
could you deactivate kitchen lamp please,LIGHT_OFF
activate hall lamp right now,LIGHT_ON
turn off office lamp,LIGHT_OFF
could you deactivate kitchen light please,LIGHT_OFF
can you power off office lamp please,LIGHT_OFF
turn on lamp,LIGHT_ON
can you switch on kitchen light please,LIGHT_ON
hey power on bedroom light right now,LIGHT_ON
would you turn on bedroom lights right now,LIGHT_ON
turn off bedroom light right now,LIGHT_OFF
would you power on garage led for me,LIGHT_ON
can you power off kitchen light right now,LIGHT_OFF
please deactivate hall lamp for me,LIGHT_OFF
can you power on bedroom light right now,LIGHT_ON
power on kitchen led for me,LIGHT_ON
could you turn off bedroom lights right now,LIGHT_OFF
hey disable bathroom led for me,LIGHT_OFF
turn on hall light please,LIGHT_ON
hey power off office lights for me,LIGHT_OFF
would you switch on bathroom light right now,LIGHT_ON
please stop office lights for me,LIGHT_OFF
turn on hall lights,LIGHT_ON
hey turn on bathroom lights,LIGHT_ON
turn off office led please,LIGHT_OFF
could you turn off office lamp for me,LIGHT_OFF
would you power on bathroom light please,LIGHT_ON
turn on kitchen light right now,LIGHT_ON
hey start garage led please,LIGHT_ON
could you power off garage led right now,LIGHT_OFF
could you power on office light please,LIGHT_ON
would you stop garage led right now,LIGHT_OFF
could you turn off bathroom led please,LIGHT_OFF
please power off office lamp,LIGHT_OFF
hey stop living room lamp please,LIGHT_OFF
can you power off living room led right now,LIGHT_OFF
could you power off bathroom lights,LIGHT_OFF
please deactivate bathroom led right now,LIGHT_OFF
switch on hall lights for me,LIGHT_ON
would you switch on light right now,LIGHT_ON
turn on bathroom light right now,LIGHT_ON
can you disable garage light right now,LIGHT_OFF
can you activate living room lights,LIGHT_ON
would you enable lights please,LIGHT_ON
please activate bedroom lights,LIGHT_ON
deactivate light right now,LIGHT_OFF
start bedroom lamp for me,LIGHT_ON
could you start garage lamp for me,LIGHT_ON
would you deactivate living room light please,LIGHT_OFF
could you start living room led please,LIGHT_ON
would you deactivate hall lights for me,LIGHT_OFF
can you start garage light right now,LIGHT_ON
can you turn on kitchen light right now,LIGHT_ON
could you activate light,LIGHT_ON
could you enable office led please,LIGHT_ON
could you turn off garage led right now,LIGHT_OFF
would you switch on bedroom lamp,LIGHT_ON
hey turn off living room led for me,LIGHT_OFF
could you activate living room lights please,LIGHT_ON
switch off bedroom lamp,LIGHT_OFF
please enable garage led please,LIGHT_ON
disable office lamp for me,LIGHT_OFF
power on hall light right now,LIGHT_ON
deactivate kitchen lamp,LIGHT_OFF
switch on bedroom led for me,LIGHT_ON
can you turn off kitchen light right now,LIGHT_OFF
hey deactivate light right now,LIGHT_OFF
please disable office light for me,LIGHT_OFF
please activate bedroom light,LIGHT_ON
turn off garage lights please,LIGHT_OFF
disable office lights please,LIGHT_OFF
would you stop lamp right now,LIGHT_OFF
hey stop bathroom light for me,LIGHT_OFF
could you disable kitchen light right now,LIGHT_OFF
hey power off living room led for me,LIGHT_OFF
turn off hall led for me,LIGHT_OFF
please turn off garage led right now,LIGHT_OFF
can you switch off office led right now,LIGHT_OFF
start bathroom lights,LIGHT_ON
can you start living room light right now,LIGHT_ON
please turn on office led right now,LIGHT_ON
would you start garage lights,LIGHT_ON
can you disable living room light,LIGHT_OFF
can you power off office lights please,LIGHT_OFF
hey disable garage led for me,LIGHT_OFF
can you activate living room light for me,LIGHT_ON
please switch off bedroom lamp for me,LIGHT_OFF
please activate hall lamp please,LIGHT_ON
can you disable bedroom led please,LIGHT_OFF
deactivate hall light please,LIGHT_OFF
can you turn on garage lights,LIGHT_ON
hey switch off kitchen led right now,LIGHT_OFF
can you switch on office light for me,LIGHT_ON
could you turn on living room lights for me,LIGHT_ON
hey switch on office light,LIGHT_ON
please power on bathroom led,LIGHT_ON
would you activate garage light for me,LIGHT_ON
can you stop lamp please,LIGHT_OFF
could you switch off lamp right now,LIGHT_OFF
start office lamp,LIGHT_ON
power off garage light for me,LIGHT_OFF
please enable hall lamp,LIGHT_ON
please banana,UNKNOWN
can you stop hall lamp for me,LIGHT_OFF
hey turn on living room lights,LIGHT_ON
power off bathroom lamp right now,LIGHT_OFF
would you stop lamp for me,LIGHT_OFF
can you start living room led please,LIGHT_ON
please turn off kitchen lamp right now,LIGHT_OFF
would you deactivate kitchen led right now,LIGHT_OFF
can you turn on hall lights right now,LIGHT_ON
can you deactivate office lights for me,LIGHT_OFF
disable kitchen lamp right now,LIGHT_OFF
can you disable bedroom lights,LIGHT_OFF
enable lamp please,LIGHT_ON
enable led please,LIGHT_ON
deactivate living room lamp right now,LIGHT_OFF
turn off garage led please,LIGHT_OFF
please turn off kitchen led please,LIGHT_OFF
please enable bedroom lights for me,LIGHT_ON
would you enable office lights right now,LIGHT_ON
pause music please,UNKNOWN
can you turn on garage lamp,LIGHT_ON
could you stop garage lamp,LIGHT_OFF
would you disable kitchen led for me,LIGHT_OFF
turn off garage light right now,LIGHT_OFF
please power on lamp please,LIGHT_ON
hey disable hall light right now,LIGHT_OFF
would you disable hall led for me,LIGHT_OFF
can you start living room lamp please,LIGHT_ON
would you deactivate bathroom lights for me,LIGHT_OFF
would you deactivate kitchen light,LIGHT_OFF
could you turn off lights,LIGHT_OFF
could you switch off kitchen lights for me,LIGHT_OFF
would you start hall lights,LIGHT_ON
can you stop garage led please,LIGHT_OFF
hey switch off living room led for me,LIGHT_OFF
deactivate bedroom led right now,LIGHT_OFF
please disable office lights,LIGHT_OFF
would you disable office lights right now,LIGHT_OFF
hey disable hall led right now,LIGHT_OFF
would you deactivate kitchen lights for me,LIGHT_OFF
would you activate lights for me,LIGHT_ON
hey switch off bathroom light,LIGHT_OFF
stop living room lights please,LIGHT_OFF
please enable bedroom light please,LIGHT_ON
please turn on garage led for me,LIGHT_ON
who are you please,UNKNOWN
could you switch on garage lights right now,LIGHT_ON
can you power off garage lamp right now,LIGHT_OFF
would you stop bathroom lights for me,LIGHT_OFF
can you switch off bathroom led right now,LIGHT_OFF
power off lamp,LIGHT_OFF
start bathroom led please,LIGHT_ON
please power on garage light,LIGHT_ON
could you activate lights right now,LIGHT_ON
please start office lamp please,LIGHT_ON
can you power on living room lamp for me,LIGHT_ON
would you disable bathroom led for me,LIGHT_OFF
hey disable bathroom light for me,LIGHT_OFF
can you switch on bedroom led please,LIGHT_ON
activate living room lamp,LIGHT_ON
please power off hall lamp right now,LIGHT_OFF
would you switch on bathroom light,LIGHT_ON
please switch on living room lights right now,LIGHT_ON
hey activate office lights,LIGHT_ON
please start bathroom lamp right now,LIGHT_ON
hey turn off garage led right now,LIGHT_OFF
hey stop bedroom lamp for me,LIGHT_OFF
please enable kitchen lamp,LIGHT_ON
activate kitchen led for me,LIGHT_ON
would you turn off living room lamp,LIGHT_OFF
hey start living room lamp,LIGHT_ON
hey power on living room light please,LIGHT_ON
can you disable bathroom lamp,LIGHT_OFF
would you deactivate hall light please,LIGHT_OFF
could you power on hall lamp please,LIGHT_ON
can you activate bedroom light please,LIGHT_ON
activate office lights,LIGHT_ON
would you power on bedroom led for me,LIGHT_ON
can you enable bathroom lights please,LIGHT_ON
would you stop light right now,LIGHT_OFF
hey deactivate lights,LIGHT_OFF
please power on led for me,LIGHT_ON
start living room light please,LIGHT_ON
would you switch off lights please,LIGHT_OFF
would you power off lights please,LIGHT_OFF
can you stop bedroom led,LIGHT_OFF
hey deactivate kitchen lamp for me,LIGHT_OFF
please switch on hall led right now,LIGHT_ON
would you power off bedroom lights please,LIGHT_OFF
start hall lamp for me,LIGHT_ON
hey power off light right now,LIGHT_OFF
could you power off bedroom lights for me,LIGHT_OFF
deactivate bathroom light please,LIGHT_OFF
start office lights,LIGHT_ON
can you stop hall light please,LIGHT_OFF
hey turn off hall lights for me,LIGHT_OFF
hey switch on living room lights right now,LIGHT_ON
disable hall light for me,LIGHT_OFF
hey switch off garage light,LIGHT_OFF
could you disable light for me,LIGHT_OFF
switch on kitchen lamp please,LIGHT_ON
hey turn on living room led,LIGHT_ON
hey stop hall light right now,LIGHT_OFF
would you switch on bedroom light right now,LIGHT_ON
please switch off living room led for me,LIGHT_OFF
would you turn off lamp for me,LIGHT_OFF
would you deactivate office led please,LIGHT_OFF
could you deactivate hall light please,LIGHT_OFF
could you stop bedroom lamp for me,LIGHT_OFF
can you disable kitchen lights please,LIGHT_OFF
enable light,LIGHT_ON
stop hall lights,LIGHT_OFF
would you enable office lamp for me,LIGHT_ON
hey stop bathroom led right now,LIGHT_OFF
please deactivate office led right now,LIGHT_OFF
hey switch on living room led right now,LIGHT_ON
stop office led for me,LIGHT_OFF
please stop kitchen lights right now,LIGHT_OFF
please disable living room lights for me,LIGHT_OFF
please deactivate hall lights,LIGHT_OFF
could you activate bathroom led right now,LIGHT_ON
please start garage lamp,LIGHT_ON
could you activate led for me,LIGHT_ON
please activate hall lights please,LIGHT_ON
could you activate office light,LIGHT_ON
would you turn on light please,LIGHT_ON
would you enable kitchen led,LIGHT_ON
please switch on lights right now,LIGHT_ON
would you power off bedroom lamp right now,LIGHT_OFF
can you power on hall lamp for me,LIGHT_ON
hey start hall lights for me,LIGHT_ON
please turn off living room light right now,LIGHT_OFF
deactivate garage led for me,LIGHT_OFF
can you disable hall light please,LIGHT_OFF
enable living room light right now,LIGHT_ON
would you stop kitchen led right now,LIGHT_OFF
could you deactivate garage light please,LIGHT_OFF
please power off living room light right now,LIGHT_OFF
would you power on hall led please,LIGHT_ON
can you stop bathroom lamp right now,LIGHT_OFF
could you start living room lights,LIGHT_ON
could you switch off bathroom light for me,LIGHT_OFF
hey disable garage lamp right now,LIGHT_OFF
turn on light please,LIGHT_ON
please turn on living room light please,LIGHT_ON
would you power on living room light please,LIGHT_ON
could you turn off lights for me,LIGHT_OFF
would you deactivate garage lights right now,LIGHT_OFF
turn on bedroom lamp please,LIGHT_ON
could you turn off bedroom lamp please,LIGHT_OFF
could you switch on kitchen light,LIGHT_ON
hey power off bedroom light,LIGHT_OFF
please deactivate garage lights,LIGHT_OFF
start kitchen lamp for me,LIGHT_ON
would you turn off living room lamp for me,LIGHT_OFF
hey power on hall light right now,LIGHT_ON
hey deactivate bathroom light for me,LIGHT_OFF
hey turn off bedroom led right now,LIGHT_OFF
would you power off hall lights please,LIGHT_OFF
please enable garage light please,LIGHT_ON
hey deactivate led please,LIGHT_OFF
please power on lights please,LIGHT_ON
please disable garage light for me,LIGHT_OFF
start living room lights,LIGHT_ON
please turn on garage lights,LIGHT_ON
hey enable bathroom lamp right now,LIGHT_ON
hey activate garage light right now,LIGHT_ON
please enable garage lamp please,LIGHT_ON
please stop office light please,LIGHT_OFF
can you turn off kitchen led right now,LIGHT_OFF
could you turn off bathroom lamp right now,LIGHT_OFF
can you switch on hall light right now,LIGHT_ON
would you power off living room light please,LIGHT_OFF
please start light,LIGHT_ON
stop lights right now,LIGHT_OFF
could you switch on office lights please,LIGHT_ON
hey turn on led for me,LIGHT_ON
would you switch off hall light please,LIGHT_OFF
can you power off bathroom lamp please,LIGHT_OFF
can you power on led,LIGHT_ON
activate office lamp,LIGHT_ON
can you start bedroom light for me,LIGHT_ON
hey enable office light,LIGHT_ON
please stop bedroom lamp right now,LIGHT_OFF
could you switch off living room lamp,LIGHT_OFF
could you stop bedroom lights please,LIGHT_OFF
please start garage lights,LIGHT_ON
could you power off lights right now,LIGHT_OFF
can you enable living room light right now,LIGHT_ON
start garage led for me,LIGHT_ON
please turn off living room lights please,LIGHT_OFF
please activate kitchen led right now,LIGHT_ON
could you stop office light for me,LIGHT_OFF
would you switch off living room light for me,LIGHT_OFF
please stop lights,LIGHT_OFF
can you power on office lamp right now,LIGHT_ON
hey deactivate bathroom lamp,LIGHT_OFF
could you switch on bedroom lamp please,LIGHT_ON
please switch off living room lights,LIGHT_OFF
hey start bedroom light please,LIGHT_ON
would you turn off hall led right now,LIGHT_OFF
hey turn on kitchen lights,LIGHT_ON
can you activate hall lamp please,LIGHT_ON
please disable bathroom light,LIGHT_OFF
hey switch on bathroom lights,LIGHT_ON
would you disable bedroom light,LIGHT_OFF
please turn off garage lamp,LIGHT_OFF
power on living room lamp,LIGHT_ON
can you deactivate office lights right now,LIGHT_OFF
stop office light for me,LIGHT_OFF
turn on office light,LIGHT_ON
could you disable hall led,LIGHT_OFF
could you switch on bedroom lamp right now,LIGHT_ON
can you switch off garage lamp please,LIGHT_OFF
hey power on living room led right now,LIGHT_ON
hey disable office light please,LIGHT_OFF
could you power on led for me,LIGHT_ON
would you enable bathroom light right now,LIGHT_ON
could you turn off bathroom lamp please,LIGHT_OFF
could you power on kitchen light right now,LIGHT_ON
would you switch off hall lights please,LIGHT_OFF
please switch off hall led,LIGHT_OFF
can you switch on bathroom lamp right now,LIGHT_ON
could you disable hall light right now,LIGHT_OFF
please power off garage light please,LIGHT_OFF
would you turn on bathroom led please,LIGHT_ON
could you enable hall led please,LIGHT_ON
please deactivate bathroom lights right now,LIGHT_OFF
would you disable light please,LIGHT_OFF
please activate garage light,LIGHT_ON
stop kitchen led right now,LIGHT_OFF
could you stop bathroom led please,LIGHT_OFF
please turn on led for me,LIGHT_ON
could you turn on living room led for me,LIGHT_ON
can you stop lamp,LIGHT_OFF
can you stop bathroom light,LIGHT_OFF
can you power on garage lights please,LIGHT_ON
could you deactivate bedroom lights,LIGHT_OFF
could you power off hall lights please,LIGHT_OFF
please activate led,LIGHT_ON
hey disable kitchen lamp,LIGHT_OFF
could you switch on hall led for me,LIGHT_ON
switch on lamp please,LIGHT_ON
power off hall light,LIGHT_OFF
can you power on bathroom lamp for me,LIGHT_ON
please power off bathroom light please,LIGHT_OFF
activate bedroom lights please,LIGHT_ON
would you switch off light right now,LIGHT_OFF
hey enable living room lamp please,LIGHT_ON
can you power off living room led please,LIGHT_OFF
hey deactivate garage light for me,LIGHT_OFF
power off bathroom led,LIGHT_OFF
could you start living room lamp for me,LIGHT_ON
deactivate bedroom lights please,LIGHT_OFF
hey switch on garage lamp please,LIGHT_ON
can you deactivate living room light please,LIGHT_OFF
would you switch on bedroom lights,LIGHT_ON
can you turn on bathroom lamp please,LIGHT_ON
can you turn on bedroom light,LIGHT_ON
hey turn on light right now,LIGHT_ON
enable garage light please,LIGHT_ON
please power off bathroom lights,LIGHT_OFF
can you stop bedroom led right now,LIGHT_OFF
hey enable bedroom lamp please,LIGHT_ON
hey switch off led,LIGHT_OFF
start hall led right now,LIGHT_ON
can you turn on living room lights right now,LIGHT_ON
can you power off hall led,LIGHT_OFF
disable light please,LIGHT_OFF
hey power on kitchen led,LIGHT_ON
please activate hall lamp,LIGHT_ON
hey enable bedroom light,LIGHT_ON
could you start garage lamp please,LIGHT_ON
please switch off led,LIGHT_OFF
would you deactivate living room lamp please,LIGHT_OFF
could you power off office lamp right now,LIGHT_OFF
hey start kitchen lights please,LIGHT_ON
please switch on bedroom light right now,LIGHT_ON
could you switch off office light,LIGHT_OFF
can you turn off bedroom led please,LIGHT_OFF
hey turn off bedroom light for me,LIGHT_OFF
could you turn off bedroom led for me,LIGHT_OFF
would you switch on led for me,LIGHT_ON
hey power on living room lamp for me,LIGHT_ON
can you switch off kitchen lights right now,LIGHT_OFF
enable bathroom light for me,LIGHT_ON
turn off lamp please,LIGHT_OFF
could you turn off living room light for me,LIGHT_OFF
could you switch off bedroom lamp,LIGHT_OFF
could you switch off bathroom lights for me,LIGHT_OFF
switch off kitchen lamp right now,LIGHT_OFF
would you turn off garage lights right now,LIGHT_OFF
hey disable office light,LIGHT_OFF
could you power off hall lamp,LIGHT_OFF
please enable office lamp right now,LIGHT_ON
can you switch off living room light,LIGHT_OFF
please switch on kitchen lamp,LIGHT_ON
hey power off hall lights please,LIGHT_OFF
could you power on office led for me,LIGHT_ON
would you turn off living room lights right now,LIGHT_OFF
could you switch on bedroom led,LIGHT_ON
can you turn on garage light for me,LIGHT_ON
would you turn on bedroom lamp please,LIGHT_ON
please turn off bedroom led for me,LIGHT_OFF
can you turn on garage light,LIGHT_ON
power off garage lamp please,LIGHT_OFF
could you start office lamp,LIGHT_ON
please enable office led for me,LIGHT_ON
please disable hall led,LIGHT_OFF
hey power off hall lamp please,LIGHT_OFF
activate bathroom lights for me,LIGHT_ON
can you switch off kitchen light please,LIGHT_OFF
would you switch on hall lights,LIGHT_ON
can you power off lamp please,LIGHT_OFF
would you switch off living room lights please,LIGHT_OFF
would you stop kitchen light please,LIGHT_OFF
would you switch on living room light right now,LIGHT_ON
would you power off living room lamp right now,LIGHT_OFF
can you switch off lamp right now,LIGHT_OFF
could you turn on bedroom lamp,LIGHT_ON
would you turn off kitchen light for me,LIGHT_OFF
please switch on hall light right now,LIGHT_ON
hey turn off bedroom lamp right now,LIGHT_OFF
could you activate hall lamp right now,LIGHT_ON
please start bedroom led for me,LIGHT_ON
please turn off bedroom light for me,LIGHT_OFF
would you switch on living room lights,LIGHT_ON
power off hall lamp please,LIGHT_OFF
could you turn off kitchen led right now,LIGHT_OFF
power off lamp please,LIGHT_OFF
please disable garage led right now,LIGHT_OFF
could you power on hall led right now,LIGHT_ON
please activate led right now,LIGHT_ON
please set alarm,UNKNOWN
would you disable kitchen light,LIGHT_OFF
can you stop led for me,LIGHT_OFF
switch on hall lights,LIGHT_ON
can you activate kitchen light for me,LIGHT_ON
would you start kitchen led for me,LIGHT_ON
hey deactivate light please,LIGHT_OFF
stop bedroom lights right now,LIGHT_OFF
power off light for me,LIGHT_OFF
could you activate kitchen lamp,LIGHT_ON
please turn off kitchen lights,LIGHT_OFF
could you stop lamp,LIGHT_OFF
hey enable office light right now,LIGHT_ON
can you turn on lights please,LIGHT_ON
turn on bedroom lamp right now,LIGHT_ON
enable lights please,LIGHT_ON
can you power off garage led right now,LIGHT_OFF
hey activate living room lights for me,LIGHT_ON
could you disable office led please,LIGHT_OFF
can you disable bedroom light please,LIGHT_OFF
could you turn off hall lights please,LIGHT_OFF
please start office lamp,LIGHT_ON
deactivate bathroom lamp right now,LIGHT_OFF
would you turn off led right now,LIGHT_OFF
hey power on lamp,LIGHT_ON
would you stop office lamp right now,LIGHT_OFF
can you power on garage lamp right now,LIGHT_ON
can you turn off kitchen lamp for me,LIGHT_OFF
please switch off bedroom light,LIGHT_OFF
power on office light,LIGHT_ON
please switch on living room light,LIGHT_ON
would you power off bedroom led,LIGHT_OFF
could you stop bathroom led for me,LIGHT_OFF
switch on office lamp please,LIGHT_ON
please deactivate kitchen lights right now,LIGHT_OFF
can you enable bedroom led for me,LIGHT_ON
please power off kitchen lights please,LIGHT_OFF
would you deactivate living room lights for me,LIGHT_OFF
could you turn on lights right now,LIGHT_ON
stop living room light for me,LIGHT_OFF
hey stop garage led please,LIGHT_OFF
can you switch on bathroom light,LIGHT_ON
would you stop hall light right now,LIGHT_OFF
can you start bedroom lamp right now,LIGHT_ON
could you turn on hall led right now,LIGHT_ON
can you power off living room lights right now,LIGHT_OFF
can you stop bathroom lights,LIGHT_OFF
please power off office lights,LIGHT_OFF
could you switch off office light please,LIGHT_OFF
can you turn off lamp,LIGHT_OFF
would you turn off garage lights,LIGHT_OFF
hey activate office light for me,LIGHT_ON
can you enable bedroom light,LIGHT_ON
hey switch on living room lamp please,LIGHT_ON
would you power off lamp for me,LIGHT_OFF
can you turn on garage lamp right now,LIGHT_ON
power on living room lights,LIGHT_ON
can you deactivate garage lamp please,LIGHT_OFF
hey power off garage lights please,LIGHT_OFF
please power on lamp right now,LIGHT_ON
hey switch on kitchen light please,LIGHT_ON
would you switch off office led please,LIGHT_OFF
can you enable lamp please,LIGHT_ON
would you power off office lamp,LIGHT_OFF
please turn on hall light for me,LIGHT_ON
switch off garage lamp please,LIGHT_OFF
could you start light right now,LIGHT_ON
can you deactivate living room lamp for me,LIGHT_OFF
please power on bathroom lamp for me,LIGHT_ON
can you activate bedroom light,LIGHT_ON
hey enable hall light right now,LIGHT_ON
can you stop office led please,LIGHT_OFF
activate garage lights right now,LIGHT_ON
could you power on living room led,LIGHT_ON
would you activate kitchen light for me,LIGHT_ON
please enable living room light please,LIGHT_ON
please activate hall lights right now,LIGHT_ON
would you turn off hall led for me,LIGHT_OFF
turn off kitchen led please,LIGHT_OFF
stop kitchen lamp for me,LIGHT_OFF
please switch off garage led please,LIGHT_OFF
would you start bathroom lamp for me,LIGHT_ON
turn off kitchen lights right now,LIGHT_OFF
would you switch on kitchen led,LIGHT_ON
would you start light,LIGHT_ON
can you disable bathroom lights for me,LIGHT_OFF
hey deactivate garage lights,LIGHT_OFF
would you switch on bathroom lights for me,LIGHT_ON
can you stop garage lamp right now,LIGHT_OFF
switch on hall lamp,LIGHT_ON
disable kitchen lights,LIGHT_OFF
please deactivate lights right now,LIGHT_OFF
can you activate hall lamp,LIGHT_ON
can you start lamp please,LIGHT_ON
can you start office lamp for me,LIGHT_ON
hey enable kitchen led please,LIGHT_ON
activate office lights for me,LIGHT_ON
please stop garage light right now,LIGHT_OFF
please turn off living room light for me,LIGHT_OFF
hey stop living room light for me,LIGHT_OFF
stop bedroom lamp,LIGHT_OFF
power on kitchen lamp right now,LIGHT_ON
hey power on living room lamp,LIGHT_ON
could you enable hall light please,LIGHT_ON
please switch off bedroom led for me,LIGHT_OFF
deactivate bedroom lights for me,LIGHT_OFF
would you turn on kitchen light,LIGHT_ON
can you switch off kitchen light right now,LIGHT_OFF
can you deactivate living room lights for me,LIGHT_OFF
hey power on kitchen lights right now,LIGHT_ON
can you turn on garage led please,LIGHT_ON
enable garage lamp,LIGHT_ON
could you power off kitchen lamp,LIGHT_OFF
please switch on garage led,LIGHT_ON
please enable light for me,LIGHT_ON
hey activate bedroom lights for me,LIGHT_ON
hey switch off garage led,LIGHT_OFF
switch off kitchen light please,LIGHT_OFF
can you power off garage lamp for me,LIGHT_OFF
can you enable bathroom lamp,LIGHT_ON
would you activate garage lamp right now,LIGHT_ON
could you stop hall light please,LIGHT_OFF
please stop bathroom light for me,LIGHT_OFF
would you turn off garage led please,LIGHT_OFF
disable bathroom lights right now,LIGHT_OFF
can you activate light for me,LIGHT_ON
could you start bathroom led for me,LIGHT_ON
would you activate bathroom led please,LIGHT_ON
could you start living room lamp right now,LIGHT_ON
could you turn on lamp,LIGHT_ON
can you disable office lights please,LIGHT_OFF
could you turn off bedroom led,LIGHT_OFF
could you power on bedroom led please,LIGHT_ON
would you start garage lights please,LIGHT_ON
activate bedroom led for me,LIGHT_ON
please power on bathroom led for me,LIGHT_ON
can you enable kitchen lamp for me,LIGHT_ON
hey power off light for me,LIGHT_OFF
can you power off living room lamp right now,LIGHT_OFF
activate office led,LIGHT_ON
could you power on light,LIGHT_ON
could you power on garage light for me,LIGHT_ON
hey enable bathroom lights for me,LIGHT_ON
would you switch off kitchen lamp right now,LIGHT_OFF
could you disable bedroom light right now,LIGHT_OFF
can you enable living room light please,LIGHT_ON
switch off kitchen lights please,LIGHT_OFF
hey disable bathroom lights right now,LIGHT_OFF
switch on living room lights for me,LIGHT_ON
would you start lights for me,LIGHT_ON
turn on led,LIGHT_ON
would you turn off garage lamp for me,LIGHT_OFF
would you deactivate bedroom led,LIGHT_OFF
could you deactivate kitchen led,LIGHT_OFF
hey enable hall led,LIGHT_ON
could you enable bedroom lamp please,LIGHT_ON
hey enable living room light,LIGHT_ON
could you enable kitchen led please,LIGHT_ON
enable kitchen lights for me,LIGHT_ON
please turn off led for me,LIGHT_OFF
could you switch on office led right now,LIGHT_ON
can you turn off garage lights,LIGHT_OFF
hey stop kitchen lamp for me,LIGHT_OFF
would you power off bathroom led right now,LIGHT_OFF
hey deactivate hall lamp right now,LIGHT_OFF
turn off bathroom lights please,LIGHT_OFF
please enable hall light right now,LIGHT_ON
would you switch on office led for me,LIGHT_ON
could you activate office lights,LIGHT_ON
can you power off light please,LIGHT_OFF
please stop lamp for me,LIGHT_OFF
could you deactivate bathroom led please,LIGHT_OFF
could you power off bedroom led right now,LIGHT_OFF
could you switch on bathroom light right now,LIGHT_ON
please power on hall light right now,LIGHT_ON
hey disable garage lamp for me,LIGHT_OFF
can you deactivate office led for me,LIGHT_OFF
please deactivate office led please,LIGHT_OFF
can you turn on kitchen lamp right now,LIGHT_ON
please switch on kitchen lamp right now,LIGHT_ON
can you deactivate bedroom lights right now,LIGHT_OFF
can you start living room light please,LIGHT_ON
can you power on bathroom lamp right now,LIGHT_ON
would you deactivate light for me,LIGHT_OFF
please switch off kitchen led for me,LIGHT_OFF
hey enable led for me,LIGHT_ON
please switch off kitchen led,LIGHT_OFF
could you deactivate kitchen light,LIGHT_OFF
would you switch off office led right now,LIGHT_OFF
please turn on kitchen led right now,LIGHT_ON
enable office lights for me,LIGHT_ON
hey disable kitchen led right now,LIGHT_OFF
can you power off bathroom lights right now,LIGHT_OFF
disable hall light,LIGHT_OFF
would you switch off office lamp right now,LIGHT_OFF
can you power off living room lights for me,LIGHT_OFF
can you stop bedroom lights,LIGHT_OFF
would you disable bathroom led please,LIGHT_OFF
please deactivate hall lamp right now,LIGHT_OFF
would you power on kitchen lights,LIGHT_ON
hey start living room light for me,LIGHT_ON
please activate kitchen lamp,LIGHT_ON
can you turn on office lamp please,LIGHT_ON
can you switch off kitchen led,LIGHT_OFF
hey disable office lamp for me,LIGHT_OFF
hey turn off office lamp for me,LIGHT_OFF
hey deactivate hall lights for me,LIGHT_OFF
please start garage light for me,LIGHT_ON
can you start bedroom lights,LIGHT_ON
please stop light please,LIGHT_OFF
hey disable lamp right now,LIGHT_OFF
would you power on office lamp right now,LIGHT_ON
enable light for me,LIGHT_ON
would you deactivate office light right now,LIGHT_OFF
please power on living room lamp right now,LIGHT_ON
hey enable hall led for me,LIGHT_ON
could you activate living room lights,LIGHT_ON
could you stop hall lamp,LIGHT_OFF
please deactivate bathroom lamp please,LIGHT_OFF
hey switch on living room lights,LIGHT_ON
would you enable living room lights for me,LIGHT_ON
could you switch on lights,LIGHT_ON
would you start bedroom led for me,LIGHT_ON
please switch off hall led for me,LIGHT_OFF
please disable office lights for me,LIGHT_OFF
can you activate bedroom led right now,LIGHT_ON
please activate garage led for me,LIGHT_ON
hey turn on bedroom lamp please,LIGHT_ON
hey turn off bathroom lamp for me,LIGHT_OFF
could you turn off living room led please,LIGHT_OFF
please start lamp,LIGHT_ON
would you turn on garage light for me,LIGHT_ON
deactivate hall light right now,LIGHT_OFF
activate garage lights for me,LIGHT_ON
please power off bedroom led right now,LIGHT_OFF
hey stop kitchen lamp right now,LIGHT_OFF
can you power off garage led please,LIGHT_OFF
switch on garage lights right now,LIGHT_ON
could you power on kitchen lights please,LIGHT_ON
enable bathroom lamp,LIGHT_ON
would you switch on hall lamp right now,LIGHT_ON
would you disable hall light please,LIGHT_OFF
can you start lights for me,LIGHT_ON
please deactivate kitchen light please,LIGHT_OFF
would you start bedroom lights please,LIGHT_ON
power off kitchen lamp,LIGHT_OFF
enable hall lamp for me,LIGHT_ON
please power on living room light right now,LIGHT_ON
would you deactivate hall light for me,LIGHT_OFF
deactivate light for me,LIGHT_OFF
can you deactivate garage led right now,LIGHT_OFF
hey turn off office lights,LIGHT_OFF
turn off light please,LIGHT_OFF
would you turn off bathroom lights,LIGHT_OFF
can you stop lights right now,LIGHT_OFF
could you power off light please,LIGHT_OFF
could you disable office light right now,LIGHT_OFF
can you turn off lights please,LIGHT_OFF
could you switch on garage lamp right now,LIGHT_ON
power off bathroom lights right now,LIGHT_OFF
can you power on living room lights for me,LIGHT_ON
can you switch on bedroom lamp please,LIGHT_ON
can you deactivate lights right now,LIGHT_OFF
hey turn off living room lamp for me,LIGHT_OFF
deactivate garage light right now,LIGHT_OFF
please switch off bathroom lamp for me,LIGHT_OFF
can you power on bathroom light please,LIGHT_ON
would you disable garage light,LIGHT_OFF
please enable bathroom lamp right now,LIGHT_ON
please activate living room led for me,LIGHT_ON
would you disable kitchen lights,LIGHT_OFF
could you power on bedroom led for me,LIGHT_ON
power off garage light right now,LIGHT_OFF
can you power on bedroom light for me,LIGHT_ON
would you switch off living room led for me,LIGHT_OFF
hey turn on office lamp,LIGHT_ON
activate living room lights for me,LIGHT_ON
enable hall light,LIGHT_ON
power off light right now,LIGHT_OFF
can you switch on garage lamp for me,LIGHT_ON
good night,UNKNOWN
hey stop office led for me,LIGHT_OFF
would you turn on hall lamp please,LIGHT_ON
please deactivate bathroom led please,LIGHT_OFF
can you disable bedroom led for me,LIGHT_OFF
would you power off garage lamp right now,LIGHT_OFF
would you enable lights right now,LIGHT_ON
could you switch off living room light right now,LIGHT_OFF
can you switch off bathroom lights right now,LIGHT_OFF
switch on hall led,LIGHT_ON
hey switch off hall lights please,LIGHT_OFF
switch on kitchen lights please,LIGHT_ON
could you deactivate hall lamp right now,LIGHT_OFF
could you stop living room lights for me,LIGHT_OFF
can you start garage light please,LIGHT_ON
hey turn off lamp for me,LIGHT_OFF
can you start kitchen led please,LIGHT_ON
hey turn on kitchen led,LIGHT_ON
would you power on bedroom lamp right now,LIGHT_ON
hey deactivate kitchen lights,LIGHT_OFF
please disable garage lights,LIGHT_OFF
could you power off office light,LIGHT_OFF
can you enable garage light right now,LIGHT_ON
would you stop office lights right now,LIGHT_OFF
start lamp please,LIGHT_ON
stop bathroom led right now,LIGHT_OFF
please stop hall lights please,LIGHT_OFF
can you start garage lamp,LIGHT_ON
power on bedroom light for me,LIGHT_ON
please disable bathroom light right now,LIGHT_OFF
hey start bathroom light for me,LIGHT_ON
could you enable living room lights for me,LIGHT_ON
please turn off kitchen lights for me,LIGHT_OFF
deactivate office lamp for me,LIGHT_OFF
would you start hall light for me,LIGHT_ON
can you activate office lights,LIGHT_ON
disable light for me,LIGHT_OFF
hey deactivate lamp please,LIGHT_OFF
could you switch on garage led right now,LIGHT_ON
turn on office lights,LIGHT_ON
could you turn off light right now,LIGHT_OFF
could you stop office lights,LIGHT_OFF
please enable living room lights please,LIGHT_ON
hey enable hall lights please,LIGHT_ON
would you power on bathroom lamp please,LIGHT_ON
would you deactivate garage lamp right now,LIGHT_OFF
hey enable hall lights,LIGHT_ON
please turn on living room led please,LIGHT_ON
switch off hall light,LIGHT_OFF
increase temperature,UNKNOWN
activate bathroom lamp right now,LIGHT_ON
please power on lamp,LIGHT_ON
please disable kitchen led for me,LIGHT_OFF
switch on bathroom led right now,LIGHT_ON
please power on bedroom light right now,LIGHT_ON
please power off office lamp right now,LIGHT_OFF
turn on bathroom led right now,LIGHT_ON
turn off bathroom lights for me,LIGHT_OFF
hey start bedroom lamp right now,LIGHT_ON
could you disable office light,LIGHT_OFF
would you power on bedroom led,LIGHT_ON
please power off office led for me,LIGHT_OFF
can you switch on bedroom led right now,LIGHT_ON
would you disable living room light please,LIGHT_OFF
hey turn on hall led for me,LIGHT_ON
please switch off bathroom lamp right now,LIGHT_OFF
please switch on hall lamp for me,LIGHT_ON
please switch off living room led,LIGHT_OFF
would you turn on kitchen light right now,LIGHT_ON
switch on lights right now,LIGHT_ON
would you deactivate hall led,LIGHT_OFF
hey start led right now,LIGHT_ON
hey turn off living room light,LIGHT_OFF
would you power off garage lamp,LIGHT_OFF
hey turn on bathroom lights please,LIGHT_ON
could you stop hall light right now,LIGHT_OFF
please turn on lights for me,LIGHT_ON
activate hall led for me,LIGHT_ON
could you turn on garage lamp right now,LIGHT_ON
can you switch on office light right now,LIGHT_ON
could you start bedroom led please,LIGHT_ON
could you start hall led right now,LIGHT_ON
power off led right now,LIGHT_OFF
please switch off hall led right now,LIGHT_OFF
can you stop garage led right now,LIGHT_OFF
would you switch on light please,LIGHT_ON
deactivate bathroom lights,LIGHT_OFF
would you switch off garage led,LIGHT_OFF
would you power off hall light please,LIGHT_OFF
hey power off office light please,LIGHT_OFF
can you start hall light,LIGHT_ON
please power off led,LIGHT_OFF
would you power on kitchen led,LIGHT_ON
can you stop living room light for me,LIGHT_OFF
power off lights right now,LIGHT_OFF
can you turn off office light please,LIGHT_OFF
could you switch on lamp please,LIGHT_ON
please turn on garage lamp right now,LIGHT_ON
could you switch on office lights right now,LIGHT_ON
please power on office light,LIGHT_ON
please turn off living room led for me,LIGHT_OFF
please switch on hall light for me,LIGHT_ON
please power on garage led please,LIGHT_ON
could you turn on kitchen lamp please,LIGHT_ON
please power off living room lamp,LIGHT_OFF
hey power off living room lights right now,LIGHT_OFF
could you power off led for me,LIGHT_OFF
can you activate garage led,LIGHT_ON
please turn off bathroom led,LIGHT_OFF
would you start hall lamp please,LIGHT_ON
could you deactivate office led please,LIGHT_OFF
hey switch on office lamp right now,LIGHT_ON
can you disable light right now,LIGHT_OFF
switch on hall lamp please,LIGHT_ON
would you activate office light,LIGHT_ON
please deactivate kitchen led please,LIGHT_OFF
would you switch on led please,LIGHT_ON
enable hall lights for me,LIGHT_ON
would you deactivate hall lights,LIGHT_OFF
hey turn on bedroom lamp,LIGHT_ON
please power off garage lamp for me,LIGHT_OFF
can you turn on kitchen led please,LIGHT_ON
turn on hall lights for me,LIGHT_ON
would you power off hall light,LIGHT_OFF
could you switch on office led,LIGHT_ON
would you power off light please,LIGHT_OFF
please turn off bedroom lights for me,LIGHT_OFF
can you disable kitchen lamp for me,LIGHT_OFF
could you switch on lamp right now,LIGHT_ON
power on light right now,LIGHT_ON
can you start hall lamp please,LIGHT_ON
please power off hall lights for me,LIGHT_OFF
please power on lights right now,LIGHT_ON
could you switch off bathroom lights please,LIGHT_OFF
please power on living room lights for me,LIGHT_ON
hey switch off hall light for me,LIGHT_OFF
please power on living room led please,LIGHT_ON
hey switch off office lamp,LIGHT_OFF
would you disable lights please,LIGHT_OFF
can you turn on garage light right now,LIGHT_ON
can you turn on light right now,LIGHT_ON
hey switch on bedroom light please,LIGHT_ON
could you enable office led right now,LIGHT_ON
could you activate office led for me,LIGHT_ON
turn on office led for me,LIGHT_ON
hey deactivate living room lamp,LIGHT_OFF
would you switch off hall lamp,LIGHT_OFF
could you enable hall lamp,LIGHT_ON
disable office lamp,LIGHT_OFF
can you power on hall light right now,LIGHT_ON
could you activate garage lamp right now,LIGHT_ON
please turn on bathroom lamp right now,LIGHT_ON
would you stop kitchen led please,LIGHT_OFF
activate living room lights please,LIGHT_ON
can you activate office lamp please,LIGHT_ON
power off office lights right now,LIGHT_OFF
would you power off kitchen light,LIGHT_OFF
activate garage lights,LIGHT_ON
switch on garage light,LIGHT_ON
would you turn off hall lamp please,LIGHT_OFF
could you switch on led,LIGHT_ON
can you stop led,LIGHT_OFF
disable office lights,LIGHT_OFF
would you turn off garage light,LIGHT_OFF
could you activate living room light right now,LIGHT_ON
hey power off bedroom lights for me,LIGHT_OFF
switch on bathroom lamp for me,LIGHT_ON
could you power off lamp right now,LIGHT_OFF
would you turn off lights,LIGHT_OFF
could you power on bedroom lights for me,LIGHT_ON
could you turn off led,LIGHT_OFF
could you turn on light right now,LIGHT_ON
please stop kitchen lamp,LIGHT_OFF
could you stop hall led please,LIGHT_OFF
could you activate bedroom light,LIGHT_ON
could you disable office lights right now,LIGHT_OFF
power on lights for me,LIGHT_ON
hey switch on hall led,LIGHT_ON
can you power off bedroom led right now,LIGHT_OFF
please switch off lights please,LIGHT_OFF
would you activate hall lights for me,LIGHT_ON
can you turn off garage lights for me,LIGHT_OFF
would you start bathroom led for me,LIGHT_ON
hey power off office light right now,LIGHT_OFF
please activate living room light for me,LIGHT_ON
please start bedroom lamp for me,LIGHT_ON
power on office lights right now,LIGHT_ON
please power off bedroom lights,LIGHT_OFF
could you switch on living room lamp please,LIGHT_ON
activate living room lamp right now,LIGHT_ON
would you power off bedroom led for me,LIGHT_OFF
hey activate garage lamp please,LIGHT_ON
can you switch on lamp for me,LIGHT_ON
turn off kitchen light,LIGHT_OFF
can you switch off office lights for me,LIGHT_OFF
would you disable office light,LIGHT_OFF
would you turn on hall light right now,LIGHT_ON
could you activate bathroom light please,LIGHT_ON
could you start garage led for me,LIGHT_ON
could you deactivate office led for me,LIGHT_OFF
please disable kitchen led,LIGHT_OFF
please turn off kitchen light please,LIGHT_OFF
can you disable bathroom led right now,LIGHT_OFF
can you turn on bedroom led for me,LIGHT_ON
please turn on office light for me,LIGHT_ON
hey power off office lamp for me,LIGHT_OFF
could you switch on bathroom light please,LIGHT_ON
please activate office light for me,LIGHT_ON
could you switch on living room light,LIGHT_ON
would you enable bedroom light right now,LIGHT_ON
please turn off hall lamp,LIGHT_OFF
could you disable lights for me,LIGHT_OFF
could you switch off kitchen led for me,LIGHT_OFF
start led for me,LIGHT_ON
could you disable bedroom light for me,LIGHT_OFF
would you turn on bedroom lamp for me,LIGHT_ON
would you enable kitchen lamp,LIGHT_ON
can you turn off living room lights,LIGHT_OFF
can you enable living room led please,LIGHT_ON
can you power off bedroom light please,LIGHT_OFF
would you power off led please,LIGHT_OFF
hey turn on living room light right now,LIGHT_ON
can you start bedroom led please,LIGHT_ON
hey stop bathroom lights right now,LIGHT_OFF
please power off living room lights right now,LIGHT_OFF
hey disable bedroom lamp right now,LIGHT_OFF
start kitchen light,LIGHT_ON
hey stop living room led for me,LIGHT_OFF
please turn off light,LIGHT_OFF
hey switch off living room lights please,LIGHT_OFF
can you stop bathroom lights please,LIGHT_OFF
would you turn off lights right now,LIGHT_OFF
can you stop bedroom lights for me,LIGHT_OFF
would you stop bedroom lights right now,LIGHT_OFF
please disable living room lights right now,LIGHT_OFF
hey stop bedroom lights,LIGHT_OFF
turn off bathroom lamp right now,LIGHT_OFF
hey stop bedroom lights for me,LIGHT_OFF
would you enable garage light please,LIGHT_ON
hey stop light please,LIGHT_OFF
please switch on hall led for me,LIGHT_ON
activate hall lights right now,LIGHT_ON
could you switch off garage lamp for me,LIGHT_OFF
could you power off kitchen light please,LIGHT_OFF
hey enable kitchen lamp please,LIGHT_ON
turn on garage led right now,LIGHT_ON
can you disable kitchen lights right now,LIGHT_OFF
hey enable hall lamp for me,LIGHT_ON
could you deactivate office lights right now,LIGHT_OFF
deactivate bedroom lamp right now,LIGHT_OFF
could you disable hall lamp,LIGHT_OFF
play music,UNKNOWN
can you enable living room led right now,LIGHT_ON
could you power off lights for me,LIGHT_OFF
activate hall lamp,LIGHT_ON
deactivate living room led right now,LIGHT_OFF
switch off lamp for me,LIGHT_OFF
hey turn on garage led for me,LIGHT_ON
hey enable bathroom led please,LIGHT_ON
can you switch off led right now,LIGHT_OFF
would you enable kitchen lamp right now,LIGHT_ON
could you power off bathroom lamp,LIGHT_OFF
would you switch off office lamp,LIGHT_OFF
hey turn on kitchen light please,LIGHT_ON
hey switch off hall lamp for me,LIGHT_OFF
please enable bathroom light for me,LIGHT_ON
could you disable kitchen led for me,LIGHT_OFF
could you disable kitchen lights for me,LIGHT_OFF
can you start kitchen led for me,LIGHT_ON
hey deactivate hall light right now,LIGHT_OFF
can you activate office lights right now,LIGHT_ON
can you start bedroom lights right now,LIGHT_ON
play music please,UNKNOWN
hey stop living room lights please,LIGHT_OFF
switch off garage lamp,LIGHT_OFF
disable garage lights please,LIGHT_OFF
could you turn on bedroom lamp for me,LIGHT_ON
could you switch off hall lights,LIGHT_OFF
please turn off office led for me,LIGHT_OFF
stop garage lights please,LIGHT_OFF
can you start garage led for me,LIGHT_ON
would you disable hall lights for me,LIGHT_OFF
would you deactivate lamp right now,LIGHT_OFF
hey switch off led for me,LIGHT_OFF
please stop garage lamp please,LIGHT_OFF
please deactivate led,LIGHT_OFF
hey turn on bathroom lights right now,LIGHT_ON
could you power off hall light,LIGHT_OFF
hey switch off hall led please,LIGHT_OFF
hey start hall led for me,LIGHT_ON
could you power on living room light for me,LIGHT_ON
please start kitchen lamp right now,LIGHT_ON
would you power off office lights,LIGHT_OFF
hey disable bedroom led please,LIGHT_OFF
could you turn off garage lamp right now,LIGHT_OFF
can you turn off garage led,LIGHT_OFF
can you switch off office lights please,LIGHT_OFF
would you turn on kitchen led for me,LIGHT_ON
would you switch on garage lamp please,LIGHT_ON
please power on hall light please,LIGHT_ON
please turn off bathroom led please,LIGHT_OFF
would you power off garage lamp please,LIGHT_OFF
hey switch on bathroom led please,LIGHT_ON
please enable kitchen lights right now,LIGHT_ON
could you switch off bathroom lamp right now,LIGHT_OFF
hey power off living room lights please,LIGHT_OFF
could you power on garage lights for me,LIGHT_ON
can you switch off kitchen lights please,LIGHT_OFF
hey stop hall light please,LIGHT_OFF
hey power off garage light right now,LIGHT_OFF
would you power on bedroom lamp for me,LIGHT_ON
hey power on garage led,LIGHT_ON
power off bathroom lights please,LIGHT_OFF
can you switch on hall lights,LIGHT_ON
would you deactivate bedroom light,LIGHT_OFF
can you power on bathroom lights,LIGHT_ON
power off office lamp for me,LIGHT_OFF
please deactivate bedroom lamp please,LIGHT_OFF
could you switch off hall light right now,LIGHT_OFF
power off bathroom light for me,LIGHT_OFF
hey switch on kitchen led for me,LIGHT_ON
can you power on office led,LIGHT_ON
can you enable led for me,LIGHT_ON
turn on office lamp,LIGHT_ON
please disable garage lamp right now,LIGHT_OFF
would you deactivate garage light please,LIGHT_OFF
can you enable hall light,LIGHT_ON
turn off kitchen light please,LIGHT_OFF
would you turn off bedroom lamp right now,LIGHT_OFF
would you turn on bathroom light,LIGHT_ON
turn off office led for me,LIGHT_OFF
activate bathroom led please,LIGHT_ON
would you deactivate led right now,LIGHT_OFF
could you enable led for me,LIGHT_ON
can you turn off bathroom lamp please,LIGHT_OFF
hey enable kitchen led,LIGHT_ON
please stop office led please,LIGHT_OFF
please disable living room led please,LIGHT_OFF
could you deactivate living room light for me,LIGHT_OFF
stop light please,LIGHT_OFF
would you switch on lamp right now,LIGHT_ON
please disable hall lamp please,LIGHT_OFF
please switch on light for me,LIGHT_ON
please enable office lights right now,LIGHT_ON
hey switch off hall lamp please,LIGHT_OFF
how are you,UNKNOWN
can you power on hall lamp,LIGHT_ON
power on kitchen lamp,LIGHT_ON
could you turn on kitchen lamp right now,LIGHT_ON
decrease temperature please,UNKNOWN
would you enable hall light for me,LIGHT_ON
activate bedroom lamp,LIGHT_ON
would you turn on garage light please,LIGHT_ON
please start living room led right now,LIGHT_ON
can you deactivate light right now,LIGHT_OFF
could you disable light,LIGHT_OFF
would you switch off lights,LIGHT_OFF
could you switch off kitchen lamp right now,LIGHT_OFF
hey power off garage lamp,LIGHT_OFF
hey activate living room led please,LIGHT_ON
could you power off garage lights right now,LIGHT_OFF
would you turn on living room lights right now,LIGHT_ON
hey turn off living room lights right now,LIGHT_OFF
would you power off bathroom lights,LIGHT_OFF
decrease temperature,UNKNOWN
hey turn on bathroom lamp,LIGHT_ON
would you power off kitchen lights right now,LIGHT_OFF
stop office lamp right now,LIGHT_OFF
power on bathroom lamp for me,LIGHT_ON
please switch off bathroom led for me,LIGHT_OFF
deactivate hall lights right now,LIGHT_OFF
hey enable bedroom lamp,LIGHT_ON
please activate hall lamp for me,LIGHT_ON
hey start office lamp right now,LIGHT_ON
please switch on kitchen lights please,LIGHT_ON
would you power on kitchen lamp right now,LIGHT_ON
please activate kitchen led,LIGHT_ON
disable kitchen lights right now,LIGHT_OFF
please switch off office lights for me,LIGHT_OFF
hey disable bathroom led right now,LIGHT_OFF
switch on bedroom light please,LIGHT_ON
switch on office lights please,LIGHT_ON
please switch on bedroom lights,LIGHT_ON
could you turn off bedroom led please,LIGHT_OFF
please disable hall lights right now,LIGHT_OFF
please enable bedroom lights,LIGHT_ON
can you turn on hall lights for me,LIGHT_ON
would you enable living room led please,LIGHT_ON
would you enable bathroom light for me,LIGHT_ON
could you power on hall lamp,LIGHT_ON
could you activate living room light please,LIGHT_ON
can you activate living room led,LIGHT_ON
can you disable garage light for me,LIGHT_OFF
could you activate kitchen led,LIGHT_ON
enable hall lights right now,LIGHT_ON
could you activate led please,LIGHT_ON
can you deactivate living room light for me,LIGHT_OFF
hey stop bedroom light right now,LIGHT_OFF
hey deactivate garage light right now,LIGHT_OFF
could you deactivate hall lights right now,LIGHT_OFF
can you stop bedroom light for me,LIGHT_OFF
please deactivate kitchen lights please,LIGHT_OFF
could you turn on hall lights please,LIGHT_ON
could you power on bedroom lamp right now,LIGHT_ON
could you turn off hall lights,LIGHT_OFF
could you switch on living room lights please,LIGHT_ON
would you switch off garage lights please,LIGHT_OFF
could you switch on light right now,LIGHT_ON
please turn off bedroom lamp please,LIGHT_OFF
hey power off kitchen led,LIGHT_OFF
hey switch off living room light for me,LIGHT_OFF
activate bathroom led for me,LIGHT_ON
hey power on living room light for me,LIGHT_ON
can you start garage lights please,LIGHT_ON
enable living room led,LIGHT_ON
please power off hall lamp for me,LIGHT_OFF
can you switch off living room lights for me,LIGHT_OFF
could you enable bathroom led,LIGHT_ON
please stop led right now,LIGHT_OFF
can you deactivate bedroom led,LIGHT_OFF
hey start bedroom led right now,LIGHT_ON
hey deactivate office led please,LIGHT_OFF
please enable garage lights for me,LIGHT_ON
hey start office light,LIGHT_ON
can you stop bedroom lights right now,LIGHT_OFF
can you switch on led for me,LIGHT_ON
hey activate kitchen light for me,LIGHT_ON
can you power on light right now,LIGHT_ON
can you turn on light for me,LIGHT_ON
can you switch off led please,LIGHT_OFF
hey switch off garage lights for me,LIGHT_OFF
turn off hall lights please,LIGHT_OFF
deactivate hall lights please,LIGHT_OFF
hey start hall light,LIGHT_ON
could you enable living room led,LIGHT_ON
turn on kitchen light for me,LIGHT_ON
hey power on kitchen led for me,LIGHT_ON
could you disable bedroom lamp please,LIGHT_OFF
would you power off hall light right now,LIGHT_OFF
would you enable garage led,LIGHT_ON
disable bedroom led please,LIGHT_OFF
would you enable lamp,LIGHT_ON
can you start kitchen light please,LIGHT_ON
can you power off hall lamp please,LIGHT_OFF
would you activate bathroom lights,LIGHT_ON
could you power off bedroom lights,LIGHT_OFF
hey disable kitchen lights for me,LIGHT_OFF
could you turn off office light please,LIGHT_OFF
would you activate bedroom led please,LIGHT_ON
can you power off bedroom lights right now,LIGHT_OFF
could you activate led,LIGHT_ON
can you enable bedroom light for me,LIGHT_ON
please deactivate living room light,LIGHT_OFF
would you turn on lamp please,LIGHT_ON
hey power on hall led please,LIGHT_ON
can you disable light for me,LIGHT_OFF
can you turn on bathroom lights for me,LIGHT_ON
hey switch off hall led for me,LIGHT_OFF
activate kitchen lamp please,LIGHT_ON
can you activate light,LIGHT_ON
would you power on bathroom lamp right now,LIGHT_ON
could you turn on office led,LIGHT_ON
hey power on kitchen light,LIGHT_ON
please switch off lamp,LIGHT_OFF
start garage light please,LIGHT_ON
please enable living room light,LIGHT_ON
set alarm,UNKNOWN
hey turn on garage lights for me,LIGHT_ON
deactivate hall lamp,LIGHT_OFF
switch off bedroom light please,LIGHT_OFF
power off hall light please,LIGHT_OFF
turn off led right now,LIGHT_OFF
can you switch off kitchen lamp please,LIGHT_OFF
can you power off office led,LIGHT_OFF
please activate living room lights,LIGHT_ON
power on living room lamp please,LIGHT_ON
switch off hall lights for me,LIGHT_OFF
hey activate living room lights,LIGHT_ON
would you deactivate hall lights right now,LIGHT_OFF
power on living room led for me,LIGHT_ON
please deactivate garage led,LIGHT_OFF
would you start bathroom light please,LIGHT_ON
turn on living room light please,LIGHT_ON
switch on bathroom lights right now,LIGHT_ON
would you stop led right now,LIGHT_OFF
would you power on lamp please,LIGHT_ON
hey power off lights please,LIGHT_OFF
start lights,LIGHT_ON
switch off living room light,LIGHT_OFF
can you enable garage led for me,LIGHT_ON
please turn on bedroom light,LIGHT_ON
turn on living room led,LIGHT_ON
hey turn on light please,LIGHT_ON
would you start living room lights,LIGHT_ON
stop kitchen light for me,LIGHT_OFF
can you switch on bedroom led,LIGHT_ON
please deactivate living room led,LIGHT_OFF
please power off bedroom lamp,LIGHT_OFF
enable office led please,LIGHT_ON
would you switch on office lights,LIGHT_ON
could you activate bathroom lights,LIGHT_ON
could you switch off led for me,LIGHT_OFF
hey disable lamp,LIGHT_OFF
hey switch off bedroom lamp for me,LIGHT_OFF
hey turn on garage lamp right now,LIGHT_ON
would you power off hall led please,LIGHT_OFF
would you switch off garage light,LIGHT_OFF
would you stop garage lamp right now,LIGHT_OFF
could you deactivate garage lamp please,LIGHT_OFF
please turn on hall lamp for me,LIGHT_ON
please turn off office lamp,LIGHT_OFF
would you turn off bedroom light for me,LIGHT_OFF
would you enable hall lights right now,LIGHT_ON
would you turn on office lights for me,LIGHT_ON
could you stop office light right now,LIGHT_OFF
hey enable bathroom light,LIGHT_ON
please disable office light,LIGHT_OFF
can you disable bathroom led please,LIGHT_OFF
turn on kitchen lamp,LIGHT_ON
please switch on kitchen light for me,LIGHT_ON
would you switch off living room lights right now,LIGHT_OFF
stop office lamp please,LIGHT_OFF
can you deactivate bedroom led please,LIGHT_OFF
hey switch on hall light for me,LIGHT_ON
can you enable hall light for me,LIGHT_ON
could you start garage light please,LIGHT_ON
could you start garage lamp,LIGHT_ON
can you activate office lamp,LIGHT_ON
could you stop bedroom light please,LIGHT_OFF
hey switch on office led right now,LIGHT_ON
hey turn on led,LIGHT_ON
could you power off living room lights right now,LIGHT_OFF
please turn on bedroom light for me,LIGHT_ON
would you switch on kitchen light right now,LIGHT_ON
hey switch on hall led right now,LIGHT_ON
could you switch off light right now,LIGHT_OFF
can you switch off led,LIGHT_OFF
hey deactivate kitchen led,LIGHT_OFF
would you turn on garage lamp right now,LIGHT_ON
can you deactivate hall light,LIGHT_OFF
hey turn off garage light for me,LIGHT_OFF
can you stop lamp for me,LIGHT_OFF
can you switch off office led,LIGHT_OFF
would you power off office lamp for me,LIGHT_OFF
hey deactivate kitchen led right now,LIGHT_OFF
can you enable garage led right now,LIGHT_ON
please power off bathroom light,LIGHT_OFF
can you switch off garage led,LIGHT_OFF
could you deactivate hall lamp,LIGHT_OFF
hey deactivate garage led please,LIGHT_OFF
could you turn on office lamp please,LIGHT_ON
could you turn off hall led,LIGHT_OFF
hey disable led right now,LIGHT_OFF
could you turn off hall light,LIGHT_OFF
power off garage light,LIGHT_OFF
can you power on bedroom lights,LIGHT_ON
could you activate living room led,LIGHT_ON
start office led right now,LIGHT_ON
switch on office lights,LIGHT_ON
hey disable kitchen light,LIGHT_OFF
could you start living room lamp,LIGHT_ON
can you disable bedroom light right now,LIGHT_OFF
would you activate kitchen lights right now,LIGHT_ON
could you turn on bathroom light,LIGHT_ON
would you enable bathroom lamp please,LIGHT_ON
would you power off garage light right now,LIGHT_OFF
could you switch off kitchen light for me,LIGHT_OFF
would you switch off garage led please,LIGHT_OFF
start office led for me,LIGHT_ON
could you turn off hall lamp for me,LIGHT_OFF
switch off kitchen led right now,LIGHT_OFF
could you disable living room lamp please,LIGHT_OFF
could you power on garage light please,LIGHT_ON
hey power off bedroom led,LIGHT_OFF
start kitchen led,LIGHT_ON
could you turn off office lamp please,LIGHT_OFF
would you activate lights right now,LIGHT_ON
could you switch off hall lights for me,LIGHT_OFF
deactivate living room led,LIGHT_OFF
disable bedroom lamp,LIGHT_OFF
could you turn on living room lights right now,LIGHT_ON
could you enable kitchen lights for me,LIGHT_ON
can you enable hall lights for me,LIGHT_ON
would you turn on bedroom light,LIGHT_ON
could you stop office led for me,LIGHT_OFF
can you turn off kitchen light for me,LIGHT_OFF
would you stop hall led right now,LIGHT_OFF
could you power off garage lights for me,LIGHT_OFF
would you start light right now,LIGHT_ON
hey switch on hall lamp for me,LIGHT_ON
please switch off garage light right now,LIGHT_OFF
would you activate bathroom light please,LIGHT_ON
could you power on living room led for me,LIGHT_ON
turn off lamp,LIGHT_OFF
power on bedroom light,LIGHT_ON
switch on living room lights please,LIGHT_ON
activate living room light,LIGHT_ON
switch off bathroom lights for me,LIGHT_OFF
turn on bedroom light right now,LIGHT_ON
please start office light for me,LIGHT_ON
please turn on hall light please,LIGHT_ON
power off bathroom led right now,LIGHT_OFF
please switch off hall lights right now,LIGHT_OFF
please stop hall lights,LIGHT_OFF
would you disable bedroom light right now,LIGHT_OFF
can you switch on bedroom lamp for me,LIGHT_ON
would you power on led please,LIGHT_ON
could you switch off garage lights for me,LIGHT_OFF
hey deactivate living room led,LIGHT_OFF
could you turn on garage lamp for me,LIGHT_ON
please power off bathroom led,LIGHT_OFF
could you deactivate garage lights right now,LIGHT_OFF
would you power on bedroom lights please,LIGHT_ON
stop hall led right now,LIGHT_OFF
hey start living room lights right now,LIGHT_ON
turn off living room led for me,LIGHT_OFF
could you deactivate living room lamp right now,LIGHT_OFF
enable bedroom lamp for me,LIGHT_ON
can you stop living room lights,LIGHT_OFF
would you switch off light please,LIGHT_OFF
turn on kitchen lights for me,LIGHT_ON
hey deactivate bathroom light please,LIGHT_OFF
please deactivate garage light,LIGHT_OFF
could you stop office lamp right now,LIGHT_OFF
turn off living room lights for me,LIGHT_OFF
would you stop office light for me,LIGHT_OFF
could you disable office lamp please,LIGHT_OFF
can you power off lamp right now,LIGHT_OFF
stop lamp for me,LIGHT_OFF
could you enable bathroom lamp,LIGHT_ON
please power off lamp please,LIGHT_OFF
would you deactivate lights right now,LIGHT_OFF
can you disable lamp,LIGHT_OFF
could you power on garage lamp please,LIGHT_ON
please deactivate garage lights please,LIGHT_OFF
would you switch off garage lights for me,LIGHT_OFF
please turn off kitchen lights please,LIGHT_OFF
switch on kitchen lamp,LIGHT_ON
please disable living room light for me,LIGHT_OFF
please disable hall lamp for me,LIGHT_OFF
could you stop led for me,LIGHT_OFF
can you disable living room lamp please,LIGHT_OFF
power on office led,LIGHT_ON
please turn off garage lamp right now,LIGHT_OFF
could you power on living room light,LIGHT_ON
hey disable bathroom lamp please,LIGHT_OFF
can you turn off office lamp please,LIGHT_OFF
would you enable kitchen light please,LIGHT_ON
can you power off bedroom lamp for me,LIGHT_OFF
please power on office lamp please,LIGHT_ON
switch on hall light,LIGHT_ON
please deactivate garage lights for me,LIGHT_OFF
can you switch off hall lights please,LIGHT_OFF
hey turn on lamp please,LIGHT_ON
please turn off light right now,LIGHT_OFF
can you power off living room light for me,LIGHT_OFF
can you turn on office led,LIGHT_ON
would you switch on garage light right now,LIGHT_ON
please switch off office lamp right now,LIGHT_OFF
please disable garage lights right now,LIGHT_OFF
can you switch on living room lights right now,LIGHT_ON
could you power on lamp for me,LIGHT_ON
would you switch on living room lamp for me,LIGHT_ON
hey disable lights for me,LIGHT_OFF
could you power off living room lamp,LIGHT_OFF
hey activate kitchen lamp right now,LIGHT_ON
please stop light right now,LIGHT_OFF
hey switch on lamp for me,LIGHT_ON
can you turn on bathroom lamp for me,LIGHT_ON
please stop bedroom lamp for me,LIGHT_OFF
enable living room lamp for me,LIGHT_ON
please turn on hall light,LIGHT_ON
start led please,LIGHT_ON
switch on living room lights right now,LIGHT_ON
power on garage light for me,LIGHT_ON
switch on kitchen lights for me,LIGHT_ON
please activate office lights right now,LIGHT_ON
please deactivate bedroom light right now,LIGHT_OFF
please turn on led,LIGHT_ON
hey power on office led please,LIGHT_ON
switch off kitchen light right now,LIGHT_OFF
please start garage lights for me,LIGHT_ON
please power off living room lamp for me,LIGHT_OFF
can you deactivate lights,LIGHT_OFF
please switch off living room lamp please,LIGHT_OFF
could you turn on hall lamp right now,LIGHT_ON
would you start lamp right now,LIGHT_ON
hey enable kitchen light,LIGHT_ON
can you turn on light,LIGHT_ON
can you switch on light for me,LIGHT_ON
could you power off garage light please,LIGHT_OFF
would you power off bedroom lights for me,LIGHT_OFF
deactivate office led please,LIGHT_OFF
can you deactivate hall lights right now,LIGHT_OFF
please activate kitchen light right now,LIGHT_ON
could you turn off office lights,LIGHT_OFF
please power on bedroom led right now,LIGHT_ON
would you turn on garage lights,LIGHT_ON
can you switch on hall light for me,LIGHT_ON
can you turn off bathroom lights for me,LIGHT_OFF
would you switch off lamp for me,LIGHT_OFF
hey activate bathroom lamp right now,LIGHT_ON
turn on bathroom light for me,LIGHT_ON
can you enable office lights for me,LIGHT_ON
activate hall led,LIGHT_ON
would you disable bedroom led right now,LIGHT_OFF
hey turn on bathroom led,LIGHT_ON
could you enable bathroom lights,LIGHT_ON
please switch on office lamp right now,LIGHT_ON
would you disable living room lights,LIGHT_OFF
could you deactivate hall lights,LIGHT_OFF
would you disable garage lamp please,LIGHT_OFF
switch off kitchen led,LIGHT_OFF
enable bedroom lights please,LIGHT_ON
power on garage lamp,LIGHT_ON
please turn on light please,LIGHT_ON
would you power on hall led for me,LIGHT_ON
please deactivate living room lamp for me,LIGHT_OFF
please deactivate bedroom led for me,LIGHT_OFF
can you deactivate kitchen lamp please,LIGHT_OFF
would you deactivate office lights for me,LIGHT_OFF
hey power on bathroom light,LIGHT_ON
would you turn off office lights please,LIGHT_OFF
hey switch on lights for me,LIGHT_ON
would you turn on living room led,LIGHT_ON
could you turn on garage light,LIGHT_ON
hey switch off kitchen light for me,LIGHT_OFF
please activate office lights for me,LIGHT_ON
could you start bedroom lights for me,LIGHT_ON
please turn off lights please,LIGHT_OFF
could you switch on living room light please,LIGHT_ON
power off living room led,LIGHT_OFF
would you start hall lamp for me,LIGHT_ON
please activate garage led right now,LIGHT_ON
would you activate light for me,LIGHT_ON
please activate living room lamp,LIGHT_ON
disable kitchen led please,LIGHT_OFF
hey start kitchen light,LIGHT_ON
please disable kitchen lamp right now,LIGHT_OFF
could you power on garage lamp for me,LIGHT_ON
can you enable kitchen lamp,LIGHT_ON
hey stop bathroom light right now,LIGHT_OFF
can you start office lamp right now,LIGHT_ON
can you switch off bathroom lights for me,LIGHT_OFF
please power off office lights please,LIGHT_OFF
can you disable office light,LIGHT_OFF
would you turn off hall light,LIGHT_OFF
can you power on bathroom light for me,LIGHT_ON
can you power off garage light right now,LIGHT_OFF
hey turn on light,LIGHT_ON
could you turn off bedroom lamp for me,LIGHT_OFF
would you activate living room led please,LIGHT_ON
could you start bedroom lamp right now,LIGHT_ON
please power on hall led,LIGHT_ON
hey activate bathroom lights for me,LIGHT_ON
switch off living room lights for me,LIGHT_OFF
hey enable bathroom lamp for me,LIGHT_ON
would you deactivate lights for me,LIGHT_OFF
could you power on kitchen lights,LIGHT_ON
could you power off office light right now,LIGHT_OFF
please turn off hall light right now,LIGHT_OFF
would you turn on hall lights right now,LIGHT_ON
power off bedroom light for me,LIGHT_OFF
can you stop light right now,LIGHT_OFF
can you power on living room lights please,LIGHT_ON
stop garage lights right now,LIGHT_OFF
would you enable hall led please,LIGHT_ON
could you stop office lamp,LIGHT_OFF
hey disable living room lights right now,LIGHT_OFF
could you switch on garage light,LIGHT_ON
can you deactivate office light please,LIGHT_OFF
power on bedroom lamp please,LIGHT_ON
please stop hall led,LIGHT_OFF
would you stop kitchen lights for me,LIGHT_OFF
hey power off garage lamp right now,LIGHT_OFF
hey switch on garage lights right now,LIGHT_ON
banana,UNKNOWN
please switch on living room lights for me,LIGHT_ON
please switch on kitchen led for me,LIGHT_ON
could you disable hall led right now,LIGHT_OFF
could you enable bathroom lamp for me,LIGHT_ON
please turn on office light please,LIGHT_ON
can you power on living room light for me,LIGHT_ON
please switch on living room lamp right now,LIGHT_ON
could you switch on light,LIGHT_ON
hey switch off bedroom led,LIGHT_OFF
could you start living room led right now,LIGHT_ON
can you stop bedroom led for me,LIGHT_OFF
hey disable bathroom light please,LIGHT_OFF
could you power off office lights please,LIGHT_OFF
hey activate led please,LIGHT_ON
can you activate living room lamp for me,LIGHT_ON
can you switch on hall lights for me,LIGHT_ON
hey start office led please,LIGHT_ON
please deactivate light for me,LIGHT_OFF
hey enable bathroom led right now,LIGHT_ON
hey stop office light,LIGHT_OFF
would you activate office led please,LIGHT_ON
could you turn off lamp right now,LIGHT_OFF
please turn on office light right now,LIGHT_ON
could you enable bedroom lamp for me,LIGHT_ON
could you enable bedroom lamp,LIGHT_ON
can you switch off hall lamp,LIGHT_OFF
please turn off garage lamp for me,LIGHT_OFF
could you switch on hall light for me,LIGHT_ON
power on garage lamp for me,LIGHT_ON
hey stop office lamp right now,LIGHT_OFF
please turn off garage light for me,LIGHT_OFF
would you activate office led,LIGHT_ON
please switch off kitchen led please,LIGHT_OFF
would you turn off kitchen light,LIGHT_OFF
could you enable bedroom led for me,LIGHT_ON
hey enable garage light please,LIGHT_ON
disable kitchen lamp for me,LIGHT_OFF
hey power on office lights,LIGHT_ON
would you turn on bathroom lights,LIGHT_ON
hey activate office lamp for me,LIGHT_ON
would you enable hall lights,LIGHT_ON
hey power off garage led right now,LIGHT_OFF
turn on kitchen led,LIGHT_ON
could you deactivate hall light,LIGHT_OFF
would you disable living room led right now,LIGHT_OFF
hey disable office lights right now,LIGHT_OFF
hey switch on lamp right now,LIGHT_ON
power on garage lights right now,LIGHT_ON
could you stop hall lights for me,LIGHT_OFF
would you disable bathroom lights right now,LIGHT_OFF
could you power on office lamp for me,LIGHT_ON
please turn on living room lamp,LIGHT_ON
start hall lights,LIGHT_ON
please activate bathroom lights please,LIGHT_ON
please disable bathroom light please,LIGHT_OFF
can you enable hall led right now,LIGHT_ON
switch off office light,LIGHT_OFF
can you disable garage led for me,LIGHT_OFF
could you switch on bedroom lamp for me,LIGHT_ON
could you power off garage lamp,LIGHT_OFF
could you start hall led for me,LIGHT_ON
start kitchen lights please,LIGHT_ON
turn off lights please,LIGHT_OFF
power on bathroom light right now,LIGHT_ON
hey power off bedroom lamp right now,LIGHT_OFF
can you deactivate led for me,LIGHT_OFF
could you start office led,LIGHT_ON
would you enable living room light please,LIGHT_ON
would you enable bathroom lights for me,LIGHT_ON
turn on kitchen led for me,LIGHT_ON
would you activate led,LIGHT_ON
can you power off kitchen lamp please,LIGHT_OFF
could you turn on kitchen lamp,LIGHT_ON
hey turn off light for me,LIGHT_OFF
can you power off bedroom lights please,LIGHT_OFF
switch on hall lights right now,LIGHT_ON
would you start bedroom lamp for me,LIGHT_ON
please deactivate living room led for me,LIGHT_OFF
please deactivate bedroom led please,LIGHT_OFF
hey start bedroom led,LIGHT_ON
would you switch off kitchen lights please,LIGHT_OFF
can you switch off hall lamp for me,LIGHT_OFF
would you stop kitchen led,LIGHT_OFF
hey turn off bathroom lamp please,LIGHT_OFF
could you deactivate bedroom led for me,LIGHT_OFF
hey power off living room led right now,LIGHT_OFF
power on led please,LIGHT_ON
could you enable lamp right now,LIGHT_ON
could you switch on living room lamp right now,LIGHT_ON
can you start bedroom lights please,LIGHT_ON
please turn on led right now,LIGHT_ON
could you activate hall lamp please,LIGHT_ON
please disable lights please,LIGHT_OFF
can you turn off garage led right now,LIGHT_OFF
hey power on hall lights right now,LIGHT_ON
can you activate kitchen led please,LIGHT_ON
hey switch on bathroom led,LIGHT_ON
hey switch on living room led please,LIGHT_ON
could you activate lamp right now,LIGHT_ON
can you stop living room led please,LIGHT_OFF
hey switch on hall light right now,LIGHT_ON
can you start bathroom lights please,LIGHT_ON
can you stop kitchen light for me,LIGHT_OFF
would you deactivate living room led for me,LIGHT_OFF
please power off garage led,LIGHT_OFF
can you start office led right now,LIGHT_ON
hey turn off hall light right now,LIGHT_OFF
could you power off kitchen lamp right now,LIGHT_OFF
can you disable light,LIGHT_OFF
can you power on garage light please,LIGHT_ON
would you stop garage light,LIGHT_OFF
could you power off bathroom light please,LIGHT_OFF
can you stop kitchen lights,LIGHT_OFF
could you turn off kitchen led please,LIGHT_OFF
would you disable office led for me,LIGHT_OFF
could you power on bedroom light right now,LIGHT_ON
can you start living room lamp,LIGHT_ON
can you power off light for me,LIGHT_OFF
could you stop bathroom light right now,LIGHT_OFF
please stop led for me,LIGHT_OFF
can you switch on bathroom lamp for me,LIGHT_ON
hey stop office led right now,LIGHT_OFF
please activate kitchen light please,LIGHT_ON
can you enable garage lights right now,LIGHT_ON
please switch on kitchen light please,LIGHT_ON
hey activate kitchen lamp please,LIGHT_ON
deactivate bedroom light right now,LIGHT_OFF
would you disable living room lamp for me,LIGHT_OFF
power off light,LIGHT_OFF
can you turn off kitchen lights right now,LIGHT_OFF
can you deactivate kitchen lights for me,LIGHT_OFF
please stop garage lamp right now,LIGHT_OFF
hey switch off garage light for me,LIGHT_OFF
hey disable kitchen lamp for me,LIGHT_OFF
please power off lamp for me,LIGHT_OFF
would you turn off garage lamp please,LIGHT_OFF
could you disable living room lamp for me,LIGHT_OFF
can you stop living room led,LIGHT_OFF
would you activate office lamp right now,LIGHT_ON
hey switch on bedroom lamp for me,LIGHT_ON
please disable lamp please,LIGHT_OFF
hey power on bedroom lights for me,LIGHT_ON
could you turn off garage light for me,LIGHT_OFF
could you power on bedroom light for me,LIGHT_ON
can you switch off bathroom lamp for me,LIGHT_OFF
hey activate kitchen lamp for me,LIGHT_ON
turn off hall lamp for me,LIGHT_OFF
please deactivate hall light for me,LIGHT_OFF
start bedroom led please,LIGHT_ON
hey switch off bedroom light right now,LIGHT_OFF
could you enable hall lights please,LIGHT_ON
hey switch on bedroom lamp please,LIGHT_ON
please power on bathroom light,LIGHT_ON
please enable led right now,LIGHT_ON
please activate living room led right now,LIGHT_ON
can you stop office light for me,LIGHT_OFF
would you switch on bathroom led for me,LIGHT_ON
can you switch off hall lights,LIGHT_OFF
would you switch on lamp please,LIGHT_ON
turn off bedroom lights please,LIGHT_OFF
can you turn on office lights,LIGHT_ON
hey disable kitchen lights,LIGHT_OFF
enable bathroom led,LIGHT_ON
please enable bedroom lamp please,LIGHT_ON
please enable kitchen lights for me,LIGHT_ON
could you switch off garage light please,LIGHT_OFF
could you turn on lights,LIGHT_ON
please stop living room led,LIGHT_OFF
could you power on garage lamp right now,LIGHT_ON
switch off hall led please,LIGHT_OFF
can you power on hall lights right now,LIGHT_ON
power off bedroom lamp please,LIGHT_OFF
could you turn off garage lights right now,LIGHT_OFF
hey turn on kitchen lights for me,LIGHT_ON
power on bedroom led,LIGHT_ON
could you power on garage led,LIGHT_ON
hey power off living room light please,LIGHT_OFF
could you turn off hall lamp right now,LIGHT_OFF
hey disable hall light,LIGHT_OFF
hey switch on bathroom lamp for me,LIGHT_ON
hey turn off office lamp right now,LIGHT_OFF
please power off kitchen light,LIGHT_OFF
would you stop light please,LIGHT_OFF
would you power on bathroom lights please,LIGHT_ON
can you power off garage led,LIGHT_OFF
start bathroom led right now,LIGHT_ON
hey activate garage light for me,LIGHT_ON
could you switch on office lamp for me,LIGHT_ON
can you start bathroom light please,LIGHT_ON
could you switch on hall led please,LIGHT_ON
start garage light for me,LIGHT_ON
please enable garage led right now,LIGHT_ON
switch on hall light right now,LIGHT_ON
switch off bedroom led for me,LIGHT_OFF
please switch off hall lights,LIGHT_OFF
please turn off bathroom lights,LIGHT_OFF
can you disable lights right now,LIGHT_OFF
would you turn on bedroom led please,LIGHT_ON
please switch on bedroom led right now,LIGHT_ON
could you switch off garage lamp right now,LIGHT_OFF
please turn on living room led right now,LIGHT_ON
can you activate bedroom lamp for me,LIGHT_ON
hey deactivate living room led right now,LIGHT_OFF
hey disable living room lights for me,LIGHT_OFF
can you power on hall lamp right now,LIGHT_ON
would you switch off living room lights for me,LIGHT_OFF
can you switch off office lamp right now,LIGHT_OFF
deactivate garage light please,LIGHT_OFF
please switch on lights for me,LIGHT_ON
could you start lamp,LIGHT_ON
stop kitchen lights,LIGHT_OFF
would you deactivate bedroom led right now,LIGHT_OFF
hey switch off bathroom lights right now,LIGHT_OFF
could you enable bedroom lamp right now,LIGHT_ON
can you power on hall led right now,LIGHT_ON
activate office lights right now,LIGHT_ON
can you activate kitchen lamp for me,LIGHT_ON
hey activate office lamp please,LIGHT_ON
would you stop hall lamp,LIGHT_OFF
could you switch on bedroom led right now,LIGHT_ON
please turn on bathroom lights for me,LIGHT_ON
please power off garage lights,LIGHT_OFF
hey activate bedroom light,LIGHT_ON
would you switch on led,LIGHT_ON
could you stop bedroom led please,LIGHT_OFF
can you turn on kitchen light please,LIGHT_ON
would you activate office lights please,LIGHT_ON
can you switch on garage led right now,LIGHT_ON
would you start kitchen lamp for me,LIGHT_ON
would you stop living room light for me,LIGHT_OFF
hey turn off kitchen light please,LIGHT_OFF
hey switch off bedroom led right now,LIGHT_OFF
hey disable kitchen led for me,LIGHT_OFF
could you power on bedroom lights,LIGHT_ON
would you activate bathroom led,LIGHT_ON
power on hall light for me,LIGHT_ON
could you disable living room lights,LIGHT_OFF
power off hall led right now,LIGHT_OFF
would you switch off kitchen lamp please,LIGHT_OFF
turn off bedroom lamp for me,LIGHT_OFF
disable bathroom lights for me,LIGHT_OFF
please disable bathroom lamp for me,LIGHT_OFF
please power off hall led please,LIGHT_OFF
can you deactivate hall lamp please,LIGHT_OFF
please enable hall light for me,LIGHT_ON
disable kitchen lights please,LIGHT_OFF
could you turn on led right now,LIGHT_ON
could you power off bedroom led please,LIGHT_OFF
hey power on garage lamp right now,LIGHT_ON
please activate garage lights,LIGHT_ON
can you power on kitchen light please,LIGHT_ON
would you turn off bathroom light right now,LIGHT_OFF
hey power off hall light please,LIGHT_OFF
please turn off bathroom light,LIGHT_OFF
please turn off light please,LIGHT_OFF
could you disable living room lamp right now,LIGHT_OFF
turn off garage lights for me,LIGHT_OFF
hey turn off bathroom light,LIGHT_OFF
would you switch on hall light right now,LIGHT_ON
please activate hall lights,LIGHT_ON
hey switch off lamp please,LIGHT_OFF
can you switch off light for me,LIGHT_OFF
would you deactivate bedroom lights right now,LIGHT_OFF
please switch on bedroom lights for me,LIGHT_ON
turn on bathroom lights,LIGHT_ON
would you turn off hall lights for me,LIGHT_OFF
hey deactivate kitchen lamp right now,LIGHT_OFF
please start office led right now,LIGHT_ON
can you switch off living room led for me,LIGHT_OFF
please stop hall lamp please,LIGHT_OFF
could you turn on living room light please,LIGHT_ON
could you start hall lights please,LIGHT_ON
would you power on living room lamp right now,LIGHT_ON
switch off living room light right now,LIGHT_OFF
hey start living room light right now,LIGHT_ON
could you power off bathroom lamp for me,LIGHT_OFF
hey disable office lamp,LIGHT_OFF
would you turn off bedroom lamp please,LIGHT_OFF
could you start led please,LIGHT_ON
can you disable office led right now,LIGHT_OFF
please power on hall lights right now,LIGHT_ON
please turn on hall lights please,LIGHT_ON
would you power on light,LIGHT_ON
can you power on garage light right now,LIGHT_ON
switch off office light for me,LIGHT_OFF
could you switch on office light right now,LIGHT_ON
would you switch off light for me,LIGHT_OFF
please enable office lamp please,LIGHT_ON
can you stop hall led,LIGHT_OFF
please stop living room light please,LIGHT_OFF
would you power off bathroom light right now,LIGHT_OFF
could you switch on living room led,LIGHT_ON
disable bathroom light,LIGHT_OFF
would you switch off bedroom lights please,LIGHT_OFF
could you power on kitchen led for me,LIGHT_ON
could you turn on office led right now,LIGHT_ON
hey disable office lights,LIGHT_OFF
deactivate office led right now,LIGHT_OFF
could you power on office lights for me,LIGHT_ON
could you enable bedroom led please,LIGHT_ON
would you switch off garage lights right now,LIGHT_OFF
could you power on bathroom lights please,LIGHT_ON
can you deactivate hall light please,LIGHT_OFF
please turn on kitchen lights,LIGHT_ON
purple elephant please,UNKNOWN
would you switch off kitchen light,LIGHT_OFF
can you switch on bathroom lights please,LIGHT_ON
hey power off garage led,LIGHT_OFF
turn off kitchen lamp for me,LIGHT_OFF
please enable bedroom light,LIGHT_ON
hey disable lights please,LIGHT_OFF
hey power off kitchen lamp right now,LIGHT_OFF
could you activate bathroom light right now,LIGHT_ON
power on bedroom lamp right now,LIGHT_ON
could you disable lamp right now,LIGHT_OFF
can you power on light,LIGHT_ON
please activate living room led please,LIGHT_ON
would you enable garage lamp please,LIGHT_ON
could you turn off bedroom light please,LIGHT_OFF
could you stop kitchen light,LIGHT_OFF
turn off hall light,LIGHT_OFF
please switch off living room lights please,LIGHT_OFF
hey switch off hall lamp,LIGHT_OFF
can you activate led for me,LIGHT_ON
can you deactivate bedroom lamp,LIGHT_OFF
disable lamp please,LIGHT_OFF
could you switch on bathroom light for me,LIGHT_ON
hey stop led please,LIGHT_OFF
can you disable hall led for me,LIGHT_OFF
could you enable bedroom light please,LIGHT_ON
please switch off living room lights for me,LIGHT_OFF
could you stop kitchen lights right now,LIGHT_OFF
can you deactivate living room light right now,LIGHT_OFF
can you disable living room lights right now,LIGHT_OFF
can you switch on living room lamp for me,LIGHT_ON
hey turn off kitchen lamp please,LIGHT_OFF
please turn off bathroom lamp please,LIGHT_OFF
disable bedroom lights,LIGHT_OFF
please activate garage lamp right now,LIGHT_ON
please power on office lamp right now,LIGHT_ON
can you activate garage light for me,LIGHT_ON
would you switch off bathroom led right now,LIGHT_OFF
would you turn off garage led,LIGHT_OFF
can you activate garage lights please,LIGHT_ON
stop led for me,LIGHT_OFF
would you power off bathroom led please,LIGHT_OFF
hey activate bedroom led for me,LIGHT_ON
can you disable garage lights,LIGHT_OFF
hey disable bedroom light right now,LIGHT_OFF
hey stop lights for me,LIGHT_OFF
would you enable lamp please,LIGHT_ON
can you turn off garage lamp for me,LIGHT_OFF
would you turn off kitchen lamp,LIGHT_OFF
please stop hall led for me,LIGHT_OFF
would you stop living room lamp please,LIGHT_OFF
could you stop living room lamp,LIGHT_OFF
please enable office light,LIGHT_ON
hey enable office lights please,LIGHT_ON
please activate hall led right now,LIGHT_ON
would you disable hall lights right now,LIGHT_OFF
please disable bathroom lights for me,LIGHT_OFF
hey deactivate light for me,LIGHT_OFF
would you power on living room led please,LIGHT_ON
please enable bathroom lamp,LIGHT_ON
can you power on office light,LIGHT_ON
switch on hall lights please,LIGHT_ON
could you turn on office lights right now,LIGHT_ON
could you disable bathroom lamp for me,LIGHT_OFF
please start kitchen light for me,LIGHT_ON
could you enable hall led right now,LIGHT_ON
would you activate bedroom lamp right now,LIGHT_ON
would you enable hall led right now,LIGHT_ON
could you deactivate living room light,LIGHT_OFF
hey switch on hall lights,LIGHT_ON
could you disable kitchen lights,LIGHT_OFF
can you deactivate bathroom led for me,LIGHT_OFF
hey stop living room led please,LIGHT_OFF
hey start garage lights,LIGHT_ON
please turn off led please,LIGHT_OFF
could you stop bathroom lights right now,LIGHT_OFF
hey power off office lamp right now,LIGHT_OFF
can you switch off office led please,LIGHT_OFF
hey turn on bathroom light please,LIGHT_ON
can you power on bedroom light,LIGHT_ON
can you power off garage lights please,LIGHT_OFF
could you activate led right now,LIGHT_ON
please turn on bedroom light please,LIGHT_ON
can you stop bedroom lamp for me,LIGHT_OFF
power off living room light please,LIGHT_OFF
turn off living room light for me,LIGHT_OFF
would you turn off kitchen led right now,LIGHT_OFF
would you turn on bathroom led right now,LIGHT_ON
hey power off bedroom led for me,LIGHT_OFF
would you activate hall light for me,LIGHT_ON
could you turn on bathroom lamp right now,LIGHT_ON
can you deactivate living room light,LIGHT_OFF
please switch on led right now,LIGHT_ON
please power on kitchen led right now,LIGHT_ON
hey power off kitchen lamp for me,LIGHT_OFF
can you start bathroom lights,LIGHT_ON
could you stop hall lamp please,LIGHT_OFF
please power on hall lights,LIGHT_ON
deactivate bedroom light for me,LIGHT_OFF
lock the door please,UNKNOWN
hey power off bathroom lights please,LIGHT_OFF
please switch on living room lights please,LIGHT_ON
hey switch on lamp please,LIGHT_ON
enable bathroom light please,LIGHT_ON
hey activate hall lamp,LIGHT_ON
would you power on office led for me,LIGHT_ON
please activate kitchen lights please,LIGHT_ON
disable hall lamp for me,LIGHT_OFF
please turn on bathroom led please,LIGHT_ON
can you switch on bedroom light,LIGHT_ON
could you deactivate office lamp please,LIGHT_OFF
hey power off bathroom led,LIGHT_OFF
hey power on bedroom light for me,LIGHT_ON
could you disable lights please,LIGHT_OFF
would you switch off bathroom led for me,LIGHT_OFF
can you turn off hall light,LIGHT_OFF
hey switch off garage lamp right now,LIGHT_OFF
would you power on lights,LIGHT_ON
please power off bedroom led please,LIGHT_OFF
can you enable hall led for me,LIGHT_ON
could you stop kitchen lights,LIGHT_OFF
can you deactivate led right now,LIGHT_OFF
can you switch off garage led please,LIGHT_OFF
enable office light right now,LIGHT_ON
would you activate bedroom light for me,LIGHT_ON
hey stop garage light right now,LIGHT_OFF
please turn on bathroom lights right now,LIGHT_ON
would you power on lights please,LIGHT_ON
could you switch off lights,LIGHT_OFF
hey turn off bedroom led for me,LIGHT_OFF
would you power off bathroom lamp please,LIGHT_OFF
can you switch on bathroom led please,LIGHT_ON
can you power off garage light please,LIGHT_OFF
power on light for me,LIGHT_ON
please stop bedroom lamp,LIGHT_OFF
can you activate hall lights right now,LIGHT_ON
hey enable living room lights,LIGHT_ON
can you start bedroom led for me,LIGHT_ON
would you power off lamp please,LIGHT_OFF
please enable bathroom lights for me,LIGHT_ON
can you turn off hall light right now,LIGHT_OFF
turn on kitchen lamp right now,LIGHT_ON
can you activate living room led please,LIGHT_ON
would you disable kitchen lights right now,LIGHT_OFF
please turn off kitchen led for me,LIGHT_OFF
could you turn off garage lights,LIGHT_OFF
hey deactivate kitchen light right now,LIGHT_OFF
please activate office light right now,LIGHT_ON
hey turn on hall lights right now,LIGHT_ON
please enable living room led please,LIGHT_ON
please power on office lights,LIGHT_ON
can you switch on lights,LIGHT_ON
please turn on garage lamp for me,LIGHT_ON
activate office lamp please,LIGHT_ON
can you switch off bathroom lamp right now,LIGHT_OFF
stop lamp right now,LIGHT_OFF
would you turn on hall lamp right now,LIGHT_ON
please switch off office led,LIGHT_OFF
please switch off kitchen led right now,LIGHT_OFF
can you deactivate bathroom lamp,LIGHT_OFF
can you switch off bathroom light for me,LIGHT_OFF
power on led,LIGHT_ON
please activate garage lights please,LIGHT_ON
could you start hall light,LIGHT_ON
stop garage light,LIGHT_OFF
would you power on bedroom light for me,LIGHT_ON
can you turn off lights right now,LIGHT_OFF
enable garage lamp please,LIGHT_ON
could you disable garage lamp please,LIGHT_OFF
hey stop led right now,LIGHT_OFF
can you deactivate lights please,LIGHT_OFF
please turn on hall lamp right now,LIGHT_ON
would you deactivate garage led for me,LIGHT_OFF
please switch off garage led right now,LIGHT_OFF
would you disable light right now,LIGHT_OFF
could you deactivate lamp please,LIGHT_OFF
can you stop bathroom lights right now,LIGHT_OFF
could you stop office lights please,LIGHT_OFF
would you disable bedroom lights,LIGHT_OFF
can you activate kitchen led,LIGHT_ON
please switch on bathroom lights please,LIGHT_ON
please turn on kitchen led please,LIGHT_ON
could you switch off light for me,LIGHT_OFF
please stop office lights right now,LIGHT_OFF
can you stop kitchen light please,LIGHT_OFF
can you stop hall lights please,LIGHT_OFF
could you switch off kitchen lights right now,LIGHT_OFF
could you power off office led right now,LIGHT_OFF
hey turn on living room led please,LIGHT_ON
could you enable bathroom light,LIGHT_ON
please start lamp for me,LIGHT_ON
can you turn off lights for me,LIGHT_OFF
please switch off living room light for me,LIGHT_OFF
enable kitchen light for me,LIGHT_ON
can you enable living room lamp right now,LIGHT_ON
could you turn on living room lamp,LIGHT_ON
hey disable garage led please,LIGHT_OFF
can you deactivate hall lamp,LIGHT_OFF
turn off lights for me,LIGHT_OFF
please stop hall light,LIGHT_OFF
turn off bathroom light for me,LIGHT_OFF
power on office light right now,LIGHT_ON
could you deactivate office led,LIGHT_OFF
please turn on bathroom light please,LIGHT_ON
can you stop bathroom led right now,LIGHT_OFF
could you deactivate bathroom led right now,LIGHT_OFF
please turn on led please,LIGHT_ON
can you turn off hall lights,LIGHT_OFF
turn on garage led for me,LIGHT_ON
could you stop hall lamp right now,LIGHT_OFF
could you start bathroom light for me,LIGHT_ON
disable kitchen led,LIGHT_OFF
can you power on lights right now,LIGHT_ON
can you power on kitchen lamp,LIGHT_ON
can you deactivate kitchen lights please,LIGHT_OFF
hey stop office lamp for me,LIGHT_OFF
please disable led right now,LIGHT_OFF
would you turn off bathroom lights for me,LIGHT_OFF
please stop kitchen led right now,LIGHT_OFF
could you turn on hall led,LIGHT_ON
can you switch off kitchen lights for me,LIGHT_OFF
deactivate living room lights for me,LIGHT_OFF
enable living room lights right now,LIGHT_ON
hey switch off living room lights for me,LIGHT_OFF
enable garage led,LIGHT_ON
hey turn off light,LIGHT_OFF
would you power on bathroom light,LIGHT_ON
could you deactivate bedroom led please,LIGHT_OFF
can you activate bathroom led,LIGHT_ON
can you disable kitchen led please,LIGHT_OFF
can you power on bedroom led for me,LIGHT_ON
please enable hall led please,LIGHT_ON
hey activate hall light for me,LIGHT_ON
enable office lamp for me,LIGHT_ON
can you deactivate bathroom led please,LIGHT_OFF
could you turn off garage led please,LIGHT_OFF
would you deactivate bathroom lamp right now,LIGHT_OFF
please disable living room light,LIGHT_OFF
would you switch on garage lamp for me,LIGHT_ON
please disable hall light right now,LIGHT_OFF
hey switch on light please,LIGHT_ON
could you switch on bedroom light,LIGHT_ON
please switch on bathroom lights,LIGHT_ON
deactivate garage lamp please,LIGHT_OFF
please stop living room light,LIGHT_OFF
please switch off living room lamp,LIGHT_OFF
hey stop office light for me,LIGHT_OFF
hey turn on bedroom lights,LIGHT_ON
hey activate lights,LIGHT_ON
hey start office lamp,LIGHT_ON
hey stop hall led for me,LIGHT_OFF
could you switch off office lamp,LIGHT_OFF
would you start office light,LIGHT_ON
would you turn on bedroom lights please,LIGHT_ON
turn on bedroom light please,LIGHT_ON
can you power on living room light please,LIGHT_ON
deactivate living room light please,LIGHT_OFF
could you start office lights for me,LIGHT_ON
please turn on lamp right now,LIGHT_ON
please disable living room led,LIGHT_OFF
could you start bedroom lamp,LIGHT_ON
switch off lights,LIGHT_OFF
hey start bedroom light right now,LIGHT_ON
could you deactivate lights,LIGHT_OFF
could you switch off led right now,LIGHT_OFF
hey deactivate living room light please,LIGHT_OFF
could you power off kitchen led right now,LIGHT_OFF
could you turn on office light for me,LIGHT_ON
would you deactivate lamp for me,LIGHT_OFF
could you power on hall led for me,LIGHT_ON
could you start living room light right now,LIGHT_ON
could you enable kitchen lamp for me,LIGHT_ON
turn on led right now,LIGHT_ON
could you switch on garage led please,LIGHT_ON
can you switch off garage lights please,LIGHT_OFF
please turn on office led,LIGHT_ON
hey enable living room lamp for me,LIGHT_ON
please turn off office led right now,LIGHT_OFF
please disable hall lamp,LIGHT_OFF
would you power on living room light right now,LIGHT_ON
please turn on lamp,LIGHT_ON
please deactivate led right now,LIGHT_OFF
could you turn on garage light please,LIGHT_ON
would you deactivate office lamp,LIGHT_OFF
can you turn on hall lights,LIGHT_ON
could you turn on kitchen led please,LIGHT_ON
can you power off bedroom led,LIGHT_OFF
turn on office light please,LIGHT_ON
turn off hall led please,LIGHT_OFF
please deactivate living room lights please,LIGHT_OFF
would you switch on bathroom lamp for me,LIGHT_ON
would you power off hall led for me,LIGHT_OFF
could you start hall lamp please,LIGHT_ON
hey switch off office lights,LIGHT_OFF
please stop garage lights,LIGHT_OFF
would you switch on hall lights right now,LIGHT_ON
hey stop kitchen light,LIGHT_OFF
switch off hall lamp right now,LIGHT_OFF
can you switch on hall lights right now,LIGHT_ON
please power on bathroom lights for me,LIGHT_ON
can you start bedroom led right now,LIGHT_ON
can you switch off bathroom light right now,LIGHT_OFF
turn off hall led,LIGHT_OFF
can you stop light please,LIGHT_OFF
hey stop office lights for me,LIGHT_OFF
could you disable bedroom light please,LIGHT_OFF
hey enable office led,LIGHT_ON
power off living room lights,LIGHT_OFF
would you switch off kitchen lights right now,LIGHT_OFF
can you turn off bathroom led right now,LIGHT_OFF
hey start hall led right now,LIGHT_ON
can you start kitchen lamp right now,LIGHT_ON
hey enable garage led please,LIGHT_ON
can you turn off lamp for me,LIGHT_OFF
stop hall light please,LIGHT_OFF
could you enable living room lamp,LIGHT_ON
could you activate garage light right now,LIGHT_ON
hey enable lamp for me,LIGHT_ON
switch on office light,LIGHT_ON
would you activate bedroom light right now,LIGHT_ON
could you power on living room lamp,LIGHT_ON
would you switch off office lights right now,LIGHT_OFF
would you turn off bedroom lights,LIGHT_OFF
can you turn off bedroom led,LIGHT_OFF
could you deactivate led,LIGHT_OFF
can you disable office lamp for me,LIGHT_OFF
hey stop garage light for me,LIGHT_OFF
would you switch on garage lights for me,LIGHT_ON
switch off bathroom lights,LIGHT_OFF
could you enable kitchen led,LIGHT_ON
turn off light,LIGHT_OFF
could you turn on living room led right now,LIGHT_ON
please power on living room lights right now,LIGHT_ON
would you activate kitchen lamp for me,LIGHT_ON
could you activate bathroom lamp,LIGHT_ON
can you enable bedroom lights,LIGHT_ON
please activate living room lights for me,LIGHT_ON
would you disable kitchen lamp please,LIGHT_OFF
can you power off office led please,LIGHT_OFF
could you switch off office lamp right now,LIGHT_OFF
could you switch on lights for me,LIGHT_ON
would you power off office lights right now,LIGHT_OFF
could you stop hall lights right now,LIGHT_OFF
start living room led,LIGHT_ON
would you activate hall lamp right now,LIGHT_ON
hey disable office lights for me,LIGHT_OFF
can you power off kitchen lamp for me,LIGHT_OFF
could you activate hall lamp for me,LIGHT_ON
power off bathroom light right now,LIGHT_OFF
please stop garage led please,LIGHT_OFF
power on bathroom led for me,LIGHT_ON
hey power on lights right now,LIGHT_ON
could you activate light right now,LIGHT_ON
would you disable kitchen light please,LIGHT_OFF
please stop lights please,LIGHT_OFF
can you start bathroom light right now,LIGHT_ON
hey disable hall lamp please,LIGHT_OFF
would you stop kitchen lights right now,LIGHT_OFF
would you enable bedroom lights for me,LIGHT_ON
hey disable garage led,LIGHT_OFF
would you power off office led for me,LIGHT_OFF
can you switch off living room lights right now,LIGHT_OFF
would you enable garage lamp for me,LIGHT_ON
can you power off garage led for me,LIGHT_OFF
can you power off bathroom lights please,LIGHT_OFF
could you stop hall led,LIGHT_OFF
can you stop garage light for me,LIGHT_OFF
switch off bathroom lights right now,LIGHT_OFF
hey enable light,LIGHT_ON
please enable kitchen light for me,LIGHT_ON
please turn on bedroom lights please,LIGHT_ON
can you activate bedroom led for me,LIGHT_ON
could you activate garage lights for me,LIGHT_ON
please enable bedroom led for me,LIGHT_ON
could you start led for me,LIGHT_ON
enable kitchen lamp please,LIGHT_ON
hey deactivate bathroom led right now,LIGHT_OFF
please switch off bedroom lights,LIGHT_OFF
please switch off office led please,LIGHT_OFF
could you turn off kitchen light please,LIGHT_OFF
hey disable led for me,LIGHT_OFF
please enable light please,LIGHT_ON
hey turn on hall light,LIGHT_ON
can you turn on living room lights for me,LIGHT_ON
would you turn off living room lights for me,LIGHT_OFF
can you turn off living room lamp for me,LIGHT_OFF
hey switch off bedroom lights right now,LIGHT_OFF
would you power on light please,LIGHT_ON
could you enable hall led for me,LIGHT_ON
can you power off office lights,LIGHT_OFF
enable lights,LIGHT_ON
please switch off office led for me,LIGHT_OFF
would you start office lamp for me,LIGHT_ON
can you stop living room led right now,LIGHT_OFF
could you activate bathroom lamp for me,LIGHT_ON
please power off led please,LIGHT_OFF
would you disable hall led please,LIGHT_OFF
would you turn off bathroom light please,LIGHT_OFF
please power off garage lights for me,LIGHT_OFF
can you enable bedroom lights please,LIGHT_ON
please stop bathroom lamp right now,LIGHT_OFF
hey power off bathroom led for me,LIGHT_OFF
could you power on bedroom light please,LIGHT_ON
would you switch on living room lights right now,LIGHT_ON
hey start office light please,LIGHT_ON
please start bathroom lamp please,LIGHT_ON
could you deactivate light for me,LIGHT_OFF
hey power on living room light,LIGHT_ON
hey start bathroom led for me,LIGHT_ON
could you disable garage lamp,LIGHT_OFF
power on bathroom lamp please,LIGHT_ON
please switch on garage lights right now,LIGHT_ON
please power off lamp,LIGHT_OFF
could you activate bedroom lamp for me,LIGHT_ON
hey enable living room light right now,LIGHT_ON
please enable garage lamp right now,LIGHT_ON
could you start lights for me,LIGHT_ON
could you start office led right now,LIGHT_ON
would you power off garage light for me,LIGHT_OFF
would you switch on bathroom lamp right now,LIGHT_ON
can you power on light for me,LIGHT_ON
can you activate bedroom lamp,LIGHT_ON
hey switch on garage lamp right now,LIGHT_ON
can you power on kitchen led,LIGHT_ON
power on living room lamp right now,LIGHT_ON
would you switch off living room lights,LIGHT_OFF
would you activate living room light for me,LIGHT_ON
start garage led,LIGHT_ON
please disable living room light please,LIGHT_OFF
could you stop hall lamp for me,LIGHT_OFF
switch off bedroom lights for me,LIGHT_OFF
could you power off garage led for me,LIGHT_OFF
could you activate office lights please,LIGHT_ON
turn on garage light,LIGHT_ON
please start kitchen lights,LIGHT_ON
would you start bathroom lights please,LIGHT_ON
would you power on garage lights for me,LIGHT_ON
would you switch off bedroom led,LIGHT_OFF
would you turn off office lights,LIGHT_OFF
disable hall lights for me,LIGHT_OFF
please deactivate office lights for me,LIGHT_OFF
hey turn off kitchen lights right now,LIGHT_OFF
would you power off living room lights for me,LIGHT_OFF
would you turn on office light for me,LIGHT_ON
hey enable bathroom lights right now,LIGHT_ON
could you activate bedroom lamp please,LIGHT_ON
power on living room lights for me,LIGHT_ON
can you enable kitchen led right now,LIGHT_ON
hey start garage lights right now,LIGHT_ON
hey power off bathroom light right now,LIGHT_OFF
hey power off living room light for me,LIGHT_OFF
activate bedroom led,LIGHT_ON
could you stop bedroom light,LIGHT_OFF
can you activate living room lights right now,LIGHT_ON
can you stop kitchen lights right now,LIGHT_OFF
would you disable bedroom led,LIGHT_OFF
turn off living room light right now,LIGHT_OFF
turn off bedroom lights right now,LIGHT_OFF
hey activate living room light,LIGHT_ON
stop light right now,LIGHT_OFF
please stop living room lamp right now,LIGHT_OFF
hey enable living room led right now,LIGHT_ON
power off bathroom led please,LIGHT_OFF
please power off office light,LIGHT_OFF
would you switch on living room led for me,LIGHT_ON
please turn on garage led right now,LIGHT_ON
hey disable kitchen light please,LIGHT_OFF
can you disable lights for me,LIGHT_OFF
enable kitchen lamp for me,LIGHT_ON
please deactivate bathroom lamp for me,LIGHT_OFF
hey enable living room led for me,LIGHT_ON
please stop living room light for me,LIGHT_OFF
could you stop hall led for me,LIGHT_OFF
turn on living room led right now,LIGHT_ON
would you switch off bathroom light right now,LIGHT_OFF
could you enable garage led,LIGHT_ON
please stop bedroom light please,LIGHT_OFF
switch off garage light please,LIGHT_OFF
can you switch off bedroom lights please,LIGHT_OFF
could you power off lights,LIGHT_OFF
banana please,UNKNOWN
can you turn on kitchen led for me,LIGHT_ON
would you turn off kitchen lamp please,LIGHT_OFF
can you switch on lamp right now,LIGHT_ON
hey turn on office lamp for me,LIGHT_ON
can you enable bedroom lamp,LIGHT_ON
enable garage lamp for me,LIGHT_ON
could you stop office lights for me,LIGHT_OFF
please stop living room lights right now,LIGHT_OFF
hey turn off garage lights please,LIGHT_OFF
power on living room led right now,LIGHT_ON
can you switch off lights,LIGHT_OFF
hey turn on kitchen lamp for me,LIGHT_ON
could you switch on bedroom lamp,LIGHT_ON
please disable bedroom lights right now,LIGHT_OFF
can you switch off office led for me,LIGHT_OFF
can you enable light,LIGHT_ON
enable bathroom lamp right now,LIGHT_ON
hey switch on office light right now,LIGHT_ON
activate office lamp for me,LIGHT_ON
please power on bathroom lights please,LIGHT_ON
please disable office light please,LIGHT_OFF
can you enable living room lamp please,LIGHT_ON
can you power on lights for me,LIGHT_ON
could you start office lights please,LIGHT_ON
would you power on garage light right now,LIGHT_ON
can you stop lamp right now,LIGHT_OFF
can you switch off office lights right now,LIGHT_OFF
hey switch off bedroom lights please,LIGHT_OFF
can you stop led right now,LIGHT_OFF
hey stop hall lights right now,LIGHT_OFF
would you turn on bedroom led right now,LIGHT_ON
disable lamp right now,LIGHT_OFF
please turn on lights,LIGHT_ON
abcdef please,UNKNOWN
can you switch off hall light right now,LIGHT_OFF
can you switch on kitchen led for me,LIGHT_ON
can you power off hall light right now,LIGHT_OFF
could you deactivate lights please,LIGHT_OFF
can you start office led please,LIGHT_ON
hey switch on bathroom light right now,LIGHT_ON
can you switch on kitchen light for me,LIGHT_ON
would you activate office lamp,LIGHT_ON
turn off bathroom led please,LIGHT_OFF
can you switch on living room lights please,LIGHT_ON
start hall light please,LIGHT_ON
stop living room lights,LIGHT_OFF
switch off kitchen lights,LIGHT_OFF
can you turn on hall led please,LIGHT_ON
please power on light please,LIGHT_ON
hey power on light,LIGHT_ON
can you stop office lamp please,LIGHT_OFF
could you power on lamp please,LIGHT_ON
would you activate bathroom led for me,LIGHT_ON
please stop garage light for me,LIGHT_OFF
could you disable hall lights right now,LIGHT_OFF
hey stop garage led for me,LIGHT_OFF
hey turn off hall lamp for me,LIGHT_OFF
can you disable bedroom lights please,LIGHT_OFF
please switch on living room lamp please,LIGHT_ON
would you power off garage lights right now,LIGHT_OFF
can you switch on bathroom lights right now,LIGHT_ON
could you power on kitchen led please,LIGHT_ON
hey power off led right now,LIGHT_OFF
would you turn on kitchen lamp for me,LIGHT_ON
start lights for me,LIGHT_ON
could you turn on office led please,LIGHT_ON
could you turn on office light please,LIGHT_ON
would you start hall light please,LIGHT_ON
would you turn on office lights right now,LIGHT_ON
switch off living room led please,LIGHT_OFF
deactivate kitchen led,LIGHT_OFF
would you stop hall led please,LIGHT_OFF
please deactivate lamp right now,LIGHT_OFF
hey turn on hall light right now,LIGHT_ON
can you turn off bedroom lights please,LIGHT_OFF
can you enable kitchen lamp please,LIGHT_ON
power off bedroom led for me,LIGHT_OFF
turn on lights,LIGHT_ON
hey enable office lamp,LIGHT_ON
power on bedroom led for me,LIGHT_ON
can you turn on bedroom led right now,LIGHT_ON
open the garage,UNKNOWN
please activate kitchen lights,LIGHT_ON
would you stop hall led for me,LIGHT_OFF
would you power on bathroom lights for me,LIGHT_ON
please power off kitchen lights right now,LIGHT_OFF
hey power off bathroom led right now,LIGHT_OFF
can you turn off light for me,LIGHT_OFF
hey power on hall led right now,LIGHT_ON
would you power on living room lights for me,LIGHT_ON
can you power off office light,LIGHT_OFF
switch on living room lights,LIGHT_ON
would you power on hall lamp right now,LIGHT_ON
hey turn on garage lamp for me,LIGHT_ON
power on hall light please,LIGHT_ON
please start living room lamp,LIGHT_ON
turn on bathroom led,LIGHT_ON
hey start bedroom lamp,LIGHT_ON
turn off bedroom led please,LIGHT_OFF
would you switch off office light,LIGHT_OFF
enable bedroom lamp right now,LIGHT_ON
please switch off kitchen light,LIGHT_OFF
would you switch on bedroom led,LIGHT_ON
would you power on office lamp for me,LIGHT_ON
can you stop kitchen led for me,LIGHT_OFF
would you power off kitchen lights for me,LIGHT_OFF
switch on hall light for me,LIGHT_ON
switch on garage led for me,LIGHT_ON
please deactivate bedroom light for me,LIGHT_OFF
can you turn off led for me,LIGHT_OFF
enable bedroom lights,LIGHT_ON
hey deactivate bedroom light for me,LIGHT_OFF
hey start hall lamp right now,LIGHT_ON
turn on office lights please,LIGHT_ON
power off bathroom light please,LIGHT_OFF
could you turn off light please,LIGHT_OFF
could you turn on hall lamp for me,LIGHT_ON
can you activate hall led for me,LIGHT_ON
please switch off garage light please,LIGHT_OFF
please start office light right now,LIGHT_ON
can you disable office lamp,LIGHT_OFF
can you stop living room light right now,LIGHT_OFF
hey turn on hall led right now,LIGHT_ON
would you disable living room light right now,LIGHT_OFF
can you turn off kitchen led,LIGHT_OFF
could you disable lights right now,LIGHT_OFF
deactivate led please,LIGHT_OFF
can you enable office light for me,LIGHT_ON
disable bedroom light please,LIGHT_OFF
could you enable kitchen lamp please,LIGHT_ON
would you switch off lamp,LIGHT_OFF
would you disable garage lights please,LIGHT_OFF
can you start office led for me,LIGHT_ON
could you disable lamp,LIGHT_OFF
would you start light please,LIGHT_ON
would you stop living room lights right now,LIGHT_OFF
could you switch off living room led right now,LIGHT_OFF
hey power on living room lights right now,LIGHT_ON
could you activate bathroom led,LIGHT_ON
would you turn off living room lamp right now,LIGHT_OFF
please switch off bathroom led please,LIGHT_OFF
could you power off bathroom light,LIGHT_OFF
please switch on office light right now,LIGHT_ON
please start led please,LIGHT_ON
could you switch on living room lights right now,LIGHT_ON
would you enable kitchen lamp for me,LIGHT_ON
can you enable kitchen led please,LIGHT_ON
would you turn off garage lights for me,LIGHT_OFF
can you activate bathroom lights right now,LIGHT_ON
can you disable office led please,LIGHT_OFF
disable office led right now,LIGHT_OFF
switch on kitchen light please,LIGHT_ON
would you disable bathroom light for me,LIGHT_OFF
please tell me a joke,UNKNOWN
would you disable bedroom lamp right now,LIGHT_OFF
could you stop living room light please,LIGHT_OFF
could you start kitchen led,LIGHT_ON
please power off garage led for me,LIGHT_OFF
disable office led please,LIGHT_OFF
would you deactivate bedroom lights please,LIGHT_OFF
would you activate kitchen light please,LIGHT_ON
hey power on bathroom lamp,LIGHT_ON
can you switch on kitchen light,LIGHT_ON
can you deactivate living room lights right now,LIGHT_OFF
would you stop kitchen lamp,LIGHT_OFF
please power off bedroom lamp please,LIGHT_OFF
could you deactivate bathroom lights please,LIGHT_OFF
would you activate hall lamp please,LIGHT_ON
turn off bathroom led right now,LIGHT_OFF
please enable hall lights right now,LIGHT_ON
hey turn on led please,LIGHT_ON
could you turn off led please,LIGHT_OFF
would you switch off office lamp please,LIGHT_OFF
could you stop led,LIGHT_OFF
activate bedroom led please,LIGHT_ON
could you power off living room led please,LIGHT_OFF
enable hall led for me,LIGHT_ON
please disable lights right now,LIGHT_OFF
can you power on hall light for me,LIGHT_ON
can you enable garage light please,LIGHT_ON
hey power on lamp right now,LIGHT_ON
enable hall lights,LIGHT_ON
please turn on lamp for me,LIGHT_ON
would you enable office light,LIGHT_ON
can you activate living room lamp right now,LIGHT_ON
hey disable hall lights please,LIGHT_OFF
hey switch on living room led for me,LIGHT_ON
switch on bathroom led please,LIGHT_ON
could you switch on light please,LIGHT_ON
can you switch off bedroom light right now,LIGHT_OFF
stop kitchen light,LIGHT_OFF
could you turn on bathroom lights right now,LIGHT_ON
would you deactivate lights please,LIGHT_OFF
please deactivate office led for me,LIGHT_OFF
hey power on garage lights for me,LIGHT_ON
can you power on kitchen lamp please,LIGHT_ON
turn off hall lamp,LIGHT_OFF
could you turn off garage light,LIGHT_OFF
hey switch on hall led please,LIGHT_ON
hey enable lights right now,LIGHT_ON
can you disable lamp for me,LIGHT_OFF
please switch off bedroom lamp,LIGHT_OFF
would you turn off lights for me,LIGHT_OFF
would you activate bedroom light,LIGHT_ON
hey disable living room lights please,LIGHT_OFF
activate garage led please,LIGHT_ON
can you switch off hall led right now,LIGHT_OFF
would you turn on bedroom light for me,LIGHT_ON
could you switch on bathroom led please,LIGHT_ON
please deactivate office led,LIGHT_OFF
would you enable office led for me,LIGHT_ON
could you stop bathroom light for me,LIGHT_OFF
could you power on bathroom light for me,LIGHT_ON
could you switch off hall lights please,LIGHT_OFF
could you deactivate lights right now,LIGHT_OFF
hey activate garage light,LIGHT_ON
can you switch on bedroom lamp right now,LIGHT_ON
stop bedroom led right now,LIGHT_OFF
would you enable lights for me,LIGHT_ON
enable bathroom lights for me,LIGHT_ON
would you power on bathroom led right now,LIGHT_ON
can you deactivate led,LIGHT_OFF
would you switch on living room lights for me,LIGHT_ON
could you start kitchen light right now,LIGHT_ON
please power off hall light right now,LIGHT_OFF
can you start hall lights right now,LIGHT_ON
hey turn off hall lamp please,LIGHT_OFF
power on hall led right now,LIGHT_ON
activate lights for me,LIGHT_ON
can you activate garage lamp,LIGHT_ON
could you switch on bedroom light for me,LIGHT_ON
would you power off light right now,LIGHT_OFF
hey turn off lights,LIGHT_OFF
would you stop bedroom light,LIGHT_OFF
turn on led for me,LIGHT_ON
would you turn on living room light right now,LIGHT_ON
please power off kitchen light right now,LIGHT_OFF
could you switch off bathroom led for me,LIGHT_OFF
could you switch on bathroom led right now,LIGHT_ON
start kitchen lights right now,LIGHT_ON
hey disable living room light right now,LIGHT_OFF
power off kitchen lights,LIGHT_OFF
can you turn on living room light please,LIGHT_ON
switch on bathroom light,LIGHT_ON
could you power on living room lamp for me,LIGHT_ON
hey deactivate office light please,LIGHT_OFF
would you turn on living room light please,LIGHT_ON
would you switch off office lamp for me,LIGHT_OFF
switch off bathroom light for me,LIGHT_OFF
could you start office lamp for me,LIGHT_ON
can you power off office led for me,LIGHT_OFF
can you power off living room lamp,LIGHT_OFF
could you turn off bathroom lamp for me,LIGHT_OFF
could you turn on bathroom lamp,LIGHT_ON
can you disable bedroom lamp please,LIGHT_OFF
please turn on office light,LIGHT_ON
can you turn off bathroom light for me,LIGHT_OFF
can you activate lights right now,LIGHT_ON
please power off led for me,LIGHT_OFF
activate lamp please,LIGHT_ON
disable lamp,LIGHT_OFF
can you power off bathroom lights,LIGHT_OFF
turn off bathroom lamp please,LIGHT_OFF
hey start lamp for me,LIGHT_ON
would you power off bathroom lights for me,LIGHT_OFF
hey turn off bathroom lamp,LIGHT_OFF
hey power on kitchen lamp please,LIGHT_ON
could you power off hall led right now,LIGHT_OFF
hey start hall led,LIGHT_ON
could you power off bathroom lamp right now,LIGHT_OFF
would you deactivate bathroom lamp,LIGHT_OFF
disable bedroom led right now,LIGHT_OFF
could you switch off kitchen light,LIGHT_OFF
could you stop kitchen led,LIGHT_OFF
please start lights please,LIGHT_ON
could you power off office lamp,LIGHT_OFF
hey stop hall led please,LIGHT_OFF
power on living room lights please,LIGHT_ON
please switch on lamp,LIGHT_ON
please stop bathroom light,LIGHT_OFF
can you enable living room led for me,LIGHT_ON
would you turn off hall lights right now,LIGHT_OFF
enable living room lights,LIGHT_ON
please start office lights right now,LIGHT_ON
could you switch off bedroom light for me,LIGHT_OFF
please turn on garage lights for me,LIGHT_ON
would you enable garage lamp right now,LIGHT_ON
would you enable garage lights,LIGHT_ON
please turn off kitchen light for me,LIGHT_OFF
hey switch off bathroom light please,LIGHT_OFF
turn off garage lamp for me,LIGHT_OFF
please switch on bedroom lights right now,LIGHT_ON
hey power off kitchen lights for me,LIGHT_OFF
would you enable bathroom light please,LIGHT_ON
could you switch off living room lights for me,LIGHT_OFF
hey start bathroom led,LIGHT_ON
could you enable bathroom light please,LIGHT_ON
hey start office led,LIGHT_ON
could you disable hall lamp right now,LIGHT_OFF
hey enable bedroom light for me,LIGHT_ON
enable kitchen lights,LIGHT_ON
could you start led,LIGHT_ON
hey deactivate office lights,LIGHT_OFF
could you enable office led,LIGHT_ON
hey turn off bathroom led please,LIGHT_OFF
hey power on office lamp for me,LIGHT_ON
please activate office lamp please,LIGHT_ON
hey turn on hall lamp for me,LIGHT_ON
would you switch off garage led right now,LIGHT_OFF
please power off living room led please,LIGHT_OFF
stop hall led for me,LIGHT_OFF
activate led for me,LIGHT_ON
stop bedroom lights,LIGHT_OFF
could you disable garage lamp for me,LIGHT_OFF
hey disable bedroom led,LIGHT_OFF
stop light,LIGHT_OFF
power off living room lamp,LIGHT_OFF
would you power on bedroom lamp,LIGHT_ON
could you power on lights right now,LIGHT_ON
can you start hall lights please,LIGHT_ON
hey switch off bedroom lamp right now,LIGHT_OFF
can you power off kitchen light for me,LIGHT_OFF
deactivate hall light,LIGHT_OFF
please activate lamp please,LIGHT_ON
would you power off hall lights for me,LIGHT_OFF
power off living room light right now,LIGHT_OFF
can you disable living room led for me,LIGHT_OFF
please start bathroom led for me,LIGHT_ON
activate office led please,LIGHT_ON
would you start led right now,LIGHT_ON
please deactivate kitchen led for me,LIGHT_OFF
hey start bedroom lamp please,LIGHT_ON
could you switch off garage light for me,LIGHT_OFF
please power off bathroom lamp for me,LIGHT_OFF
please disable bathroom lamp right now,LIGHT_OFF
could you switch off garage light right now,LIGHT_OFF
could you activate lamp for me,LIGHT_ON
please disable bedroom led please,LIGHT_OFF
could you activate bedroom lights right now,LIGHT_ON
would you enable living room light right now,LIGHT_ON
hey activate bedroom lights please,LIGHT_ON
can you start bathroom lamp for me,LIGHT_ON
please enable bathroom led please,LIGHT_ON
enable office light for me,LIGHT_ON
could you enable lights for me,LIGHT_ON
please deactivate bedroom led,LIGHT_OFF
please turn off garage light please,LIGHT_OFF
please power off hall lights please,LIGHT_OFF
could you switch off living room light for me,LIGHT_OFF
deactivate living room light right now,LIGHT_OFF
could you turn off hall led please,LIGHT_OFF
can you disable bathroom led,LIGHT_OFF
would you power off garage lights,LIGHT_OFF
could you disable bedroom led,LIGHT_OFF
would you switch off bedroom lamp,LIGHT_OFF
hey activate hall light right now,LIGHT_ON
can you start hall lamp for me,LIGHT_ON
hey activate office light,LIGHT_ON
hey start office lights for me,LIGHT_ON
hey power on bathroom light please,LIGHT_ON
switch on hall led right now,LIGHT_ON
activate kitchen led right now,LIGHT_ON
would you deactivate bathroom lights right now,LIGHT_OFF
could you stop bathroom lamp please,LIGHT_OFF
please start led right now,LIGHT_ON
please power off light please,LIGHT_OFF
could you stop garage led please,LIGHT_OFF
can you start bathroom led right now,LIGHT_ON
would you enable bedroom lamp right now,LIGHT_ON
start garage lights please,LIGHT_ON
switch on living room led for me,LIGHT_ON
hey switch off garage light please,LIGHT_OFF
please turn on office lights right now,LIGHT_ON
can you power off bedroom lamp right now,LIGHT_OFF
switch off hall led for me,LIGHT_OFF
hey start light for me,LIGHT_ON
would you turn off garage light please,LIGHT_OFF
can you deactivate living room lamp please,LIGHT_OFF
please start kitchen led right now,LIGHT_ON
power on living room light please,LIGHT_ON
could you enable bedroom lights right now,LIGHT_ON
would you switch off kitchen led,LIGHT_OFF
hey power on living room light right now,LIGHT_ON
would you switch on garage led,LIGHT_ON
hey power on living room lamp right now,LIGHT_ON
activate kitchen led please,LIGHT_ON
could you power on office lamp,LIGHT_ON
could you deactivate hall light for me,LIGHT_OFF
enable lights right now,LIGHT_ON
could you switch on bedroom lights,LIGHT_ON
switch off living room led right now,LIGHT_OFF
can you turn off led right now,LIGHT_OFF
would you turn on kitchen lamp right now,LIGHT_ON
would you enable garage lamp,LIGHT_ON
hey stop bedroom led,LIGHT_OFF
can you disable hall light for me,LIGHT_OFF
power off hall led,LIGHT_OFF
can you power off kitchen lights for me,LIGHT_OFF
disable bathroom led right now,LIGHT_OFF
can you disable kitchen light please,LIGHT_OFF
could you turn off garage led,LIGHT_OFF
could you deactivate bedroom lights please,LIGHT_OFF
would you turn off office lamp,LIGHT_OFF
hey start garage lamp right now,LIGHT_ON
please switch on hall lamp,LIGHT_ON
hey start led for me,LIGHT_ON
please turn off bedroom led,LIGHT_OFF
hey stop kitchen lights right now,LIGHT_OFF
please switch off office lamp please,LIGHT_OFF
would you enable living room lights,LIGHT_ON
turn off bedroom lights for me,LIGHT_OFF
can you turn off bedroom lights right now,LIGHT_OFF
can you deactivate office light,LIGHT_OFF
please disable kitchen led please,LIGHT_OFF
would you turn off bathroom led right now,LIGHT_OFF
could you enable hall lamp for me,LIGHT_ON
hey start lights for me,LIGHT_ON
stop bathroom lights,LIGHT_OFF
please deactivate hall lamp,LIGHT_OFF
would you turn off office lamp right now,LIGHT_OFF
hey switch off kitchen lamp,LIGHT_OFF
could you switch off office led please,LIGHT_OFF
hey disable living room led for me,LIGHT_OFF
activate kitchen lights,LIGHT_ON
can you power off bathroom led please,LIGHT_OFF
please deactivate kitchen light,LIGHT_OFF
can you switch on bedroom lights please,LIGHT_ON
hey switch off bedroom lights for me,LIGHT_OFF
activate garage lights please,LIGHT_ON
would you activate bathroom lights please,LIGHT_ON
would you turn on bedroom lights,LIGHT_ON
can you disable office lamp right now,LIGHT_OFF
start lamp right now,LIGHT_ON
please activate bedroom lamp for me,LIGHT_ON
turn off light for me,LIGHT_OFF
hey switch off garage lights please,LIGHT_OFF
please purple elephant,UNKNOWN
would you start office lights,LIGHT_ON
hey start living room lights for me,LIGHT_ON
would you disable hall lamp please,LIGHT_OFF
start living room lights for me,LIGHT_ON
would you activate garage lamp for me,LIGHT_ON
can you stop light,LIGHT_OFF
activate bedroom lamp for me,LIGHT_ON
hey deactivate kitchen light,LIGHT_OFF
can you switch off bathroom light,LIGHT_OFF
please what is the weather,UNKNOWN
power on bedroom lamp for me,LIGHT_ON
can you switch on office led for me,LIGHT_ON
would you activate living room light please,LIGHT_ON
please turn off garage lights right now,LIGHT_OFF
would you deactivate garage lights,LIGHT_OFF
would you switch on living room led please,LIGHT_ON
hey start living room led for me,LIGHT_ON
hey turn off living room lamp right now,LIGHT_OFF
hey switch on garage lamp,LIGHT_ON
hey power on hall led for me,LIGHT_ON
please start garage lights right now,LIGHT_ON
would you start lights,LIGHT_ON
can you disable garage lamp right now,LIGHT_OFF
power off bedroom led,LIGHT_OFF
could you switch off garage led please,LIGHT_OFF
can you stop office led,LIGHT_OFF
please turn on living room lights right now,LIGHT_ON
can you turn on living room led for me,LIGHT_ON
would you turn on living room lights please,LIGHT_ON
would you start kitchen lamp,LIGHT_ON
power on kitchen lights,LIGHT_ON
would you start living room lights right now,LIGHT_ON
deactivate garage lamp,LIGHT_OFF
hey enable led right now,LIGHT_ON
please switch on garage lights please,LIGHT_ON
power off kitchen led,LIGHT_OFF
would you activate bathroom light for me,LIGHT_ON
can you stop kitchen light right now,LIGHT_OFF
next song please,UNKNOWN
could you power off hall light for me,LIGHT_OFF
can you activate bathroom led please,LIGHT_ON
can you power on bedroom lamp right now,LIGHT_ON
switch on lights,LIGHT_ON
hey switch on kitchen led right now,LIGHT_ON
could you switch on kitchen light please,LIGHT_ON
could you turn off garage light please,LIGHT_OFF
could you stop bathroom lights,LIGHT_OFF
would you turn off office light please,LIGHT_OFF
would you deactivate kitchen light please,LIGHT_OFF
can you enable bathroom led for me,LIGHT_ON
would you start hall led,LIGHT_ON
hey disable bedroom light please,LIGHT_OFF
would you power on hall lights please,LIGHT_ON
start living room light right now,LIGHT_ON
could you stop garage lamp for me,LIGHT_OFF
power off garage led please,LIGHT_OFF
could you activate lamp,LIGHT_ON
hey start bathroom light,LIGHT_ON
would you activate hall led please,LIGHT_ON
can you enable lamp right now,LIGHT_ON
would you start bathroom led right now,LIGHT_ON
could you turn off lamp for me,LIGHT_OFF
can you turn on garage lights for me,LIGHT_ON
would you power on kitchen light please,LIGHT_ON
can you turn on living room led right now,LIGHT_ON
hey activate bathroom light please,LIGHT_ON
could you power on kitchen lights for me,LIGHT_ON
would you disable bedroom light please,LIGHT_OFF
hey activate bathroom light,LIGHT_ON
please switch off hall light for me,LIGHT_OFF
please enable hall lamp right now,LIGHT_ON
would you switch on living room lights please,LIGHT_ON
power on garage led right now,LIGHT_ON
would you switch on bedroom light,LIGHT_ON
would you power off living room lamp please,LIGHT_OFF
would you turn on lamp right now,LIGHT_ON
please start office led,LIGHT_ON
would you stop bathroom lamp right now,LIGHT_OFF
could you start light for me,LIGHT_ON
could you switch off bedroom lights please,LIGHT_OFF
please turn off bathroom led for me,LIGHT_OFF
would you disable bathroom led,LIGHT_OFF
hey turn off kitchen led right now,LIGHT_OFF
hey start kitchen light right now,LIGHT_ON
activate light,LIGHT_ON
hey deactivate bedroom lights for me,LIGHT_OFF
could you turn on garage light right now,LIGHT_ON
hey deactivate office lamp right now,LIGHT_OFF
turn off bedroom led right now,LIGHT_OFF
can you power off living room light right now,LIGHT_OFF
please enable garage lamp,LIGHT_ON
power on bathroom light please,LIGHT_ON
could you start living room light,LIGHT_ON
please power on bedroom lamp please,LIGHT_ON
would you turn on bathroom lamp please,LIGHT_ON
hey turn on bedroom led please,LIGHT_ON
would you power off kitchen lights,LIGHT_OFF
please activate kitchen lights for me,LIGHT_ON
please start kitchen lamp please,LIGHT_ON
please stop led please,LIGHT_OFF
would you start living room led,LIGHT_ON
start kitchen lamp please,LIGHT_ON
can you switch on office lamp please,LIGHT_ON
please deactivate living room led right now,LIGHT_OFF
would you enable light for me,LIGHT_ON
would you activate kitchen lamp please,LIGHT_ON
please deactivate bathroom lights for me,LIGHT_OFF
please turn off bedroom lights,LIGHT_OFF
would you activate living room led right now,LIGHT_ON
hey deactivate office light for me,LIGHT_OFF
could you switch on office lamp,LIGHT_ON
would you enable office light please,LIGHT_ON
would you power on living room lamp please,LIGHT_ON
turn off garage lamp please,LIGHT_OFF
power on led right now,LIGHT_ON
activate led please,LIGHT_ON
please turn on garage lights right now,LIGHT_ON
switch on lights please,LIGHT_ON
switch on garage light right now,LIGHT_ON
could you enable office light right now,LIGHT_ON
stop led,LIGHT_OFF
please enable hall led for me,LIGHT_ON
would you switch on kitchen lights for me,LIGHT_ON
please power on bathroom led please,LIGHT_ON
could you enable garage lamp,LIGHT_ON
hey activate living room light right now,LIGHT_ON
please switch on bedroom light please,LIGHT_ON
stop hall lights right now,LIGHT_OFF
would you start living room led right now,LIGHT_ON
can you activate bathroom lamp for me,LIGHT_ON
could you disable led for me,LIGHT_OFF
could you switch on living room light for me,LIGHT_ON
please power off garage lights please,LIGHT_OFF
hey activate office lights please,LIGHT_ON
would you deactivate bedroom lights for me,LIGHT_OFF
could you switch off hall lamp right now,LIGHT_OFF
please pause music,UNKNOWN
please switch off office lights,LIGHT_OFF
deactivate bedroom lamp please,LIGHT_OFF
hey power off garage light for me,LIGHT_OFF
deactivate office led for me,LIGHT_OFF
turn off living room led please,LIGHT_OFF
activate office light right now,LIGHT_ON
could you enable bedroom lights for me,LIGHT_ON
can you power off bathroom led,LIGHT_OFF
please start bedroom lights right now,LIGHT_ON
stop bedroom light please,LIGHT_OFF
power on office lamp please,LIGHT_ON
hey switch on office lights right now,LIGHT_ON
can you turn on office light right now,LIGHT_ON
switch off kitchen led please,LIGHT_OFF
hey turn on hall light please,LIGHT_ON
please power off garage lights right now,LIGHT_OFF
could you activate bedroom lights,LIGHT_ON
could you power on kitchen lamp right now,LIGHT_ON
would you switch off kitchen lights for me,LIGHT_OFF
could you disable garage led please,LIGHT_OFF
would you stop garage light for me,LIGHT_OFF
could you enable garage led right now,LIGHT_ON
hey start bedroom light,LIGHT_ON
activate bedroom led right now,LIGHT_ON
turn off hall led right now,LIGHT_OFF
hey activate lamp,LIGHT_ON
please start hall lamp please,LIGHT_ON
turn off office lamp please,LIGHT_OFF
hey start kitchen lights for me,LIGHT_ON
can you turn on kitchen lamp,LIGHT_ON
would you power off hall lamp right now,LIGHT_OFF
hey power off bedroom led right now,LIGHT_OFF
would you deactivate office lamp for me,LIGHT_OFF
please turn off led right now,LIGHT_OFF
would you disable bedroom lights right now,LIGHT_OFF
hey enable bedroom led right now,LIGHT_ON
please turn off bathroom lamp right now,LIGHT_OFF
can you enable hall lamp,LIGHT_ON
hey turn off bedroom light,LIGHT_OFF
could you deactivate bathroom lights,LIGHT_OFF
hey turn off hall lamp right now,LIGHT_OFF
can you power off kitchen lamp right now,LIGHT_OFF
would you turn on hall led please,LIGHT_ON
would you turn on kitchen lights,LIGHT_ON
hey deactivate bedroom lamp,LIGHT_OFF
would you disable hall lights,LIGHT_OFF
turn on living room lamp please,LIGHT_ON
can you turn off light please,LIGHT_OFF
could you disable bathroom led right now,LIGHT_OFF
please activate garage led please,LIGHT_ON
could you turn off living room lamp please,LIGHT_OFF
hey switch off office lights for me,LIGHT_OFF
turn off office lights for me,LIGHT_OFF
hey switch off light,LIGHT_OFF
could you stop bedroom led right now,LIGHT_OFF
would you deactivate bathroom lights please,LIGHT_OFF
please turn off bedroom lamp,LIGHT_OFF
turn off kitchen lamp,LIGHT_OFF
could you switch on hall lights please,LIGHT_ON
would you turn off hall lamp right now,LIGHT_OFF
could you start kitchen led please,LIGHT_ON
can you deactivate bathroom led,LIGHT_OFF
start office lamp right now,LIGHT_ON
would you turn off garage lights please,LIGHT_OFF
could you power off bedroom light please,LIGHT_OFF
can you turn off office lights,LIGHT_OFF
would you switch on kitchen lamp please,LIGHT_ON
would you enable bathroom lights,LIGHT_ON
start bathroom light,LIGHT_ON
would you turn off hall light right now,LIGHT_OFF
enable led,LIGHT_ON
could you enable office lights,LIGHT_ON
deactivate garage lamp right now,LIGHT_OFF
deactivate hall led right now,LIGHT_OFF
hey activate light right now,LIGHT_ON
start garage lights right now,LIGHT_ON
activate office lamp right now,LIGHT_ON
hey enable living room light for me,LIGHT_ON
switch off garage lamp right now,LIGHT_OFF
activate living room lamp for me,LIGHT_ON
please switch on office led right now,LIGHT_ON
please switch on hall light,LIGHT_ON
would you activate bedroom led for me,LIGHT_ON
please switch on office light please,LIGHT_ON
hey start garage light,LIGHT_ON
can you switch on kitchen lamp please,LIGHT_ON
power off hall led for me,LIGHT_OFF
hey turn on garage lamp please,LIGHT_ON
can you deactivate kitchen light,LIGHT_OFF
hey deactivate hall led please,LIGHT_OFF
would you power on garage led,LIGHT_ON
switch on living room light please,LIGHT_ON
disable bedroom lamp please,LIGHT_OFF
switch on bathroom lamp right now,LIGHT_ON
could you turn off kitchen light for me,LIGHT_OFF
can you turn off hall lamp please,LIGHT_OFF
would you power off garage lights please,LIGHT_OFF
please disable kitchen lamp for me,LIGHT_OFF
hey disable hall lamp for me,LIGHT_OFF
would you switch on kitchen led for me,LIGHT_ON
could you activate office lights right now,LIGHT_ON
could you start garage light right now,LIGHT_ON
switch off kitchen light for me,LIGHT_OFF
power on bathroom led,LIGHT_ON
could you power on hall lights right now,LIGHT_ON
please power off bedroom light right now,LIGHT_OFF
please turn off hall led right now,LIGHT_OFF
please activate living room light please,LIGHT_ON
would you switch on kitchen lamp right now,LIGHT_ON
please turn on hall lights,LIGHT_ON
please turn off bedroom light please,LIGHT_OFF
stop lights for me,LIGHT_OFF
would you power on kitchen led right now,LIGHT_ON
could you disable bedroom lamp,LIGHT_OFF
can you stop living room lamp right now,LIGHT_OFF
can you start garage led right now,LIGHT_ON
can you start led please,LIGHT_ON
can you switch off office lights,LIGHT_OFF
hey power off hall led for me,LIGHT_OFF
hey power on bedroom led please,LIGHT_ON
could you activate kitchen lights please,LIGHT_ON
would you power off garage lamp for me,LIGHT_OFF
can you turn on bathroom lights right now,LIGHT_ON
hey turn off garage light please,LIGHT_OFF
please switch on living room light for me,LIGHT_ON
please start bathroom light for me,LIGHT_ON
please disable garage lamp for me,LIGHT_OFF
could you power on bathroom led,LIGHT_ON
hey activate bathroom lights right now,LIGHT_ON
can you turn off led,LIGHT_OFF
start bathroom lights right now,LIGHT_ON
please activate hall led,LIGHT_ON
would you power off living room lights right now,LIGHT_OFF
could you power off bedroom lights please,LIGHT_OFF
would you disable living room lights right now,LIGHT_OFF
would you enable garage light for me,LIGHT_ON
can you stop garage lamp for me,LIGHT_OFF
can you disable living room lamp,LIGHT_OFF
can you power off bathroom light,LIGHT_OFF
can you switch on kitchen lights right now,LIGHT_ON
could you enable living room light,LIGHT_ON
could you start living room lights for me,LIGHT_ON
can you activate hall led please,LIGHT_ON
hey disable living room lamp please,LIGHT_OFF
can you switch on hall led right now,LIGHT_ON
would you turn off hall lights,LIGHT_OFF
switch off living room led,LIGHT_OFF
can you deactivate living room lights,LIGHT_OFF
hey switch off garage lamp for me,LIGHT_OFF
please stop bathroom light right now,LIGHT_OFF
could you deactivate lamp right now,LIGHT_OFF
can you activate bedroom lamp please,LIGHT_ON
activate led right now,LIGHT_ON
start hall lights please,LIGHT_ON
would you start hall led please,LIGHT_ON
turn on office lamp for me,LIGHT_ON
can you power off kitchen light please,LIGHT_OFF
could you activate office lamp right now,LIGHT_ON
hey switch off led right now,LIGHT_OFF
activate living room lights right now,LIGHT_ON
could you deactivate light right now,LIGHT_OFF
would you switch off kitchen light right now,LIGHT_OFF
could you disable office light for me,LIGHT_OFF
hey turn on bathroom lights for me,LIGHT_ON
hey power on office led right now,LIGHT_ON
can you switch off garage led for me,LIGHT_OFF
hey switch on hall lamp right now,LIGHT_ON
please power on hall lamp for me,LIGHT_ON
could you power off bathroom lights right now,LIGHT_OFF
hey power off garage lights right now,LIGHT_OFF
please switch on living room lamp for me,LIGHT_ON
hey switch on kitchen lights,LIGHT_ON
please enable bedroom light for me,LIGHT_ON
could you start bedroom led for me,LIGHT_ON
hey switch off living room light please,LIGHT_OFF
can you activate lights for me,LIGHT_ON
hey turn off garage light,LIGHT_OFF
please enable kitchen lights please,LIGHT_ON
please power on hall light for me,LIGHT_ON
please switch off garage light for me,LIGHT_OFF
hey enable hall light,LIGHT_ON
could you disable kitchen light,LIGHT_OFF
could you stop office lamp for me,LIGHT_OFF
hey stop hall lamp please,LIGHT_OFF
hey power off living room led please,LIGHT_OFF
power on bedroom light right now,LIGHT_ON
would you start garage light please,LIGHT_ON
would you stop garage led for me,LIGHT_OFF
please stop bedroom led please,LIGHT_OFF
switch off hall led right now,LIGHT_OFF
hey turn on kitchen light,LIGHT_ON
would you switch on bedroom lamp please,LIGHT_ON
please enable office lights,LIGHT_ON
enable bathroom led for me,LIGHT_ON
would you turn off bathroom lights please,LIGHT_OFF
please activate kitchen led for me,LIGHT_ON
hey power on bedroom led,LIGHT_ON
please stop hall lights for me,LIGHT_OFF
would you start office light please,LIGHT_ON
can you deactivate hall lights,LIGHT_OFF
hey turn off led please,LIGHT_OFF
please turn on hall lamp please,LIGHT_ON
hey deactivate hall lamp,LIGHT_OFF
please deactivate garage lights right now,LIGHT_OFF
hey activate bathroom lamp for me,LIGHT_ON
could you activate bathroom lamp right now,LIGHT_ON
could you power on hall lights please,LIGHT_ON
would you switch off bedroom led right now,LIGHT_OFF
can you switch on office light,LIGHT_ON
hey power off lamp right now,LIGHT_OFF
turn on kitchen led please,LIGHT_ON
could you turn off lights right now,LIGHT_OFF
would you power on lamp,LIGHT_ON
could you activate hall led right now,LIGHT_ON
activate bathroom lights,LIGHT_ON
please turn off bathroom light please,LIGHT_OFF
would you disable kitchen lights please,LIGHT_OFF
could you enable garage light please,LIGHT_ON
hey turn on office lamp right now,LIGHT_ON
switch on kitchen led right now,LIGHT_ON
hey turn on kitchen led please,LIGHT_ON
could you power on office lights please,LIGHT_ON
would you disable kitchen lamp,LIGHT_OFF
can you switch off bedroom led right now,LIGHT_OFF
can you turn off living room led please,LIGHT_OFF
would you deactivate lights,LIGHT_OFF
hey stop lamp,LIGHT_OFF
could you power off garage led please,LIGHT_OFF
could you switch on office lamp right now,LIGHT_ON
hey switch off bedroom led please,LIGHT_OFF
hey switch off bathroom led for me,LIGHT_OFF
can you disable garage lights right now,LIGHT_OFF
start living room led for me,LIGHT_ON
activate bathroom light,LIGHT_ON
could you power on kitchen lamp for me,LIGHT_ON
could you turn off hall lights right now,LIGHT_OFF
switch off bedroom lights right now,LIGHT_OFF
could you turn on hall lights right now,LIGHT_ON
could you turn on garage led please,LIGHT_ON
disable living room lamp for me,LIGHT_OFF
can you stop living room lights for me,LIGHT_OFF
would you enable bathroom lights please,LIGHT_ON
can you power on office light for me,LIGHT_ON
hey deactivate office lamp for me,LIGHT_OFF
can you activate hall light,LIGHT_ON
hey deactivate kitchen light for me,LIGHT_OFF
switch off hall light right now,LIGHT_OFF
hey power off kitchen light please,LIGHT_OFF
could you power on hall light right now,LIGHT_ON
hey activate office led for me,LIGHT_ON
could you power on office led,LIGHT_ON
can you switch off kitchen led right now,LIGHT_OFF
hey switch on hall light please,LIGHT_ON
can you power on garage lights right now,LIGHT_ON
hey switch off office light for me,LIGHT_OFF
would you turn off living room lights,LIGHT_OFF
would you stop garage lamp please,LIGHT_OFF
could you activate kitchen light right now,LIGHT_ON
hey activate bedroom light please,LIGHT_ON
could you switch off lights right now,LIGHT_OFF
hey activate living room led right now,LIGHT_ON
please turn on hall led for me,LIGHT_ON
could you stop kitchen led right now,LIGHT_OFF
could you activate living room lights for me,LIGHT_ON
please activate bedroom light right now,LIGHT_ON
please start hall lamp,LIGHT_ON
could you switch on bathroom lights right now,LIGHT_ON
would you disable hall light,LIGHT_OFF
could you turn off living room lights for me,LIGHT_OFF
could you power off kitchen lights right now,LIGHT_OFF
hey turn on hall lamp right now,LIGHT_ON
hey power on garage light please,LIGHT_ON
please switch off hall light,LIGHT_OFF
please turn on bathroom light,LIGHT_ON
could you deactivate hall led for me,LIGHT_OFF
can you stop living room lamp for me,LIGHT_OFF
please start garage lights please,LIGHT_ON
disable garage light for me,LIGHT_OFF
can you activate bathroom lights please,LIGHT_ON
would you start kitchen lights for me,LIGHT_ON
please switch off living room light please,LIGHT_OFF
can you start kitchen lights,LIGHT_ON
would you stop living room led please,LIGHT_OFF
would you activate garage led please,LIGHT_ON
hey power on led for me,LIGHT_ON
can you deactivate garage lights,LIGHT_OFF
would you power off bedroom light right now,LIGHT_OFF
would you switch off bathroom lights please,LIGHT_OFF
could you power on kitchen light,LIGHT_ON
could you deactivate living room led right now,LIGHT_OFF
power on office lights for me,LIGHT_ON
could you activate bathroom lights right now,LIGHT_ON
please stop garage lamp for me,LIGHT_OFF
can you switch on kitchen lamp for me,LIGHT_ON
can you power off living room lights please,LIGHT_OFF
please activate garage lights for me,LIGHT_ON
would you turn off bathroom led for me,LIGHT_OFF
could you deactivate bedroom led,LIGHT_OFF
hey deactivate office led for me,LIGHT_OFF
can you stop hall light,LIGHT_OFF
could you power off kitchen light for me,LIGHT_OFF
hey activate hall lights,LIGHT_ON
could you activate lights for me,LIGHT_ON
please enable lights please,LIGHT_ON
would you turn off bathroom light for me,LIGHT_OFF
disable lights right now,LIGHT_OFF
can you turn on living room light for me,LIGHT_ON
can you enable office lamp for me,LIGHT_ON
could you stop garage led right now,LIGHT_OFF
can you start hall lights,LIGHT_ON
please disable office lamp for me,LIGHT_OFF
can you stop garage lights,LIGHT_OFF
hey start living room led right now,LIGHT_ON
hey activate kitchen lights,LIGHT_ON
would you activate kitchen led please,LIGHT_ON
please turn on living room lamp for me,LIGHT_ON
can you deactivate living room lamp,LIGHT_OFF
enable bedroom light right now,LIGHT_ON
disable living room lamp,LIGHT_OFF
hey turn on living room lamp right now,LIGHT_ON
would you enable bedroom light for me,LIGHT_ON
activate bedroom light for me,LIGHT_ON
could you turn on living room light right now,LIGHT_ON
please power on bathroom light please,LIGHT_ON
please deactivate hall light,LIGHT_OFF
can you switch off office light please,LIGHT_OFF
could you turn on office lights,LIGHT_ON
would you stop hall lamp for me,LIGHT_OFF
hey disable office light for me,LIGHT_OFF
please switch on bathroom lamp please,LIGHT_ON
could you turn off office led for me,LIGHT_OFF
would you stop living room led for me,LIGHT_OFF
can you switch off living room lights,LIGHT_OFF
could you power on bathroom lamp right now,LIGHT_ON
would you switch off kitchen lights,LIGHT_OFF
hey power off bedroom lamp for me,LIGHT_OFF
can you disable hall led right now,LIGHT_OFF
would you switch on hall led right now,LIGHT_ON
can you turn off hall led please,LIGHT_OFF
would you disable office lights,LIGHT_OFF
could you activate garage led please,LIGHT_ON
can you start hall lamp,LIGHT_ON
please activate hall light right now,LIGHT_ON
turn on living room led for me,LIGHT_ON
could you switch on living room lights,LIGHT_ON
can you activate garage lights for me,LIGHT_ON
please disable lamp right now,LIGHT_OFF
hey switch off hall lamp right now,LIGHT_OFF
could you turn off bedroom lamp right now,LIGHT_OFF
can you disable bedroom led,LIGHT_OFF
can you switch on led please,LIGHT_ON
can you turn off office lamp right now,LIGHT_OFF
please switch off light right now,LIGHT_OFF
please switch off hall lamp,LIGHT_OFF
please enable garage lamp for me,LIGHT_ON
would you activate office lights,LIGHT_ON
turn on office led please,LIGHT_ON
disable living room lights for me,LIGHT_OFF
stop garage lamp please,LIGHT_OFF
could you turn on bedroom lights please,LIGHT_ON
switch off bathroom led right now,LIGHT_OFF
could you enable office lamp please,LIGHT_ON
can you activate bathroom led right now,LIGHT_ON
power on bedroom light please,LIGHT_ON
hey turn off hall light for me,LIGHT_OFF
hey turn on living room lamp,LIGHT_ON
can you start light for me,LIGHT_ON
deactivate kitchen lamp right now,LIGHT_OFF
please power on bedroom lights right now,LIGHT_ON
would you stop bedroom led please,LIGHT_OFF
start bathroom lights for me,LIGHT_ON
can you deactivate bathroom lamp please,LIGHT_OFF
can you disable living room light right now,LIGHT_OFF
please power off bedroom light for me,LIGHT_OFF
would you start hall lights please,LIGHT_ON
would you power off office light,LIGHT_OFF
turn on office led right now,LIGHT_ON
activate hall led right now,LIGHT_ON
would you start garage lamp,LIGHT_ON
please turn on bathroom lights please,LIGHT_ON
switch off bedroom light right now,LIGHT_OFF
can you stop garage led,LIGHT_OFF
hey switch on bathroom led right now,LIGHT_ON
please power on living room lamp,LIGHT_ON
would you turn off lamp right now,LIGHT_OFF
enable garage lamp right now,LIGHT_ON
can you activate hall light right now,LIGHT_ON
hey turn off garage lights,LIGHT_OFF
could you turn on light,LIGHT_ON
could you power off kitchen light,LIGHT_OFF
can you activate led right now,LIGHT_ON
switch on garage lights,LIGHT_ON
please switch off office lights right now,LIGHT_OFF
could you enable garage lamp please,LIGHT_ON
please turn off bedroom light right now,LIGHT_OFF
hey start living room led please,LIGHT_ON
would you turn off office led,LIGHT_OFF
could you turn on bedroom lights right now,LIGHT_ON
hey start office lamp for me,LIGHT_ON
would you turn off kitchen led,LIGHT_OFF
could you start kitchen lamp right now,LIGHT_ON
hey deactivate office light right now,LIGHT_OFF
could you disable bathroom lights right now,LIGHT_OFF
hey stop living room lights,LIGHT_OFF
would you stop hall lamp right now,LIGHT_OFF
power on bathroom light,LIGHT_ON
could you turn off office light right now,LIGHT_OFF
hey disable living room lamp for me,LIGHT_OFF
turn off hall lamp right now,LIGHT_OFF
can you power off living room light,LIGHT_OFF
can you enable garage lights please,LIGHT_ON
please turn on garage light for me,LIGHT_ON
hey stop office led,LIGHT_OFF
would you activate bedroom lamp for me,LIGHT_ON
enable garage lights right now,LIGHT_ON
can you activate lamp,LIGHT_ON
could you power off bedroom lamp please,LIGHT_OFF
hey switch on bedroom lights right now,LIGHT_ON
can you stop kitchen led,LIGHT_OFF
start office light for me,LIGHT_ON
would you turn off living room led for me,LIGHT_OFF
hey power off garage led for me,LIGHT_OFF
please start hall led for me,LIGHT_ON
switch on garage led,LIGHT_ON
disable bathroom lights,LIGHT_OFF
could you enable kitchen lights right now,LIGHT_ON
power off bedroom lamp right now,LIGHT_OFF
can you turn on bedroom lamp for me,LIGHT_ON
turn on hall led please,LIGHT_ON
please deactivate office lights,LIGHT_OFF
would you stop led,LIGHT_OFF
turn off garage lamp,LIGHT_OFF
power on hall lights right now,LIGHT_ON
can you deactivate bathroom light right now,LIGHT_OFF
would you switch off garage light for me,LIGHT_OFF
could you stop bathroom led,LIGHT_OFF
can you switch on living room led,LIGHT_ON
would you disable hall led,LIGHT_OFF
could you switch off living room lights right now,LIGHT_OFF
please start lights right now,LIGHT_ON
power off office led right now,LIGHT_OFF
deactivate hall lights for me,LIGHT_OFF
hey activate lights right now,LIGHT_ON
turn on living room lights please,LIGHT_ON
stop office lamp,LIGHT_OFF
hey switch on garage lights,LIGHT_ON
hey stop bathroom lamp,LIGHT_OFF
can you activate garage lamp right now,LIGHT_ON
hey turn off bathroom lights,LIGHT_OFF
hey switch off garage led right now,LIGHT_OFF
can you disable bathroom lamp right now,LIGHT_OFF
would you switch on lights for me,LIGHT_ON
would you activate living room light right now,LIGHT_ON
could you turn on kitchen lights right now,LIGHT_ON
could you enable living room light for me,LIGHT_ON
hey activate bathroom led for me,LIGHT_ON
can you power off kitchen led for me,LIGHT_OFF
would you power on led for me,LIGHT_ON
can you enable garage light for me,LIGHT_ON
could you activate bathroom led for me,LIGHT_ON
can you start kitchen led,LIGHT_ON
please power on bedroom led for me,LIGHT_ON
please turn on garage lamp,LIGHT_ON
could you power on living room lights right now,LIGHT_ON
turn on kitchen lights right now,LIGHT_ON
please activate office led for me,LIGHT_ON
hey deactivate living room lights right now,LIGHT_OFF
hey power on hall lights for me,LIGHT_ON
can you stop lights please,LIGHT_OFF
would you enable kitchen led right now,LIGHT_ON
would you deactivate office lamp right now,LIGHT_OFF
could you power off living room light please,LIGHT_OFF
please power on office lights for me,LIGHT_ON
please stop office lamp,LIGHT_OFF
please switch on garage lamp for me,LIGHT_ON
please start living room led please,LIGHT_ON
deactivate office lights,LIGHT_OFF
could you stop living room led right now,LIGHT_OFF
enable bathroom lights right now,LIGHT_ON
would you switch on office lamp please,LIGHT_ON
can you disable bedroom light for me,LIGHT_OFF
could you turn on bathroom light for me,LIGHT_ON
please activate lights for me,LIGHT_ON
could you switch on kitchen lamp please,LIGHT_ON
could you deactivate lamp,LIGHT_OFF
start garage light right now,LIGHT_ON
would you deactivate light please,LIGHT_OFF
would you switch off garage lamp for me,LIGHT_OFF
switch on led,LIGHT_ON
could you power off office lights right now,LIGHT_OFF
would you activate bathroom lamp,LIGHT_ON
can you deactivate kitchen lamp,LIGHT_OFF
start bedroom light,LIGHT_ON
hey turn off hall lamp,LIGHT_OFF
would you turn on garage lights for me,LIGHT_ON
can you enable office lights,LIGHT_ON
hey deactivate kitchen lights for me,LIGHT_OFF
stop bathroom light for me,LIGHT_OFF
can you turn off living room lamp please,LIGHT_OFF
can you disable garage lights for me,LIGHT_OFF
enable bedroom light for me,LIGHT_ON
hey stop garage light please,LIGHT_OFF
please switch on office led for me,LIGHT_ON
hey power on living room lamp please,LIGHT_ON
start office light,LIGHT_ON
would you stop bathroom lights right now,LIGHT_OFF
can you power on lamp,LIGHT_ON
could you disable kitchen lights right now,LIGHT_OFF
please activate light,LIGHT_ON
could you disable bedroom lamp for me,LIGHT_OFF
please power off bedroom light,LIGHT_OFF
can you power on office lamp please,LIGHT_ON
would you turn off lamp,LIGHT_OFF
could you switch off bedroom led,LIGHT_OFF
could you activate bathroom lights please,LIGHT_ON
please enable lamp please,LIGHT_ON
please deactivate bathroom lamp right now,LIGHT_OFF
could you deactivate office light please,LIGHT_OFF
start light right now,LIGHT_ON
would you disable kitchen led please,LIGHT_OFF
stop living room light,LIGHT_OFF
could you activate kitchen lights for me,LIGHT_ON
could you enable garage lights for me,LIGHT_ON
would you stop bathroom led for me,LIGHT_OFF
hey enable living room led,LIGHT_ON
please power off bedroom lights for me,LIGHT_OFF
could you disable kitchen led,LIGHT_OFF
could you switch off bathroom led,LIGHT_OFF
would you disable light for me,LIGHT_OFF
please activate lights right now,LIGHT_ON
can you turn off garage light please,LIGHT_OFF
could you power on office led right now,LIGHT_ON
enable garage lights please,LIGHT_ON
could you switch off office lights right now,LIGHT_OFF
hey switch off bedroom lamp,LIGHT_OFF
can you activate bathroom light,LIGHT_ON
would you power off living room led please,LIGHT_OFF
hey turn on living room lamp please,LIGHT_ON
would you stop living room lamp for me,LIGHT_OFF
switch off office lamp for me,LIGHT_OFF
could you switch on hall light,LIGHT_ON
deactivate office light right now,LIGHT_OFF
disable office light for me,LIGHT_OFF
please turn off office lights please,LIGHT_OFF
please disable bedroom led,LIGHT_OFF
can you switch off living room light for me,LIGHT_OFF
would you disable hall led right now,LIGHT_OFF
would you switch on bathroom lights please,LIGHT_ON
can you switch on office led please,LIGHT_ON
could you switch on office light for me,LIGHT_ON
could you power on light right now,LIGHT_ON
could you stop living room light,LIGHT_OFF
would you switch on living room light please,LIGHT_ON
hey turn off garage lamp right now,LIGHT_OFF
could you disable bedroom lights please,LIGHT_OFF
would you stop office lights for me,LIGHT_OFF
hey activate garage lamp right now,LIGHT_ON
can you power off kitchen led,LIGHT_OFF
hey turn on living room light please,LIGHT_ON
would you start garage led please,LIGHT_ON
could you stop office light,LIGHT_OFF
switch off bathroom light right now,LIGHT_OFF
disable bathroom lights please,LIGHT_OFF
please start hall light please,LIGHT_ON
disable bedroom led for me,LIGHT_OFF
please start living room lights right now,LIGHT_ON
power off office lamp right now,LIGHT_OFF
disable living room lights,LIGHT_OFF
please deactivate light please,LIGHT_OFF
hey activate bedroom light for me,LIGHT_ON
can you turn on hall lamp,LIGHT_ON
would you stop living room lights,LIGHT_OFF
hey switch on living room lamp right now,LIGHT_ON
please enable living room lights for me,LIGHT_ON
could you enable lights,LIGHT_ON
hey start bedroom lights for me,LIGHT_ON
could you disable bedroom lights,LIGHT_OFF
could you activate office light for me,LIGHT_ON
enable kitchen lights right now,LIGHT_ON
can you power off hall lights for me,LIGHT_OFF
can you activate kitchen lights right now,LIGHT_ON
would you activate hall led right now,LIGHT_ON
please turn on bedroom lamp please,LIGHT_ON
would you power off bedroom led please,LIGHT_OFF
could you start living room lights please,LIGHT_ON
could you power on garage light,LIGHT_ON
hey switch off bedroom light,LIGHT_OFF
could you turn off bathroom light,LIGHT_OFF
hey turn on bathroom led please,LIGHT_ON
would you start garage led,LIGHT_ON
can you deactivate office led right now,LIGHT_OFF
hey switch off kitchen lights right now,LIGHT_OFF
please power off garage light right now,LIGHT_OFF
please stop living room led please,LIGHT_OFF
hey switch off living room led please,LIGHT_OFF
would you switch off bedroom light please,LIGHT_OFF
could you switch on kitchen led right now,LIGHT_ON
could you disable office lights please,LIGHT_OFF
activate garage light right now,LIGHT_ON
please disable living room lamp please,LIGHT_OFF
could you turn off hall led for me,LIGHT_OFF
could you power on light please,LIGHT_ON
would you start bathroom lamp right now,LIGHT_ON
stop hall light right now,LIGHT_OFF
hey turn on bathroom light right now,LIGHT_ON
hey switch off garage lights right now,LIGHT_OFF
turn off kitchen led right now,LIGHT_OFF
switch on living room light,LIGHT_ON
would you power on bedroom lights right now,LIGHT_ON
switch off lamp,LIGHT_OFF
can you switch off living room lamp please,LIGHT_OFF
hey power off office led for me,LIGHT_OFF
please power off bedroom led,LIGHT_OFF
can you activate office led please,LIGHT_ON
hey deactivate hall light please,LIGHT_OFF
please switch on garage light right now,LIGHT_ON
could you switch off lamp,LIGHT_OFF
hey turn off bedroom lamp please,LIGHT_OFF
would you turn on hall led for me,LIGHT_ON
would you activate garage lights right now,LIGHT_ON
please switch on garage led for me,LIGHT_ON
deactivate kitchen lamp please,LIGHT_OFF
would you turn off living room lights please,LIGHT_OFF
can you deactivate office lights,LIGHT_OFF
could you stop garage lamp please,LIGHT_OFF
would you deactivate lamp,LIGHT_OFF
switch off office led,LIGHT_OFF
enable office lamp,LIGHT_ON
hey activate light for me,LIGHT_ON
hey power on led right now,LIGHT_ON
could you switch off bedroom led please,LIGHT_OFF
can you start bathroom lamp right now,LIGHT_ON
please switch on light right now,LIGHT_ON
hey power off living room led,LIGHT_OFF
can you turn on office lamp for me,LIGHT_ON
please activate garage lamp please,LIGHT_ON
hey turn off bathroom light right now,LIGHT_OFF
please stop bathroom led,LIGHT_OFF
can you disable living room lights please,LIGHT_OFF
hey turn on garage lights,LIGHT_ON
turn off living room light please,LIGHT_OFF
would you switch off bedroom led please,LIGHT_OFF
can you activate garage led for me,LIGHT_ON
can you disable kitchen light,LIGHT_OFF
could you power on kitchen led,LIGHT_ON
please power on bedroom light please,LIGHT_ON
could you activate light please,LIGHT_ON
please deactivate hall lights for me,LIGHT_OFF
please activate bathroom led right now,LIGHT_ON
please activate bathroom light please,LIGHT_ON
please switch on office lamp,LIGHT_ON
turn off garage light for me,LIGHT_OFF
can you start garage lamp right now,LIGHT_ON
hey start garage lamp please,LIGHT_ON
hey power on office lights for me,LIGHT_ON
can you power on office lights right now,LIGHT_ON
could you switch off garage lights,LIGHT_OFF
could you enable office light please,LIGHT_ON
would you stop living room light please,LIGHT_OFF
hey switch on hall lamp please,LIGHT_ON
could you turn off bathroom light please,LIGHT_OFF
stop kitchen led please,LIGHT_OFF
would you turn on bathroom light right now,LIGHT_ON
would you switch off garage led for me,LIGHT_OFF
please activate office lights please,LIGHT_ON
would you disable bathroom lights for me,LIGHT_OFF
hey deactivate garage lamp please,LIGHT_OFF
would you disable office light for me,LIGHT_OFF
please switch on led for me,LIGHT_ON
would you power on hall lights right now,LIGHT_ON
turn on office lights right now,LIGHT_ON
stop hall lights for me,LIGHT_OFF
start kitchen led for me,LIGHT_ON
can you start lamp,LIGHT_ON
would you stop office lights please,LIGHT_OFF
would you activate living room lights please,LIGHT_ON
please enable light right now,LIGHT_ON
can you turn off bathroom lamp for me,LIGHT_OFF
turn off led for me,LIGHT_OFF
can you disable office light right now,LIGHT_OFF
please deactivate office lamp right now,LIGHT_OFF
could you power on hall lights,LIGHT_ON
turn on living room lamp,LIGHT_ON
would you deactivate garage lights for me,LIGHT_OFF
please switch off bathroom light please,LIGHT_OFF
please disable living room lamp right now,LIGHT_OFF
please start bathroom lights,LIGHT_ON
turn off bedroom lamp right now,LIGHT_OFF
hey power on bathroom lights right now,LIGHT_ON
please power on led please,LIGHT_ON
start living room lights please,LIGHT_ON
would you turn off kitchen lamp right now,LIGHT_OFF
power off office light please,LIGHT_OFF
would you turn on bathroom lamp for me,LIGHT_ON
hey deactivate led right now,LIGHT_OFF
hey power off bedroom light right now,LIGHT_OFF
turn off bathroom light please,LIGHT_OFF
please turn on hall lamp,LIGHT_ON
hey activate lights for me,LIGHT_ON
could you power off garage light,LIGHT_OFF
stop bedroom lights for me,LIGHT_OFF
can you turn on garage led right now,LIGHT_ON
hey turn on living room light,LIGHT_ON
can you power off bathroom led right now,LIGHT_OFF
could you power on bathroom lights right now,LIGHT_ON
hey activate kitchen lights right now,LIGHT_ON
please turn on hall lights for me,LIGHT_ON
hey power off living room lamp for me,LIGHT_OFF
activate hall light for me,LIGHT_ON
please turn on garage led,LIGHT_ON
would you stop garage light right now,LIGHT_OFF
would you enable bathroom lights right now,LIGHT_ON
can you power off office lamp right now,LIGHT_OFF
can you activate bedroom led,LIGHT_ON
could you turn off office led,LIGHT_OFF
hey power on office lamp right now,LIGHT_ON
could you stop living room lights right now,LIGHT_OFF
please turn on office led for me,LIGHT_ON
power on office lamp right now,LIGHT_ON
could you switch on garage led,LIGHT_ON
hey activate kitchen led please,LIGHT_ON
would you stop office led for me,LIGHT_OFF
hey deactivate bedroom lamp for me,LIGHT_OFF
could you stop office light please,LIGHT_OFF
please turn off office lights,LIGHT_OFF
hey turn off hall light,LIGHT_OFF
can you turn off hall led for me,LIGHT_OFF
would you turn off light,LIGHT_OFF
deactivate living room lights please,LIGHT_OFF
can you deactivate hall led right now,LIGHT_OFF
can you switch off kitchen light for me,LIGHT_OFF
please power on hall lights please,LIGHT_ON
would you turn off bedroom lights for me,LIGHT_OFF
how are you please,UNKNOWN
can you turn off light right now,LIGHT_OFF
could you power off kitchen led for me,LIGHT_OFF
can you power on bathroom lamp,LIGHT_ON
could you start kitchen light for me,LIGHT_ON
can you turn off office lamp,LIGHT_OFF
would you disable bedroom led for me,LIGHT_OFF
would you power off bedroom light,LIGHT_OFF
can you switch on bathroom light for me,LIGHT_ON
would you turn on hall lights please,LIGHT_ON
would you turn off bathroom led please,LIGHT_OFF
disable led right now,LIGHT_OFF
good morning,UNKNOWN
please switch on office light,LIGHT_ON
could you turn off living room lights right now,LIGHT_OFF
please switch on hall led please,LIGHT_ON
can you enable led,LIGHT_ON
can you enable office led,LIGHT_ON
hey switch on garage lights for me,LIGHT_ON
switch on led right now,LIGHT_ON
could you enable garage light for me,LIGHT_ON
can you switch on garage lamp please,LIGHT_ON
please disable office lamp,LIGHT_OFF
please turn off bathroom light for me,LIGHT_OFF
could you disable office led,LIGHT_OFF
please switch off hall light right now,LIGHT_OFF
hey activate office led,LIGHT_ON
please activate office led right now,LIGHT_ON
hey disable kitchen light right now,LIGHT_OFF
please deactivate office lights please,LIGHT_OFF
stop hall lamp right now,LIGHT_OFF
start living room lamp please,LIGHT_ON
can you power off garage lamp,LIGHT_OFF
hey switch on bedroom lamp right now,LIGHT_ON
turn off hall light for me,LIGHT_OFF
please start living room lamp please,LIGHT_ON
turn on hall lamp please,LIGHT_ON
can you switch on hall lights please,LIGHT_ON
hey disable kitchen lights right now,LIGHT_OFF
would you activate garage lights,LIGHT_ON
could you enable kitchen led for me,LIGHT_ON
hey activate garage led please,LIGHT_ON
could you switch off bathroom lamp please,LIGHT_OFF
hey activate kitchen lights please,LIGHT_ON
deactivate kitchen lights for me,LIGHT_OFF
power on bedroom led right now,LIGHT_ON
hey turn on hall lamp,LIGHT_ON
hey start garage lamp,LIGHT_ON
would you power on kitchen light,LIGHT_ON
turn off kitchen lights,LIGHT_OFF
would you power on office light please,LIGHT_ON
enable garage led please,LIGHT_ON
switch on bedroom light for me,LIGHT_ON
please deactivate light right now,LIGHT_OFF
power on office lights please,LIGHT_ON
turn on bathroom lamp please,LIGHT_ON
could you activate hall led,LIGHT_ON
hey deactivate hall lights right now,LIGHT_OFF
can you switch off kitchen led please,LIGHT_OFF
hey disable hall led for me,LIGHT_OFF
power on bathroom lights please,LIGHT_ON
hey turn off garage lamp for me,LIGHT_OFF
can you power off led right now,LIGHT_OFF
could you disable garage lights,LIGHT_OFF
could you switch on hall lamp for me,LIGHT_ON
hey activate living room lamp,LIGHT_ON
turn on bedroom led right now,LIGHT_ON
please power on kitchen lamp right now,LIGHT_ON
please switch on bedroom led for me,LIGHT_ON
would you power off bathroom lamp,LIGHT_OFF
could you power on living room lamp please,LIGHT_ON
could you turn off hall lamp,LIGHT_OFF
please switch off garage lamp,LIGHT_OFF
power on kitchen lamp please,LIGHT_ON
would you turn off led please,LIGHT_OFF
could you power on garage lamp,LIGHT_ON
could you turn off bedroom light,LIGHT_OFF
would you stop led please,LIGHT_OFF
stop hall lamp please,LIGHT_OFF
could you turn on hall lamp please,LIGHT_ON
can you deactivate hall lamp right now,LIGHT_OFF
hey power on bathroom light right now,LIGHT_ON
please power off hall led,LIGHT_OFF
hey power on office light please,LIGHT_ON
can you turn on living room lamp right now,LIGHT_ON
please power off office led please,LIGHT_OFF
deactivate bedroom lamp for me,LIGHT_OFF
could you power on bedroom led,LIGHT_ON
please stop office light right now,LIGHT_OFF
hey activate hall light please,LIGHT_ON
please disable garage led,LIGHT_OFF
switch off bedroom light,LIGHT_OFF
can you disable bathroom light right now,LIGHT_OFF
would you start bathroom lamp please,LIGHT_ON
would you start kitchen lamp right now,LIGHT_ON
could you enable living room lamp please,LIGHT_ON
would you stop bedroom lamp right now,LIGHT_OFF
would you start office lights right now,LIGHT_ON
could you stop garage lights right now,LIGHT_OFF
switch on living room light right now,LIGHT_ON
hey switch on hall led for me,LIGHT_ON
good night please,UNKNOWN
hey switch off bathroom lamp for me,LIGHT_OFF
would you start kitchen lights right now,LIGHT_ON
could you turn on lamp for me,LIGHT_ON
hey switch on kitchen light right now,LIGHT_ON
hey activate living room led for me,LIGHT_ON
would you activate lamp for me,LIGHT_ON
please enable office led please,LIGHT_ON
hey disable bedroom light,LIGHT_OFF
hey power off office lights please,LIGHT_OFF
power off office led,LIGHT_OFF
enable kitchen light right now,LIGHT_ON
power off office light right now,LIGHT_OFF
hey activate bedroom lamp please,LIGHT_ON
good morning please,UNKNOWN
could you turn on lamp right now,LIGHT_ON
would you turn on garage lamp,LIGHT_ON
could you turn off living room light please,LIGHT_OFF
hey power on bedroom lamp please,LIGHT_ON
please enable kitchen led right now,LIGHT_ON
could you turn on living room led,LIGHT_ON
please activate kitchen lights right now,LIGHT_ON
would you switch off led please,LIGHT_OFF
hey start garage led,LIGHT_ON
stop bedroom led please,LIGHT_OFF
can you turn off kitchen lamp right now,LIGHT_OFF
could you switch off bedroom led right now,LIGHT_OFF
can you switch off bedroom led for me,LIGHT_OFF
would you activate light,LIGHT_ON
hey switch on bedroom lights,LIGHT_ON
would you power on garage lamp please,LIGHT_ON
would you activate office lights for me,LIGHT_ON
hey switch on bedroom lamp,LIGHT_ON
hey start living room lamp please,LIGHT_ON
would you disable lights,LIGHT_OFF
could you enable kitchen lights please,LIGHT_ON
please enable bathroom lights please,LIGHT_ON
can you power on living room lights,LIGHT_ON
hey power on office lamp please,LIGHT_ON
please turn off living room led please,LIGHT_OFF
would you stop kitchen lights,LIGHT_OFF
would you power on garage light please,LIGHT_ON
hey switch off lights right now,LIGHT_OFF
please power on office led please,LIGHT_ON
hey enable bathroom light please,LIGHT_ON
hey turn on hall led,LIGHT_ON
switch off bedroom lamp please,LIGHT_OFF
hey turn on garage light for me,LIGHT_ON
would you power off hall lights,LIGHT_OFF
please power off bathroom lamp please,LIGHT_OFF
stop hall light for me,LIGHT_OFF
switch on office lights right now,LIGHT_ON
hey turn on garage lights right now,LIGHT_ON
could you deactivate living room lights,LIGHT_OFF
hey turn on bathroom light for me,LIGHT_ON
could you turn off kitchen led,LIGHT_OFF
hey stop living room led,LIGHT_OFF
can you power off lights,LIGHT_OFF
disable kitchen lights for me,LIGHT_OFF
would you activate living room lamp please,LIGHT_ON
please switch off office lamp for me,LIGHT_OFF
can you activate kitchen lamp,LIGHT_ON
please activate bathroom lamp for me,LIGHT_ON
would you switch on office lights please,LIGHT_ON
can you activate office light,LIGHT_ON
please power off garage lamp right now,LIGHT_OFF
please power on living room led for me,LIGHT_ON
can you power on light please,LIGHT_ON
can you enable kitchen lights right now,LIGHT_ON
stop office lamp for me,LIGHT_OFF
would you switch off bathroom lamp,LIGHT_OFF
please turn on bathroom led for me,LIGHT_ON
please power off bathroom lights right now,LIGHT_OFF
would you power off kitchen led please,LIGHT_OFF
could you power off garage lamp for me,LIGHT_OFF
hey power off office lamp,LIGHT_OFF
can you switch on garage light right now,LIGHT_ON
would you turn on office led right now,LIGHT_ON
would you power on kitchen light for me,LIGHT_ON
can you switch off light,LIGHT_OFF
please turn off lights for me,LIGHT_OFF
hey switch on garage light please,LIGHT_ON
hey deactivate kitchen light please,LIGHT_OFF
hey switch on bathroom lights right now,LIGHT_ON
turn on lamp right now,LIGHT_ON
would you activate office led for me,LIGHT_ON
hey activate garage led for me,LIGHT_ON
could you deactivate hall lamp please,LIGHT_OFF
power off office led for me,LIGHT_OFF
please disable bedroom light please,LIGHT_OFF
hey switch off living room led,LIGHT_OFF
please enable bathroom lights right now,LIGHT_ON
could you switch on bathroom lights please,LIGHT_ON
hey turn on kitchen lights please,LIGHT_ON
please enable hall led right now,LIGHT_ON
would you switch off living room light,LIGHT_OFF
disable hall led right now,LIGHT_OFF
could you switch off light,LIGHT_OFF
would you stop living room lamp,LIGHT_OFF
hey turn off living room led,LIGHT_OFF
hey turn on kitchen light for me,LIGHT_ON
start bathroom lamp,LIGHT_ON
can you turn off hall led,LIGHT_OFF
please stop kitchen led please,LIGHT_OFF
can you turn off garage lights right now,LIGHT_OFF
please turn off office light please,LIGHT_OFF
can you disable office led,LIGHT_OFF
hey disable bedroom lights right now,LIGHT_OFF
could you power off living room light for me,LIGHT_OFF
can you start bathroom led for me,LIGHT_ON
can you deactivate light for me,LIGHT_OFF
can you power on garage lamp for me,LIGHT_ON
could you disable garage led,LIGHT_OFF
please enable living room lights,LIGHT_ON
hey turn off led for me,LIGHT_OFF
enable bathroom led right now,LIGHT_ON
please disable bedroom light for me,LIGHT_OFF
please switch on bedroom led please,LIGHT_ON
can you activate bathroom lights for me,LIGHT_ON
hey start bathroom lights,LIGHT_ON
could you deactivate light please,LIGHT_OFF
could you power off hall led for me,LIGHT_OFF
hey switch on bedroom light right now,LIGHT_ON
please deactivate lights,LIGHT_OFF
could you enable living room light please,LIGHT_ON
could you start bedroom light right now,LIGHT_ON
switch off light for me,LIGHT_OFF
would you switch on office light for me,LIGHT_ON
could you enable kitchen light right now,LIGHT_ON
please start living room lights,LIGHT_ON
please turn off bedroom lights right now,LIGHT_OFF
can you switch on led,LIGHT_ON
activate hall light,LIGHT_ON
could you activate kitchen lamp for me,LIGHT_ON
hey turn off living room light right now,LIGHT_OFF
please activate lamp,LIGHT_ON
please stop bedroom lamp please,LIGHT_OFF
could you turn on garage lights please,LIGHT_ON
switch off office lamp right now,LIGHT_OFF
could you deactivate hall light right now,LIGHT_OFF
please deactivate kitchen light for me,LIGHT_OFF
can you power on garage light,LIGHT_ON
disable light right now,LIGHT_OFF
please power off lights please,LIGHT_OFF
switch off led right now,LIGHT_OFF
please deactivate kitchen lamp,LIGHT_OFF
would you activate hall light,LIGHT_ON
please power on living room light please,LIGHT_ON
would you switch on kitchen lights please,LIGHT_ON
would you switch off bedroom light,LIGHT_OFF
could you activate garage light,LIGHT_ON
would you start bathroom led please,LIGHT_ON
would you start bathroom led,LIGHT_ON
could you power off bedroom lamp,LIGHT_OFF
please turn off kitchen light,LIGHT_OFF
can you turn on office light for me,LIGHT_ON
would you stop lights,LIGHT_OFF
can you switch on living room light please,LIGHT_ON
disable office lights right now,LIGHT_OFF
please activate bathroom led,LIGHT_ON
please switch off bathroom light,LIGHT_OFF
switch off bathroom lamp for me,LIGHT_OFF
hey switch on light for me,LIGHT_ON
can you power on garage led please,LIGHT_ON
would you turn on bathroom led for me,LIGHT_ON
turn on bathroom lights for me,LIGHT_ON
hey disable hall led please,LIGHT_OFF
turn on bathroom led for me,LIGHT_ON
hey turn on office lamp please,LIGHT_ON
hey start lights please,LIGHT_ON
deactivate hall led please,LIGHT_OFF
can you switch off kitchen lamp right now,LIGHT_OFF
switch on office light right now,LIGHT_ON
stop hall lights please,LIGHT_OFF
would you activate bathroom led right now,LIGHT_ON
stop office light right now,LIGHT_OFF
switch off led,LIGHT_OFF
power off garage lights please,LIGHT_OFF
would you power on garage lights,LIGHT_ON
would you activate kitchen lamp,LIGHT_ON
can you switch on light right now,LIGHT_ON
switch off hall lights,LIGHT_OFF
hey power on living room lights for me,LIGHT_ON
can you stop living room lamp please,LIGHT_OFF
would you power on hall lamp for me,LIGHT_ON
can you disable hall lamp right now,LIGHT_OFF
would you activate garage led,LIGHT_ON
please power on living room lights please,LIGHT_ON
hey enable living room lights for me,LIGHT_ON
deactivate living room led for me,LIGHT_OFF
power on hall lamp for me,LIGHT_ON
would you power on garage lamp for me,LIGHT_ON
can you enable kitchen lights please,LIGHT_ON
can you deactivate bedroom led right now,LIGHT_OFF
switch off office lamp please,LIGHT_OFF
please start bathroom light,LIGHT_ON
can you disable bedroom lamp for me,LIGHT_OFF
could you deactivate kitchen led right now,LIGHT_OFF
please turn off bathroom lamp,LIGHT_OFF
can you stop kitchen led please,LIGHT_OFF
deactivate led right now,LIGHT_OFF
switch on bedroom led please,LIGHT_ON
could you switch off living room led,LIGHT_OFF
would you disable living room lamp please,LIGHT_OFF
hey switch on lights,LIGHT_ON
hey power on garage lamp,LIGHT_ON
could you turn off living room lamp for me,LIGHT_OFF
could you start living room light please,LIGHT_ON
hey power on hall lamp,LIGHT_ON
could you activate bedroom light for me,LIGHT_ON
start office lights right now,LIGHT_ON
hey turn off kitchen led please,LIGHT_OFF
power on lamp,LIGHT_ON
hey activate living room lamp for me,LIGHT_ON
switch off garage led please,LIGHT_OFF
please start hall led,LIGHT_ON
would you turn off bedroom led for me,LIGHT_OFF
turn off hall light right now,LIGHT_OFF
turn off office lights right now,LIGHT_OFF
hey enable bathroom lights,LIGHT_ON
switch on kitchen led please,LIGHT_ON
can you turn on office lamp right now,LIGHT_ON
could you switch on garage lamp for me,LIGHT_ON
could you turn off living room led for me,LIGHT_OFF
hey activate living room lights right now,LIGHT_ON
could you turn on hall led please,LIGHT_ON
hey deactivate garage lamp right now,LIGHT_OFF
turn on hall lights right now,LIGHT_ON
can you power on office led please,LIGHT_ON
could you deactivate office lamp,LIGHT_OFF
switch off garage led for me,LIGHT_OFF
can you start bedroom led,LIGHT_ON
hey switch on bedroom light,LIGHT_ON
please switch off kitchen lamp,LIGHT_OFF
please stop office lamp please,LIGHT_OFF
power on kitchen lights right now,LIGHT_ON
please deactivate lights please,LIGHT_OFF
can you stop bathroom light please,LIGHT_OFF
would you turn on office light right now,LIGHT_ON
could you turn on kitchen lamp for me,LIGHT_ON
power off kitchen lights please,LIGHT_OFF
could you turn off hall led right now,LIGHT_OFF
please stop bathroom led right now,LIGHT_OFF
hey activate bedroom lamp right now,LIGHT_ON
hey start garage lights for me,LIGHT_ON
hey switch off light please,LIGHT_OFF
stop kitchen lights please,LIGHT_OFF
please deactivate office lamp,LIGHT_OFF
can you disable kitchen led,LIGHT_OFF
please switch off hall light please,LIGHT_OFF
would you turn on living room lamp for me,LIGHT_ON
can you stop bathroom light right now,LIGHT_OFF
can you stop hall lamp,LIGHT_OFF
could you enable kitchen led right now,LIGHT_ON
hey start kitchen led for me,LIGHT_ON
please power on hall lamp right now,LIGHT_ON
could you stop bedroom lights right now,LIGHT_OFF
could you turn off kitchen lamp for me,LIGHT_OFF
please start living room led,LIGHT_ON
could you activate hall led please,LIGHT_ON
could you disable kitchen lights please,LIGHT_OFF
power on hall lights,LIGHT_ON
could you start lamp please,LIGHT_ON
increase temperature please,UNKNOWN
could you switch off bathroom lamp,LIGHT_OFF
could you stop office led,LIGHT_OFF
could you start garage led please,LIGHT_ON
would you power on living room led,LIGHT_ON
please switch off bathroom lights,LIGHT_OFF
please switch on kitchen led right now,LIGHT_ON
hey turn on garage lights please,LIGHT_ON
could you enable hall lamp please,LIGHT_ON
can you switch on hall led for me,LIGHT_ON
can you turn on bedroom lights please,LIGHT_ON
could you activate living room lamp,LIGHT_ON
hey turn off kitchen light for me,LIGHT_OFF
please enable garage lights please,LIGHT_ON
disable living room lights right now,LIGHT_OFF
could you disable living room lights for me,LIGHT_OFF
please activate hall lamp right now,LIGHT_ON
turn on bedroom lights please,LIGHT_ON
hey enable hall lights for me,LIGHT_ON
could you turn on garage lights right now,LIGHT_ON
enable kitchen led please,LIGHT_ON
activate office led right now,LIGHT_ON
hey power off hall lights,LIGHT_OFF
would you enable hall light please,LIGHT_ON
would you activate lamp right now,LIGHT_ON
please start bathroom lights right now,LIGHT_ON
hey turn on lights right now,LIGHT_ON
hey stop living room lamp for me,LIGHT_OFF
hey power off bathroom light,LIGHT_OFF
power on bathroom led please,LIGHT_ON
can you power on garage led right now,LIGHT_ON
can you power on living room lights right now,LIGHT_ON
would you stop kitchen lamp right now,LIGHT_OFF
power on living room light right now,LIGHT_ON
hey enable office lights for me,LIGHT_ON
please start bedroom lamp right now,LIGHT_ON
would you stop office light,LIGHT_OFF
hey stop hall light for me,LIGHT_OFF
could you turn on living room lamp please,LIGHT_ON
hey stop bedroom led for me,LIGHT_OFF
could you switch on bathroom lamp please,LIGHT_ON
can you deactivate office lamp right now,LIGHT_OFF
can you enable garage led please,LIGHT_ON
could you power on lights please,LIGHT_ON
can you start bathroom light,LIGHT_ON
would you disable living room led for me,LIGHT_OFF
can you switch on kitchen lights,LIGHT_ON
hey switch off office light,LIGHT_OFF
would you switch off hall lamp right now,LIGHT_OFF
would you enable led for me,LIGHT_ON
could you switch off office led right now,LIGHT_OFF
please start lights,LIGHT_ON
could you deactivate living room led please,LIGHT_OFF
would you deactivate living room lamp,LIGHT_OFF
please power on office light for me,LIGHT_ON
hey switch off bathroom light right now,LIGHT_OFF
can you turn on office lamp,LIGHT_ON
hey start bathroom lamp for me,LIGHT_ON
could you disable office lamp right now,LIGHT_OFF
power off living room lamp please,LIGHT_OFF
could you enable led right now,LIGHT_ON
stop living room lights right now,LIGHT_OFF
can you activate kitchen lights for me,LIGHT_ON
disable bathroom lamp right now,LIGHT_OFF
please switch off bathroom lights right now,LIGHT_OFF
would you deactivate office lights,LIGHT_OFF
please disable kitchen lights for me,LIGHT_OFF
could you enable bathroom light right now,LIGHT_ON
could you power off bathroom light right now,LIGHT_OFF
can you enable lamp,LIGHT_ON
please enable living room led right now,LIGHT_ON
please power off garage light for me,LIGHT_OFF
would you turn off living room led right now,LIGHT_OFF
can you turn on hall lights please,LIGHT_ON
hey turn on bathroom lamp right now,LIGHT_ON
can you enable bathroom led right now,LIGHT_ON
could you enable living room led for me,LIGHT_ON
would you disable office lamp please,LIGHT_OFF
please turn off living room lamp for me,LIGHT_OFF
hey deactivate bathroom light right now,LIGHT_OFF
switch on kitchen led for me,LIGHT_ON
power on office led right now,LIGHT_ON
hey turn off bathroom led right now,LIGHT_OFF
turn on garage lights right now,LIGHT_ON
hey power off lights,LIGHT_OFF
could you power on bathroom led right now,LIGHT_ON
hey enable kitchen lights for me,LIGHT_ON
could you switch off bathroom lights right now,LIGHT_OFF
disable bedroom light right now,LIGHT_OFF
hey start garage lamp for me,LIGHT_ON
could you switch off hall led right now,LIGHT_OFF
hey stop light right now,LIGHT_OFF
can you enable office light,LIGHT_ON
could you start office light,LIGHT_ON
could you turn on kitchen lights,LIGHT_ON
can you disable living room lights,LIGHT_OFF
could you switch on bathroom lights for me,LIGHT_ON
would you switch off hall lights,LIGHT_OFF
please disable living room led for me,LIGHT_OFF
power on hall lamp,LIGHT_ON
activate light right now,LIGHT_ON
can you switch on garage led please,LIGHT_ON
would you deactivate bathroom led please,LIGHT_OFF
could you enable living room lamp right now,LIGHT_ON
please switch off bedroom led please,LIGHT_OFF
can you power off hall lights right now,LIGHT_OFF
hey power off kitchen light right now,LIGHT_OFF
can you start living room led right now,LIGHT_ON
please activate garage light for me,LIGHT_ON
start hall lamp please,LIGHT_ON
could you power off office lamp please,LIGHT_OFF
would you switch off hall lights right now,LIGHT_OFF
please enable hall lamp please,LIGHT_ON
power on kitchen lights please,LIGHT_ON
hey activate office led please,LIGHT_ON
please power off bathroom led right now,LIGHT_OFF
turn off bathroom led,LIGHT_OFF
can you turn off kitchen lights for me,LIGHT_OFF
could you switch on bathroom lights,LIGHT_ON
would you enable hall lights please,LIGHT_ON
hello,UNKNOWN
would you turn on office lamp right now,LIGHT_ON
hey deactivate living room light right now,LIGHT_OFF
hey turn off garage lamp please,LIGHT_OFF
hey turn on hall lamp please,LIGHT_ON
please enable lamp for me,LIGHT_ON
can you enable bathroom lights,LIGHT_ON
start kitchen led right now,LIGHT_ON
would you power on lights for me,LIGHT_ON
could you power on office lights,LIGHT_ON
could you switch off garage light,LIGHT_OFF
stop hall led please,LIGHT_OFF
can you turn off led please,LIGHT_OFF
power off garage led right now,LIGHT_OFF
can you switch on lights for me,LIGHT_ON
could you turn on bedroom lights,LIGHT_ON
can you start hall led please,LIGHT_ON
would you stop office lamp,LIGHT_OFF
hey turn on living room lamp for me,LIGHT_ON
could you turn off kitchen lights please,LIGHT_OFF
hey turn off kitchen lights for me,LIGHT_OFF
hi please,UNKNOWN
can you disable bedroom light,LIGHT_OFF
hey start lights right now,LIGHT_ON
would you enable kitchen light for me,LIGHT_ON
hey power off kitchen lights,LIGHT_OFF
could you disable bedroom lamp right now,LIGHT_OFF
hey power on bedroom led for me,LIGHT_ON
please turn off living room lamp please,LIGHT_OFF
hey deactivate office led,LIGHT_OFF
would you start kitchen lamp please,LIGHT_ON
could you deactivate lights for me,LIGHT_OFF
please turn off living room light please,LIGHT_OFF
hey switch off kitchen led please,LIGHT_OFF
could you deactivate living room lights please,LIGHT_OFF
can you switch on garage lamp right now,LIGHT_ON
hey activate kitchen led,LIGHT_ON
can you turn off bedroom light,LIGHT_OFF
could you deactivate bathroom lights right now,LIGHT_OFF
can you turn on bedroom lamp please,LIGHT_ON
please start living room lamp for me,LIGHT_ON
would you deactivate hall lights please,LIGHT_OFF
can you start living room lights please,LIGHT_ON
would you deactivate hall lamp for me,LIGHT_OFF
could you power on bathroom lamp,LIGHT_ON
would you activate lights,LIGHT_ON
would you power off garage led please,LIGHT_OFF
can you start bedroom light please,LIGHT_ON
stop garage led right now,LIGHT_OFF
hey switch on office lights please,LIGHT_ON
could you activate office led,LIGHT_ON
activate office light please,LIGHT_ON
hey activate hall lamp right now,LIGHT_ON
please disable hall lights for me,LIGHT_OFF
would you start bedroom lamp,LIGHT_ON
can you activate led please,LIGHT_ON
deactivate bedroom lamp,LIGHT_OFF
hey switch off bathroom led please,LIGHT_OFF
would you switch off office light please,LIGHT_OFF
please turn off kitchen light right now,LIGHT_OFF
please switch on bedroom lamp for me,LIGHT_ON
can you turn off bathroom lights right now,LIGHT_OFF
can you turn on bathroom led please,LIGHT_ON
would you turn on garage led right now,LIGHT_ON
can you turn off living room light right now,LIGHT_OFF
could you activate garage lights please,LIGHT_ON
hey deactivate living room lamp please,LIGHT_OFF
could you enable bedroom light right now,LIGHT_ON
would you stop hall lights for me,LIGHT_OFF
please deactivate kitchen light right now,LIGHT_OFF
would you switch on bathroom lights,LIGHT_ON
hey stop bedroom lights right now,LIGHT_OFF
please turn off bedroom light,LIGHT_OFF
please start light right now,LIGHT_ON
would you switch on living room lamp please,LIGHT_ON
could you turn on hall light,LIGHT_ON
power off living room lights right now,LIGHT_OFF
please turn off hall light,LIGHT_OFF
can you disable led right now,LIGHT_OFF
please switch off light for me,LIGHT_OFF
would you switch on office lamp for me,LIGHT_ON
can you disable living room led,LIGHT_OFF
switch off bedroom led right now,LIGHT_OFF
hey stop hall led,LIGHT_OFF
could you power off light,LIGHT_OFF
switch on garage led please,LIGHT_ON
can you activate kitchen lights please,LIGHT_ON
hey disable office led please,LIGHT_OFF
can you activate lamp please,LIGHT_ON
can you turn on kitchen lamp for me,LIGHT_ON
hey deactivate office led right now,LIGHT_OFF
enable bedroom light please,LIGHT_ON
could you deactivate living room light please,LIGHT_OFF
could you enable bedroom light,LIGHT_ON
could you switch off lamp for me,LIGHT_OFF
hey power off office lamp please,LIGHT_OFF
could you stop bedroom lights,LIGHT_OFF
please turn on hall lights right now,LIGHT_ON
power off garage lamp for me,LIGHT_OFF
hey activate bedroom led,LIGHT_ON
could you disable bedroom led please,LIGHT_OFF
please disable bedroom light right now,LIGHT_OFF
please stop hall lamp right now,LIGHT_OFF
please turn off hall lights please,LIGHT_OFF
would you turn on bathroom lights for me,LIGHT_ON
can you disable hall light right now,LIGHT_OFF
can you power on bathroom led right now,LIGHT_ON
can you disable bedroom lights right now,LIGHT_OFF
start led,LIGHT_ON
would you power on light right now,LIGHT_ON
would you turn off hall led,LIGHT_OFF
hey deactivate office lamp,LIGHT_OFF
could you disable lights,LIGHT_OFF
hey switch off lamp right now,LIGHT_OFF
could you switch off kitchen led right now,LIGHT_OFF
could you power off kitchen lamp for me,LIGHT_OFF
hey deactivate garage light,LIGHT_OFF
can you activate bedroom lights right now,LIGHT_ON
please power off living room lamp right now,LIGHT_OFF
would you turn off kitchen led for me,LIGHT_OFF
turn off lights right now,LIGHT_OFF
would you turn on lights right now,LIGHT_ON
can you start office lamp please,LIGHT_ON
could you power off hall lamp right now,LIGHT_OFF
switch off kitchen light,LIGHT_OFF
please disable hall led right now,LIGHT_OFF
would you stop bedroom led right now,LIGHT_OFF
could you switch on living room led for me,LIGHT_ON
please enable bathroom lights,LIGHT_ON
hey power off hall lamp for me,LIGHT_OFF
power on lamp right now,LIGHT_ON
hey disable bedroom lights,LIGHT_OFF
would you activate lamp please,LIGHT_ON
would you deactivate office led for me,LIGHT_OFF
can you start bedroom lamp please,LIGHT_ON
can you power off lamp,LIGHT_OFF
can you power off kitchen lights please,LIGHT_OFF
could you disable hall led for me,LIGHT_OFF
could you start hall lamp for me,LIGHT_ON
can you power off hall led please,LIGHT_OFF
please turn off bedroom led please,LIGHT_OFF
please power off office light please,LIGHT_OFF
activate kitchen lights right now,LIGHT_ON
please enable garage light,LIGHT_ON
deactivate hall led,LIGHT_OFF
can you enable living room lights right now,LIGHT_ON
please stop hall led right now,LIGHT_OFF
could you switch on bathroom led for me,LIGHT_ON
could you disable office lamp,LIGHT_OFF
can you turn on kitchen lights,LIGHT_ON
turn off office light for me,LIGHT_OFF
activate living room light right now,LIGHT_ON
can you start led,LIGHT_ON
would you turn on garage led,LIGHT_ON
hey enable garage lamp please,LIGHT_ON
hey power off kitchen lamp please,LIGHT_OFF
deactivate kitchen led right now,LIGHT_OFF
could you turn off bedroom light for me,LIGHT_OFF
can you enable hall lights right now,LIGHT_ON
please start office lamp for me,LIGHT_ON
stop office lights for me,LIGHT_OFF
please switch on led please,LIGHT_ON
would you deactivate living room lights right now,LIGHT_OFF
please power off office light for me,LIGHT_OFF
hey switch off office lamp for me,LIGHT_OFF
power on light please,LIGHT_ON
switch on bedroom lights,LIGHT_ON
disable hall lamp right now,LIGHT_OFF
can you deactivate hall led please,LIGHT_OFF
would you turn on light right now,LIGHT_ON
please power off bathroom led for me,LIGHT_OFF
hey disable garage led right now,LIGHT_OFF
enable living room led for me,LIGHT_ON
would you turn off bathroom light,LIGHT_OFF
please start living room light for me,LIGHT_ON
would you turn off office lamp please,LIGHT_OFF
switch on bathroom light right now,LIGHT_ON
can you deactivate office lamp for me,LIGHT_OFF
turn on hall lights please,LIGHT_ON
can you disable garage lights please,LIGHT_OFF
would you turn off bedroom light right now,LIGHT_OFF
please power off garage lamp please,LIGHT_OFF
disable hall lights,LIGHT_OFF
switch off lights for me,LIGHT_OFF
would you activate living room lights right now,LIGHT_ON
can you enable bedroom led please,LIGHT_ON
please turn off hall led,LIGHT_OFF
could you switch off led,LIGHT_OFF
would you disable office lamp right now,LIGHT_OFF
could you switch off living room lights,LIGHT_OFF
hey power off light,LIGHT_OFF
please switch on bathroom lamp right now,LIGHT_ON
hey stop bedroom light,LIGHT_OFF
could you deactivate kitchen lights please,LIGHT_OFF
hey activate hall led please,LIGHT_ON
please next song,UNKNOWN
hey deactivate living room lights please,LIGHT_OFF
please power off lights,LIGHT_OFF
could you activate office led right now,LIGHT_ON
would you stop kitchen lamp please,LIGHT_OFF
hey start office led for me,LIGHT_ON
turn on living room lamp for me,LIGHT_ON
hey stop hall lamp,LIGHT_OFF
can you switch on bathroom lamp,LIGHT_ON
could you turn on garage lights for me,LIGHT_ON
hey start kitchen lamp right now,LIGHT_ON
could you stop kitchen light please,LIGHT_OFF
hey deactivate bedroom lamp right now,LIGHT_OFF
hey stop garage led right now,LIGHT_OFF
hey switch on office lamp please,LIGHT_ON
hey deactivate kitchen lamp,LIGHT_OFF
power off garage lights right now,LIGHT_OFF
could you power off office lights for me,LIGHT_OFF
hey start hall lights,LIGHT_ON
would you disable garage lamp right now,LIGHT_OFF
could you turn off living room led right now,LIGHT_OFF
hey deactivate bathroom led for me,LIGHT_OFF
hey enable office light please,LIGHT_ON
would you deactivate kitchen led for me,LIGHT_OFF
turn off bedroom lights,LIGHT_OFF
hey turn off garage lights for me,LIGHT_OFF
please activate garage lights right now,LIGHT_ON
would you switch on kitchen light please,LIGHT_ON
would you stop bathroom led right now,LIGHT_OFF
activate lights right now,LIGHT_ON
can you start office lights,LIGHT_ON
would you activate bedroom lights please,LIGHT_ON
can you power on hall lights for me,LIGHT_ON
can you enable living room lamp,LIGHT_ON
hey stop living room lamp,LIGHT_OFF
power on bedroom led please,LIGHT_ON
could you start office light right now,LIGHT_ON
can you power on bathroom led,LIGHT_ON
could you switch on garage light right now,LIGHT_ON
hey deactivate office lights right now,LIGHT_OFF
turn off lights,LIGHT_OFF
would you turn off bedroom light,LIGHT_OFF
power on bathroom lamp,LIGHT_ON
please turn on office lamp right now,LIGHT_ON
would you turn off bedroom lamp for me,LIGHT_OFF
would you power off light for me,LIGHT_OFF
can you stop bedroom light,LIGHT_OFF
hey disable office lamp please,LIGHT_OFF
would you turn on lights for me,LIGHT_ON
hey activate kitchen lamp,LIGHT_ON
please switch on garage led please,LIGHT_ON
could you activate office lamp for me,LIGHT_ON
would you start led please,LIGHT_ON
please activate kitchen led please,LIGHT_ON
can you switch on office led right now,LIGHT_ON
could you start office light for me,LIGHT_ON
power on garage light please,LIGHT_ON
hey power on living room lights,LIGHT_ON
would you enable led please,LIGHT_ON
switch on kitchen lights right now,LIGHT_ON
can you turn off garage light for me,LIGHT_OFF
would you deactivate bedroom light please,LIGHT_OFF
hey turn off kitchen lamp for me,LIGHT_OFF
please deactivate living room lamp please,LIGHT_OFF
could you deactivate garage led please,LIGHT_OFF
would you stop living room light,LIGHT_OFF
power on hall lamp please,LIGHT_ON
disable bathroom light right now,LIGHT_OFF
hey enable garage light,LIGHT_ON
can you start kitchen lights right now,LIGHT_ON
switch on hall lamp for me,LIGHT_ON
can you stop garage light please,LIGHT_OFF
hey activate bedroom lights,LIGHT_ON
could you activate bedroom led please,LIGHT_ON
could you switch on bedroom light right now,LIGHT_ON
could you switch on garage lamp please,LIGHT_ON
would you power off living room led,LIGHT_OFF
could you disable garage lights please,LIGHT_OFF
could you switch on living room light right now,LIGHT_ON
hey enable living room lights please,LIGHT_ON
power off bedroom lamp for me,LIGHT_OFF
can you start living room light,LIGHT_ON
switch on led please,LIGHT_ON
hey activate bathroom lights,LIGHT_ON
could you switch off kitchen light right now,LIGHT_OFF
would you deactivate living room light,LIGHT_OFF
would you power off bedroom lamp for me,LIGHT_OFF
can you power off light right now,LIGHT_OFF
turn off lamp right now,LIGHT_OFF
can you turn on kitchen light,LIGHT_ON
enable bedroom lamp,LIGHT_ON
power off living room led right now,LIGHT_OFF
can you stop kitchen lamp right now,LIGHT_OFF
can you turn off bedroom led right now,LIGHT_OFF
please switch on bedroom lights please,LIGHT_ON
turn on bathroom led please,LIGHT_ON
please start hall led right now,LIGHT_ON
can you enable office lamp please,LIGHT_ON
could you turn on kitchen lights for me,LIGHT_ON
can you turn off living room lamp,LIGHT_OFF
can you activate hall lamp for me,LIGHT_ON
can you switch off office lamp,LIGHT_OFF
please power on hall led for me,LIGHT_ON
please turn off kitchen lamp please,LIGHT_OFF
could you power on bedroom light,LIGHT_ON
could you enable bedroom light for me,LIGHT_ON
please turn off lights,LIGHT_OFF
stop bedroom lamp for me,LIGHT_OFF
would you start bathroom light right now,LIGHT_ON
could you power off kitchen lamp please,LIGHT_OFF
would you power on garage led please,LIGHT_ON
would you power on lamp right now,LIGHT_ON
can you activate bathroom lamp please,LIGHT_ON
could you enable garage lights right now,LIGHT_ON
can you turn off office led please,LIGHT_OFF
can you power on led for me,LIGHT_ON
can you enable garage lamp,LIGHT_ON
can you power on bathroom lights please,LIGHT_ON
could you start kitchen led right now,LIGHT_ON
please turn off garage lights for me,LIGHT_OFF
hey start hall light right now,LIGHT_ON
would you deactivate office lights right now,LIGHT_OFF
please switch off garage light,LIGHT_OFF
would you switch off lights for me,LIGHT_OFF
can you deactivate lamp for me,LIGHT_OFF
would you switch off kitchen lamp,LIGHT_OFF
power off led please,LIGHT_OFF
hey switch off hall led right now,LIGHT_OFF
turn off garage lights,LIGHT_OFF
start bedroom lamp right now,LIGHT_ON
disable office light please,LIGHT_OFF
please power on office led right now,LIGHT_ON
hey turn off kitchen light,LIGHT_OFF
could you switch on bathroom led,LIGHT_ON
would you turn on kitchen led right now,LIGHT_ON
hey deactivate garage lights right now,LIGHT_OFF
power off living room led please,LIGHT_OFF
power off bedroom lights,LIGHT_OFF
start bedroom light please,LIGHT_ON
stop office lights,LIGHT_OFF
would you stop garage led,LIGHT_OFF
would you start bedroom light right now,LIGHT_ON
can you switch on hall lamp right now,LIGHT_ON
can you power on lamp right now,LIGHT_ON
would you stop light,LIGHT_OFF
hey turn on bedroom lamp right now,LIGHT_ON
could you start bathroom light right now,LIGHT_ON
hey start bathroom lamp please,LIGHT_ON
can you switch off kitchen light,LIGHT_OFF
can you start garage light,LIGHT_ON
please switch off garage lamp please,LIGHT_OFF
would you power on garage light for me,LIGHT_ON
hey power off living room light,LIGHT_OFF
activate bathroom light for me,LIGHT_ON
hey turn off bathroom lights please,LIGHT_OFF
can you power off garage lights right now,LIGHT_OFF
could you turn on garage led right now,LIGHT_ON
could you switch off bedroom lights for me,LIGHT_OFF
can you stop hall light right now,LIGHT_OFF
please deactivate bathroom lights please,LIGHT_OFF
can you start bedroom lamp for me,LIGHT_ON
would you deactivate garage led please,LIGHT_OFF
can you start bathroom lamp please,LIGHT_ON
switch on hall led for me,LIGHT_ON
could you start bedroom led right now,LIGHT_ON
turn off bathroom light,LIGHT_OFF
please start office led please,LIGHT_ON
can you deactivate kitchen lights,LIGHT_OFF
can you deactivate bathroom lights,LIGHT_OFF
power off kitchen lamp please,LIGHT_OFF
can you start hall light please,LIGHT_ON
please stop bedroom light,LIGHT_OFF
please activate hall light please,LIGHT_ON
please deactivate kitchen lights for me,LIGHT_OFF
can you activate kitchen light right now,LIGHT_ON
hey deactivate hall lights,LIGHT_OFF
please switch off office led right now,LIGHT_OFF
hey deactivate bedroom led right now,LIGHT_OFF
enable kitchen light please,LIGHT_ON
could you power off living room lamp for me,LIGHT_OFF
would you disable bathroom lamp right now,LIGHT_OFF
could you turn on kitchen light for me,LIGHT_ON
hey switch off kitchen light right now,LIGHT_OFF
can you power off hall lights please,LIGHT_OFF
switch on living room led please,LIGHT_ON
hey switch off bathroom light for me,LIGHT_OFF
can you deactivate bedroom light right now,LIGHT_OFF
switch off living room lights,LIGHT_OFF
turn on bathroom light,LIGHT_ON
could you enable garage lamp for me,LIGHT_ON
hey turn off living room lights please,LIGHT_OFF
could you enable bedroom lights please,LIGHT_ON
would you start bedroom lights right now,LIGHT_ON
hey switch on garage led please,LIGHT_ON
can you power on bedroom led please,LIGHT_ON
would you disable living room lamp right now,LIGHT_OFF
please disable light please,LIGHT_OFF
hey turn off office light for me,LIGHT_OFF
could you turn on garage lights,LIGHT_ON
stop garage led for me,LIGHT_OFF
can you turn off office light,LIGHT_OFF
would you activate living room led for me,LIGHT_ON
could you stop bathroom lights for me,LIGHT_OFF
could you activate garage lamp please,LIGHT_ON
would you switch off hall led for me,LIGHT_OFF
hey start living room lamp right now,LIGHT_ON
can you deactivate bathroom lights for me,LIGHT_OFF
would you power on office light for me,LIGHT_ON
enable living room lamp right now,LIGHT_ON
please power off led right now,LIGHT_OFF
please enable office lamp,LIGHT_ON
hey start lamp,LIGHT_ON
activate kitchen light,LIGHT_ON
hey turn on living room lights please,LIGHT_ON
power on kitchen light right now,LIGHT_ON
would you start kitchen light for me,LIGHT_ON
please turn on office lights,LIGHT_ON
can you turn on hall led for me,LIGHT_ON
hey switch on living room lamp,LIGHT_ON
power on hall lights please,LIGHT_ON
hey switch off living room lamp please,LIGHT_OFF
could you switch on led please,LIGHT_ON
please turn on living room lights please,LIGHT_ON
power off lights please,LIGHT_OFF
hey switch on office led please,LIGHT_ON
please start living room light please,LIGHT_ON
would you disable bathroom led right now,LIGHT_OFF
hey start bathroom lights right now,LIGHT_ON
can you stop kitchen led right now,LIGHT_OFF
can you switch off bedroom lamp please,LIGHT_OFF
turn off bathroom led for me,LIGHT_OFF
can you deactivate office lamp please,LIGHT_OFF
can you power on garage light for me,LIGHT_ON
can you turn off bathroom led for me,LIGHT_OFF
could you stop garage light right now,LIGHT_OFF
could you start garage lights right now,LIGHT_ON
please switch on lamp for me,LIGHT_ON
activate bathroom light please,LIGHT_ON
please deactivate hall led,LIGHT_OFF
could you enable bathroom light for me,LIGHT_ON
could you deactivate bedroom light right now,LIGHT_OFF
please switch on hall lights for me,LIGHT_ON
could you turn on garage lamp,LIGHT_ON
hey disable living room light for me,LIGHT_OFF
can you turn on garage lamp please,LIGHT_ON
enable office led for me,LIGHT_ON
deactivate bathroom led please,LIGHT_OFF
would you activate garage light,LIGHT_ON
disable office light,LIGHT_OFF
can you switch off bedroom lights for me,LIGHT_OFF
can you disable kitchen lights for me,LIGHT_OFF
would you turn on garage led for me,LIGHT_ON
would you stop hall light,LIGHT_OFF
could you deactivate kitchen lights,LIGHT_OFF
please start hall lamp for me,LIGHT_ON
would you power on office lights for me,LIGHT_ON
please power off living room lights for me,LIGHT_OFF
could you power on office lamp please,LIGHT_ON
disable bathroom lamp please,LIGHT_OFF
please disable kitchen lamp please,LIGHT_OFF
hey turn off kitchen led,LIGHT_OFF
switch off garage light for me,LIGHT_OFF
turn on bedroom light,LIGHT_ON
could you power off bedroom lights right now,LIGHT_OFF
would you disable led,LIGHT_OFF
can you turn on living room lights,LIGHT_ON
hey disable kitchen lights please,LIGHT_OFF
would you disable bathroom lamp for me,LIGHT_OFF
please power on living room lights,LIGHT_ON
could you switch on kitchen lamp,LIGHT_ON
hey disable hall led,LIGHT_OFF
deactivate bathroom lamp please,LIGHT_OFF
hey switch off lights please,LIGHT_OFF
please disable office lamp right now,LIGHT_OFF
please disable hall led please,LIGHT_OFF
hey switch on kitchen led,LIGHT_ON
power on garage lamp please,LIGHT_ON
please activate kitchen light for me,LIGHT_ON
can you disable bedroom lights for me,LIGHT_OFF
hey power on bathroom lights,LIGHT_ON
hey activate bedroom lamp for me,LIGHT_ON
can you enable bathroom lamp for me,LIGHT_ON
switch on office led,LIGHT_ON
please turn off hall lamp right now,LIGHT_OFF
please switch off bedroom lights right now,LIGHT_OFF
can you start hall lights for me,LIGHT_ON
start light please,LIGHT_ON
turn off led please,LIGHT_OFF
hey switch on office light please,LIGHT_ON
please deactivate living room light right now,LIGHT_OFF
can you start hall led for me,LIGHT_ON
please start led for me,LIGHT_ON
would you power off kitchen lamp for me,LIGHT_OFF
hey stop led,LIGHT_OFF
please start bathroom lights for me,LIGHT_ON
would you start kitchen light right now,LIGHT_ON
hey start garage light right now,LIGHT_ON
please deactivate garage led please,LIGHT_OFF
power off bedroom light please,LIGHT_OFF
could you activate living room light for me,LIGHT_ON
can you deactivate garage light please,LIGHT_OFF
please deactivate led for me,LIGHT_OFF
could you power off hall light right now,LIGHT_OFF
deactivate living room lamp for me,LIGHT_OFF
could you turn off hall light right now,LIGHT_OFF
could you stop kitchen lamp right now,LIGHT_OFF
please deactivate bathroom lights,LIGHT_OFF
enable hall led,LIGHT_ON
could you deactivate office led right now,LIGHT_OFF
hey enable garage lamp,LIGHT_ON
start kitchen lamp right now,LIGHT_ON
please switch on lamp right now,LIGHT_ON
deactivate bathroom lights for me,LIGHT_OFF
could you stop lights right now,LIGHT_OFF
activate hall light please,LIGHT_ON
can you power on office lights please,LIGHT_ON
please deactivate lamp please,LIGHT_OFF
would you enable kitchen light right now,LIGHT_ON
would you turn on led right now,LIGHT_ON
would you activate bedroom light please,LIGHT_ON
could you start bedroom lamp please,LIGHT_ON
would you disable garage light for me,LIGHT_OFF
can you power off garage lights for me,LIGHT_OFF
disable bedroom lamp for me,LIGHT_OFF
would you power on bedroom light please,LIGHT_ON
hey disable hall lamp right now,LIGHT_OFF
hey deactivate office lamp please,LIGHT_OFF
would you switch on garage lights please,LIGHT_ON
can you power off bedroom light,LIGHT_OFF
start bedroom led for me,LIGHT_ON
could you turn on bathroom led please,LIGHT_ON
would you turn on garage light,LIGHT_ON
could you activate bedroom light right now,LIGHT_ON
hey power on bedroom led right now,LIGHT_ON
can you power on hall lights,LIGHT_ON
hey turn off garage led please,LIGHT_OFF
can you start light,LIGHT_ON
would you switch on bathroom led right now,LIGHT_ON
would you switch off bedroom light for me,LIGHT_OFF
hey power off bathroom led please,LIGHT_OFF
would you turn off lights please,LIGHT_OFF
hey switch on hall lights please,LIGHT_ON
hey activate garage led,LIGHT_ON
power off led,LIGHT_OFF
hey power off bathroom light for me,LIGHT_OFF
hey power on garage lights please,LIGHT_ON
hey deactivate living room lights,LIGHT_OFF
could you deactivate living room lights right now,LIGHT_OFF
can you deactivate bathroom lights right now,LIGHT_OFF
hey turn off hall led for me,LIGHT_OFF
can you deactivate bedroom lights for me,LIGHT_OFF
can you power on living room led for me,LIGHT_ON
hey turn off led,LIGHT_OFF
can you turn off living room led right now,LIGHT_OFF
please turn on light right now,LIGHT_ON
please disable office lights please,LIGHT_OFF
can you turn off living room lights right now,LIGHT_OFF
would you activate office lamp for me,LIGHT_ON
would you disable lamp for me,LIGHT_OFF
disable bathroom led,LIGHT_OFF
hey power on lamp for me,LIGHT_ON
hey enable office lamp please,LIGHT_ON
hey turn off kitchen lights,LIGHT_OFF
would you disable garage lamp,LIGHT_OFF
would you turn off bathroom lamp,LIGHT_OFF
would you disable office lamp for me,LIGHT_OFF
turn off garage led for me,LIGHT_OFF
please power off hall lamp,LIGHT_OFF
turn off living room lights,LIGHT_OFF
enable office lights please,LIGHT_ON
please turn off office lamp for me,LIGHT_OFF
can you switch off lights please,LIGHT_OFF
would you switch on living room led right now,LIGHT_ON
can you deactivate bedroom lamp right now,LIGHT_OFF
could you switch off hall light for me,LIGHT_OFF
could you power on bedroom lamp,LIGHT_ON
could you stop living room led please,LIGHT_OFF
hey stop lamp right now,LIGHT_OFF
turn on lights for me,LIGHT_ON
would you deactivate kitchen lights,LIGHT_OFF
please turn on bathroom lamp for me,LIGHT_ON
hey start living room lights please,LIGHT_ON
would you power on lights right now,LIGHT_ON
hey disable bedroom lamp for me,LIGHT_OFF
hey enable living room lamp right now,LIGHT_ON
power off bathroom lights for me,LIGHT_OFF
hey deactivate kitchen lights please,LIGHT_OFF
turn off office lamp for me,LIGHT_OFF
hey switch off kitchen led for me,LIGHT_OFF
could you deactivate kitchen light for me,LIGHT_OFF
enable kitchen lamp,LIGHT_ON
turn on hall lamp right now,LIGHT_ON
please start office lights please,LIGHT_ON
hey activate hall lights please,LIGHT_ON
please start garage lamp for me,LIGHT_ON
would you enable living room lamp please,LIGHT_ON
hey turn on garage lamp,LIGHT_ON
switch off lamp please,LIGHT_OFF
purple elephant,UNKNOWN
hey disable garage light,LIGHT_OFF
would you power off hall led right now,LIGHT_OFF
would you switch off living room led please,LIGHT_OFF
could you start bathroom lamp please,LIGHT_ON
can you switch on living room led please,LIGHT_ON
please start bathroom lamp,LIGHT_ON
switch off light right now,LIGHT_OFF
disable garage light,LIGHT_OFF
hey power on led,LIGHT_ON
turn on garage light for me,LIGHT_ON
please power on hall light,LIGHT_ON
can you power on hall led,LIGHT_ON
can you turn off garage light,LIGHT_OFF
would you switch off living room lamp,LIGHT_OFF
please deactivate hall lamp please,LIGHT_OFF
please power on kitchen light please,LIGHT_ON
hey power on office led,LIGHT_ON
please power off lights for me,LIGHT_OFF
can you turn on hall lamp right now,LIGHT_ON
disable bedroom lights for me,LIGHT_OFF
would you enable kitchen lights for me,LIGHT_ON
would you activate living room light,LIGHT_ON
could you stop bathroom lights please,LIGHT_OFF
can you start kitchen lights please,LIGHT_ON
disable hall lights please,LIGHT_OFF
would you switch off lamp right now,LIGHT_OFF
can you activate hall lamp right now,LIGHT_ON
hey turn on garage light right now,LIGHT_ON
can you disable hall lights for me,LIGHT_OFF
hey activate hall light,LIGHT_ON
hey activate living room lamp right now,LIGHT_ON
could you start lights right now,LIGHT_ON
could you activate kitchen lights,LIGHT_ON
would you stop hall light please,LIGHT_OFF
can you switch off garage lights right now,LIGHT_OFF
please enable bedroom lamp,LIGHT_ON
can you start kitchen lamp,LIGHT_ON
can you power on living room led please,LIGHT_ON
please switch off office light right now,LIGHT_OFF
please turn on hall led please,LIGHT_ON
hey switch off hall light right now,LIGHT_OFF
can you turn off garage lamp right now,LIGHT_OFF
could you turn on bathroom light please,LIGHT_ON
enable office led,LIGHT_ON
can you deactivate bedroom lights please,LIGHT_OFF
activate bedroom lights right now,LIGHT_ON
switch off bathroom light please,LIGHT_OFF
could you turn on hall light right now,LIGHT_ON
would you activate bedroom lights right now,LIGHT_ON
can you switch on garage led,LIGHT_ON
could you stop bathroom light,LIGHT_OFF
could you turn on bedroom lamp right now,LIGHT_ON
hey deactivate led for me,LIGHT_OFF
could you deactivate living room lights for me,LIGHT_OFF
please activate living room lamp for me,LIGHT_ON
would you start garage lamp for me,LIGHT_ON
please enable hall lights for me,LIGHT_ON
would you switch off led,LIGHT_OFF
can you turn on lamp right now,LIGHT_ON
turn on bathroom lamp right now,LIGHT_ON
hey start bathroom light please,LIGHT_ON
hey stop hall lights for me,LIGHT_OFF
switch on bathroom led,LIGHT_ON
would you switch on lamp,LIGHT_ON
can you start kitchen led right now,LIGHT_ON
could you power off living room lights,LIGHT_OFF
power off hall lights,LIGHT_OFF
please start office light please,LIGHT_ON
hey power on kitchen lamp for me,LIGHT_ON
switch off kitchen lamp please,LIGHT_OFF
would you power on living room led right now,LIGHT_ON
can you turn off light,LIGHT_OFF
hey start hall lights right now,LIGHT_ON
activate kitchen lamp right now,LIGHT_ON
enable kitchen lights please,LIGHT_ON
would you enable living room lamp for me,LIGHT_ON
hello please,UNKNOWN
would you enable hall led,LIGHT_ON
would you enable bedroom lamp please,LIGHT_ON
can you turn off living room light please,LIGHT_OFF
can you turn on bedroom lights,LIGHT_ON
stop kitchen lights right now,LIGHT_OFF
could you turn off living room lamp,LIGHT_OFF
hey stop garage lamp,LIGHT_OFF
deactivate kitchen led for me,LIGHT_OFF
would you activate kitchen led,LIGHT_ON
could you turn off lamp please,LIGHT_OFF
please switch off bathroom light right now,LIGHT_OFF
would you start bedroom lamp right now,LIGHT_ON
hey switch on living room lamp for me,LIGHT_ON
please switch off living room lamp right now,LIGHT_OFF
can you enable hall lamp right now,LIGHT_ON
please stop hall light for me,LIGHT_OFF
can you power off hall lights,LIGHT_OFF
could you power on garage lights,LIGHT_ON
stop living room led,LIGHT_OFF
switch on garage lamp,LIGHT_ON
please enable bedroom light right now,LIGHT_ON
hey deactivate hall light,LIGHT_OFF
can you turn on bedroom lamp,LIGHT_ON
could you switch on garage lights,LIGHT_ON
hey turn off office led,LIGHT_OFF
deactivate hall light for me,LIGHT_OFF
would you turn off living room light for me,LIGHT_OFF
can you enable hall lights,LIGHT_ON
please disable living room lamp,LIGHT_OFF
please start office lights for me,LIGHT_ON
hey start lamp right now,LIGHT_ON
can you turn off office lamp for me,LIGHT_OFF
can you power on kitchen led right now,LIGHT_ON
start garage lamp,LIGHT_ON
hey turn off office led for me,LIGHT_OFF
hey stop bedroom light please,LIGHT_OFF
please disable bathroom lamp,LIGHT_OFF
hey switch on office led for me,LIGHT_ON
turn on hall led for me,LIGHT_ON
start kitchen light please,LIGHT_ON
hey enable garage lights,LIGHT_ON
could you disable garage led for me,LIGHT_OFF
could you start light please,LIGHT_ON
can you switch on living room lamp please,LIGHT_ON
would you switch on living room lamp right now,LIGHT_ON
hey activate bathroom lamp,LIGHT_ON
would you switch on office lamp,LIGHT_ON
would you power off hall lamp,LIGHT_OFF
would you switch on bedroom lamp for me,LIGHT_ON
can you activate kitchen led for me,LIGHT_ON
could you stop kitchen lamp please,LIGHT_OFF
please power off office led right now,LIGHT_OFF
can you power off bedroom lights for me,LIGHT_OFF
please switch on lamp please,LIGHT_ON
switch on bedroom led,LIGHT_ON
turn off office lamp right now,LIGHT_OFF
could you switch on kitchen lights right now,LIGHT_ON
stop garage lamp for me,LIGHT_OFF
hey switch on bedroom led right now,LIGHT_ON
could you power on office light right now,LIGHT_ON
could you turn off kitchen lamp please,LIGHT_OFF
could you power on lights for me,LIGHT_ON
would you activate kitchen lights,LIGHT_ON
please power off living room light please,LIGHT_OFF
would you deactivate light right now,LIGHT_OFF
would you turn off lamp please,LIGHT_OFF
could you deactivate office lamp right now,LIGHT_OFF
start office lights please,LIGHT_ON
could you disable kitchen lamp,LIGHT_OFF
can you turn on lights for me,LIGHT_ON
would you disable lamp please,LIGHT_OFF
can you activate garage light please,LIGHT_ON
switch on kitchen light,LIGHT_ON
would you disable garage lights right now,LIGHT_OFF
hey power on garage lights right now,LIGHT_ON
could you power off kitchen light right now,LIGHT_OFF
could you power off kitchen led,LIGHT_OFF
can you disable office lights right now,LIGHT_OFF
could you activate garage lights,LIGHT_ON
can you start lights,LIGHT_ON
would you switch on bathroom led,LIGHT_ON
turn on kitchen lamp please,LIGHT_ON
stop garage lights,LIGHT_OFF
could you switch on lamp,LIGHT_ON
hey enable lamp,LIGHT_ON
would you stop office led,LIGHT_OFF
could you deactivate living room lamp,LIGHT_OFF
can you switch on garage led for me,LIGHT_ON
could you start kitchen lamp,LIGHT_ON
would you deactivate hall led for me,LIGHT_OFF
start bathroom lamp for me,LIGHT_ON
please activate bathroom lights right now,LIGHT_ON
please decrease temperature,UNKNOWN
would you enable bathroom led,LIGHT_ON
please deactivate garage lamp right now,LIGHT_OFF
stop living room lamp right now,LIGHT_OFF
hey power on lights,LIGHT_ON
would you power on lamp for me,LIGHT_ON
would you start kitchen lights please,LIGHT_ON
could you enable kitchen lamp right now,LIGHT_ON
could you switch off bedroom led for me,LIGHT_OFF
hey disable garage lamp,LIGHT_OFF
can you switch on kitchen lights please,LIGHT_ON
please enable led,LIGHT_ON
hey switch on bedroom light for me,LIGHT_ON
would you deactivate bathroom lamp for me,LIGHT_OFF
could you disable hall light for me,LIGHT_OFF
deactivate lights for me,LIGHT_OFF
hey switch off garage lights,LIGHT_OFF
please deactivate bedroom lamp right now,LIGHT_OFF
please enable lamp,LIGHT_ON
can you enable light please,LIGHT_ON
hey power on lights for me,LIGHT_ON
hey disable office lights please,LIGHT_OFF
hey power off lamp please,LIGHT_OFF
hey start bedroom lights please,LIGHT_ON
would you power off lamp,LIGHT_OFF
please enable hall lamp for me,LIGHT_ON
stop garage light right now,LIGHT_OFF
please power on garage lamp right now,LIGHT_ON
can you power off kitchen led please,LIGHT_OFF
start bathroom lamp right now,LIGHT_ON
can you start lamp for me,LIGHT_ON
hey power off bathroom lamp for me,LIGHT_OFF
can you switch on garage light,LIGHT_ON
could you switch off lights please,LIGHT_OFF
can you turn on office lights right now,LIGHT_ON
switch on living room lamp,LIGHT_ON
please power on bathroom light right now,LIGHT_ON
please switch on kitchen light,LIGHT_ON
can you switch on garage light for me,LIGHT_ON
hey turn on bedroom light please,LIGHT_ON
can you power on office lamp,LIGHT_ON
power on bathroom lights right now,LIGHT_ON
stop hall lamp for me,LIGHT_OFF
can you turn on living room lamp,LIGHT_ON
would you switch off bedroom lamp for me,LIGHT_OFF
would you switch on kitchen led please,LIGHT_ON
can you power on hall lights please,LIGHT_ON
please start kitchen lights please,LIGHT_ON
could you enable garage lamp right now,LIGHT_ON
please deactivate office light please,LIGHT_OFF
please stop lights for me,LIGHT_OFF
deactivate kitchen led please,LIGHT_OFF
hey switch off bathroom lamp right now,LIGHT_OFF
can you disable garage light please,LIGHT_OFF
would you turn off office light for me,LIGHT_OFF
please power on kitchen lights for me,LIGHT_ON
stop garage light for me,LIGHT_OFF
could you power on garage light right now,LIGHT_ON
hey deactivate light,LIGHT_OFF
please stop kitchen light please,LIGHT_OFF
hey start office light right now,LIGHT_ON
would you activate garage light please,LIGHT_ON
please stop office led for me,LIGHT_OFF
can you power off bedroom light for me,LIGHT_OFF
could you enable office led for me,LIGHT_ON
hey enable office lights,LIGHT_ON
could you stop kitchen led for me,LIGHT_OFF
please switch on living room led please,LIGHT_ON
would you power off kitchen led right now,LIGHT_OFF
can you switch on hall lamp for me,LIGHT_ON
would you switch on office lights right now,LIGHT_ON
can you start bedroom light right now,LIGHT_ON
could you switch on bedroom led please,LIGHT_ON
can you start led for me,LIGHT_ON
hey turn off garage lights right now,LIGHT_OFF
would you switch off office led for me,LIGHT_OFF
can you enable living room light,LIGHT_ON
please turn on living room lights for me,LIGHT_ON
could you power off living room lights please,LIGHT_OFF
please turn off bathroom lights right now,LIGHT_OFF
can you turn on light please,LIGHT_ON
stop kitchen lamp please,LIGHT_OFF
please stop garage light please,LIGHT_OFF
please activate living room lamp right now,LIGHT_ON
please switch off bathroom led right now,LIGHT_OFF
stop bathroom lamp right now,LIGHT_OFF
would you power on bedroom led right now,LIGHT_ON
stop bathroom lights right now,LIGHT_OFF
would you turn off kitchen led please,LIGHT_OFF
could you enable kitchen light for me,LIGHT_ON
could you power off hall lamp please,LIGHT_OFF
hey activate hall lights for me,LIGHT_ON
would you power off office lights please,LIGHT_OFF
would you start garage led for me,LIGHT_ON
please turn on lamp please,LIGHT_ON
would you deactivate office lights please,LIGHT_OFF
hey activate kitchen led for me,LIGHT_ON
would you deactivate kitchen light for me,LIGHT_OFF
can you turn off kitchen light,LIGHT_OFF
enable living room light for me,LIGHT_ON
please switch off kitchen light please,LIGHT_OFF
start office lamp for me,LIGHT_ON
could you stop living room lamp please,LIGHT_OFF
please enable living room lamp,LIGHT_ON
hey turn on bedroom led,LIGHT_ON
would you stop hall lights,LIGHT_OFF
could you start kitchen led for me,LIGHT_ON
please stop kitchen lights please,LIGHT_OFF
could you deactivate bathroom led,LIGHT_OFF
could you disable bedroom light,LIGHT_OFF
would you disable bedroom lamp,LIGHT_OFF
can you switch on kitchen led,LIGHT_ON
please deactivate light,LIGHT_OFF
please activate living room lights please,LIGHT_ON
can you activate kitchen light,LIGHT_ON
hey enable kitchen lamp,LIGHT_ON
switch on light for me,LIGHT_ON
switch on bathroom lamp please,LIGHT_ON
hey power off garage light please,LIGHT_OFF
hey power off hall led,LIGHT_OFF
can you enable bathroom lamp right now,LIGHT_ON
would you power on office lights please,LIGHT_ON
switch off office led right now,LIGHT_OFF
could you disable garage light for me,LIGHT_OFF
can you deactivate bedroom light for me,LIGHT_OFF
can you start garage led,LIGHT_ON
hey stop living room led right now,LIGHT_OFF
can you start kitchen light,LIGHT_ON
please enable bathroom led for me,LIGHT_ON
would you start office light for me,LIGHT_ON
could you activate lights,LIGHT_ON
please deactivate hall lights please,LIGHT_OFF
disable living room lamp right now,LIGHT_OFF
would you power off office light for me,LIGHT_OFF
power on garage lights for me,LIGHT_ON
would you turn off office lamp for me,LIGHT_OFF
power on garage light,LIGHT_ON
please switch on living room lights,LIGHT_ON
would you start office lamp right now,LIGHT_ON
hey disable garage lights,LIGHT_OFF
can you turn off office led,LIGHT_OFF
hey turn on office lights please,LIGHT_ON
can you power on bathroom light,LIGHT_ON
please switch on bedroom lamp,LIGHT_ON
can you turn off bathroom lights please,LIGHT_OFF
hey power on office lights right now,LIGHT_ON
please stop bathroom light please,LIGHT_OFF
please start hall light right now,LIGHT_ON
disable led,LIGHT_OFF
could you deactivate hall led please,LIGHT_OFF
could you activate living room led please,LIGHT_ON
start bedroom led right now,LIGHT_ON
could you stop living room light for me,LIGHT_OFF
would you activate office light for me,LIGHT_ON
would you switch on garage light please,LIGHT_ON
please start office lamp right now,LIGHT_ON
power on living room led,LIGHT_ON
could you switch off garage lamp,LIGHT_OFF
would you switch off bathroom light please,LIGHT_OFF
activate living room led,LIGHT_ON
switch off hall lights please,LIGHT_OFF
could you deactivate office lights,LIGHT_OFF
would you start bathroom lights right now,LIGHT_ON
can you disable led for me,LIGHT_OFF
hey enable bedroom light right now,LIGHT_ON
hey power on bathroom lamp right now,LIGHT_ON
can you switch on office lamp for me,LIGHT_ON
could you turn off bedroom lights please,LIGHT_OFF
could you power on hall led please,LIGHT_ON
please turn on bathroom led right now,LIGHT_ON
can you switch on living room led for me,LIGHT_ON
please power on led right now,LIGHT_ON
hey switch off office lamp please,LIGHT_OFF
turn off kitchen light for me,LIGHT_OFF
hey stop hall light,LIGHT_OFF
would you switch on office lights for me,LIGHT_ON
can you disable lamp please,LIGHT_OFF
please enable office lights please,LIGHT_ON
stop living room lamp please,LIGHT_OFF
could you deactivate hall lights for me,LIGHT_OFF
could you turn on bathroom lights for me,LIGHT_ON
could you start office light please,LIGHT_ON
would you switch off kitchen lamp for me,LIGHT_OFF
switch off office lights please,LIGHT_OFF
enable lamp,LIGHT_ON
can you disable led,LIGHT_OFF
please switch on bathroom led for me,LIGHT_ON
would you enable bedroom lights right now,LIGHT_ON
would you switch off bedroom lights right now,LIGHT_OFF
hey power on garage lamp for me,LIGHT_ON
activate kitchen lamp for me,LIGHT_ON
would you start bathroom lights,LIGHT_ON
please switch off kitchen light right now,LIGHT_OFF
could you deactivate light,LIGHT_OFF
hey activate living room light for me,LIGHT_ON
can you turn on bedroom light right now,LIGHT_ON
hey start bathroom lights please,LIGHT_ON
could you deactivate garage lamp for me,LIGHT_OFF
can you power on office lamp for me,LIGHT_ON
can you disable bathroom lamp please,LIGHT_OFF
stop office light,LIGHT_OFF
would you power on bedroom led please,LIGHT_ON
stop bathroom led for me,LIGHT_OFF
turn on garage lamp right now,LIGHT_ON
hey power off hall light for me,LIGHT_OFF
would you power on bathroom lamp for me,LIGHT_ON
please power on office lights right now,LIGHT_ON
hey switch on bathroom led for me,LIGHT_ON
can you turn on office light,LIGHT_ON
would you turn on office lights,LIGHT_ON
deactivate light,LIGHT_OFF
can you switch on hall led,LIGHT_ON
please stop office light for me,LIGHT_OFF
hey enable bedroom lights for me,LIGHT_ON
please enable bathroom led right now,LIGHT_ON
can you power on hall light please,LIGHT_ON
please start bedroom led,LIGHT_ON
would you start hall led right now,LIGHT_ON
turn on garage lights please,LIGHT_ON
enable living room light,LIGHT_ON
