const unsigned char light_model_tflite[] = {

    0x1c, 0x00, 0x00, 0x00, 0x54, 0x46, 0x4c, 0x33, 0x14, 0x00, 0x20, 0x00, 
    0x1c, 0x00, 0x18, 0x00, 0x14, 0x00, 0x10, 0x00, 0x0c, 0x00, 0x00, 0x00, 
    0x08, 0x00, 0x04, 0x00, 0x14, 0x00, 0x00, 0x00, 0x1c, 0x00, 0x00, 0x00, 
    0x88, 0x00, 0x00, 0x00, 0xe0, 0x00, 0x00, 0x00, 0x68, 0x88, 0x00, 0x00, 
    0x78, 0x88, 0x00, 0x00, 0x14, 0x93, 0x00, 0x00, 0x03, 0x00, 0x00, 0x00, 
    0x01, 0x00, 0x00, 0x00, 0x04, 0x00, 0x00, 0x00, 0x82, 0x75, 0xff, 0xff, 
    0x0c, 0x00, 0x00, 0x00, 0x1c, 0x00, 0x00, 0x00, 0x3c, 0x00, 0x00, 0x00, 
    0x0f, 0x00, 0x00, 0x00, 0x73, 0x65, 0x72, 0x76, 0x69, 0x6e, 0x67, 0x5f, 
    0x64, 0x65, 0x66, 0x61, 0x75, 0x6c, 0x74, 0x00, 0x01, 0x00, 0x00, 0x00, 
    0x04, 0x00, 0x00, 0x00, 0x94, 0xff, 0xff, 0xff, 0x12, 0x00, 0x00, 0x00, 
    0x04, 0x00, 0x00, 0x00, 0x08, 0x00, 0x00, 0x00, 0x6f, 0x75, 0x74, 0x70, 
    0x75, 0x74, 0x5f, 0x30, 0x00, 0x00, 0x00, 0x00, 0x01, 0x00, 0x00, 0x00, 
    0x04, 0x00, 0x00, 0x00, 0x6a, 0x77, 0xff, 0xff, 0x04, 0x00, 0x00, 0x00, 
    0x0b, 0x00, 0x00, 0x00, 0x69, 0x6e, 0x70, 0x75, 0x74, 0x5f, 0x6c, 0x61, 
    0x79, 0x65, 0x72, 0x00, 0x02, 0x00, 0x00, 0x00, 0x34, 0x00, 0x00, 0x00, 
    0x04, 0x00, 0x00, 0x00, 0xdc, 0xff, 0xff, 0xff, 0x15, 0x00, 0x00, 0x00, 
    0x04, 0x00, 0x00, 0x00, 0x13, 0x00, 0x00, 0x00, 0x43, 0x4f, 0x4e, 0x56, 
    0x45, 0x52, 0x53, 0x49, 0x4f, 0x4e, 0x5f, 0x4d, 0x45, 0x54, 0x41, 0x44, 
    0x41, 0x54, 0x41, 0x00, 0x08, 0x00, 0x0c, 0x00, 0x08, 0x00, 0x04, 0x00, 
    0x08, 0x00, 0x00, 0x00, 0x14, 0x00, 0x00, 0x00, 0x04, 0x00, 0x00, 0x00, 
    0x13, 0x00, 0x00, 0x00, 0x6d, 0x69, 0x6e, 0x5f, 0x72, 0x75, 0x6e, 0x74, 
    0x69, 0x6d, 0x65, 0x5f, 0x76, 0x65, 0x72, 0x73, 0x69, 0x6f, 0x6e, 0x00, 
    0x16, 0x00, 0x00, 0x00, 0x84, 0x87, 0x00, 0x00, 0x7c, 0x87, 0x00, 0x00, 
    0x68, 0x87, 0x00, 0x00, 0x54, 0x87, 0x00, 0x00, 0x40, 0x87, 0x00, 0x00, 
    0xf0, 0x86, 0x00, 0x00, 0xd4, 0x86, 0x00, 0x00, 0x04, 0x86, 0x00, 0x00, 
    0xf4, 0x7d, 0x00, 0x00, 0xe4, 0x00, 0x00, 0x00, 0xdc, 0x00, 0x00, 0x00, 
    0xd4, 0x00, 0x00, 0x00, 0xcc, 0x00, 0x00, 0x00, 0xc4, 0x00, 0x00, 0x00, 
    0xbc, 0x00, 0x00, 0x00, 0xb4, 0x00, 0x00, 0x00, 0xac, 0x00, 0x00, 0x00, 
    0xa4, 0x00, 0x00, 0x00, 0x9c, 0x00, 0x00, 0x00, 0x94, 0x00, 0x00, 0x00, 
    0x74, 0x00, 0x00, 0x00, 0x04, 0x00, 0x00, 0x00, 0x3a, 0x78, 0xff, 0xff, 
    0x04, 0x00, 0x00, 0x00, 0x60, 0x00, 0x00, 0x00, 0x0c, 0x00, 0x00, 0x00, 
    0x08, 0x00, 0x0e, 0x00, 0x08, 0x00, 0x04, 0x00, 0x08, 0x00, 0x00, 0x00, 
    0x10, 0x00, 0x00, 0x00, 0x28, 0x00, 0x00, 0x00, 0x00, 0x00, 0x06, 0x00, 
    0x08, 0x00, 0x04, 0x00, 0x06, 0x00, 0x00, 0x00, 0x04, 0x00, 0x00, 0x00, 
    0x01, 0x00, 0x00, 0x00, 0xea, 0x03, 0x00, 0x00, 0x0c, 0x00, 0x18, 0x00, 
    0x14, 0x00, 0x10, 0x00, 0x0c, 0x00, 0x04, 0x00, 0x0c, 0x00, 0x00, 0x00, 
    0x20, 0x8e, 0xb6, 0x2d, 0xa9, 0x2d, 0x47, 0xee, 0x02, 0x00, 0x00, 0x00, 
    0x02, 0x00, 0x00, 0x00, 0x04, 0x00, 0x00, 0x00, 0x06, 0x00, 0x00, 0x00, 
    0x32, 0x2e, 0x32, 0x31, 0x2e, 0x30, 0x00, 0x00, 0xa6, 0x78, 0xff, 0xff, 
    0x04, 0x00, 0x00, 0x00, 0x10, 0x00, 0x00, 0x00, 0x32, 0x2e, 0x32, 0x2e, 
    0x30, 0x00, 0x00, 0x00, 0x00, 0x00, 0x00, 0x00, 0x00, 0x00, 0x00, 0x00, 
    0x20, 0x6e, 0xff, 0xff, 0x24, 0x6e, 0xff, 0xff, 0x28, 0x6e, 0xff, 0xff, 
    0x2c, 0x6e, 0xff, 0xff, 0x30, 0x6e, 0xff, 0xff, 0x34, 0x6e, 0xff, 0xff, 
    0x38, 0x6e, 0xff, 0xff, 0x3c, 0x6e, 0xff, 0xff, 0x40, 0x6e, 0xff, 0xff, 
    0x44, 0x6e, 0xff, 0xff, 0xea, 0x78, 0xff, 0xff, 0x04, 0x00, 0x00, 0x00, 
    0x00, 0x7d, 0x00, 0x00, 0x38, 0xed, 0x5d, 0xe3, 0xfb, 0xdd, 0xf6, 0xed, 
    0xcb, 0xea, 0xce, 0xf4, 0x00, 0xf4, 0x0a, 0x0d, 0x0f, 0x0d, 0x3f, 0xec, 
    0x1c, 0x1f, 0xf5, 0x10, 0x13, 0x1a, 0x19, 0x0e, 0x01, 0xf3, 0x08, 0x0f, 
    0x05, 0xfc, 0x04, 0xfb, 0xfa, 0xf9, 0x06, 0xf9, 0xff, 0xfa, 0x02, 0x06, 
    0xf8, 0x00, 0xfb, 0xfe, 0xf9, 0x04, 0x07, 0x06, 0x03, 0xfd, 0x06, 0xfc, 
    0x05, 0xfb, 0x02, 0x05, 0x07, 0xff, 0xfe, 0xfb, 0x25, 0xf9, 0x2e, 0xe7, 
    0xf8, 0xe8, 0x01, 0xcd, 0xb2, 0xe9, 0x07, 0x14, 0xf8, 0xd1, 0x0c, 0xde, 
    0xea, 0x32, 0x2e, 0xe0, 0xf5, 0x0d, 0xe7, 0xe3, 0x0c, 0x1a, 0x12, 0x00, 
    0x0e, 0x0c, 0xf1, 0x25, 0x35, 0xf4, 0x3f, 0xe1, 0xfb, 0xe5, 0xfb, 0xf3, 
    0xd1, 0xe8, 0xde, 0xfc, 0x10, 0xfc, 0x07, 0x0c, 0x02, 0x0d, 0x33, 0xf7, 
    0x0b, 0x19, 0xfe, 0xfa, 0x18, 0x19, 0x12, 0x02, 0xfd, 0xfc, 0x0f, 0x03, 
    0x28, 0xf9, 0x2e, 0xef, 0xfc, 0xe7, 0xf7, 0xf2, 0xd5, 0xee, 0xe9, 0xfb, 
    0x04, 0xec, 0x04, 0xf3, 0xfe, 0x17, 0x2e, 0xf2, 0x0e, 0x0d, 0xf7, 0xf9, 
    0x10, 0x0b, 0x0d, 0x06, 0x05, 0xfd, 0x04, 0x0a, 0x03, 0x05, 0x1a, 0x0f, 
    0xe9, 0xe4, 0x0b, 0xa7, 0xb3, 0xfb, 0x36, 0x22, 0xbf, 0xb4, 0x12, 0xa3, 
    0xc3, 0x42, 0x28, 0xd1, 0xe9, 0xfd, 0xe7, 0xcd, 0xfe, 0x0f, 0xfa, 0xf1, 
    0x3f, 0x18, 0xd5, 0x37, 0x16, 0xf6, 0x20, 0xee, 0x01, 0xf2, 0x02, 0xf5, 
    0xe0, 0xfb, 0xf4, 0x00, 0x06, 0xf2, 0x02, 0xf7, 0x02, 0x14, 0x1d, 0xf2, 
    0x07, 0x0c, 0xf2, 0xf7, 0x06, 0x12, 0x0b, 0x03, 0x06, 0xfd, 0x08, 0x02, 
    0x18, 0xf6, 0x25, 0xeb, 0xff, 0xf5, 0xf3, 0xeb, 0xe5, 0xee, 0xed, 0x04, 
    0xfd, 0xf6, 0x04, 0xfd, 0x04, 0x0f, 0x1c, 0xf7, 0x01, 0x0b, 0xfb, 0xf9, 
    0x00, 0x0f, 0x04, 0x01, 0x04, 0xfa, 0x08, 0x0d, 0x22, 0xf3, 0x2d, 0xeb, 
    0x03, 0xf0, 0xfa, 0xf4, 0xdc, 0xf3, 0xf3, 0xfe, 0xfd, 0xf3, 0x06, 0xff, 
    0x08, 0x10, 0x27, 0xf4, 0x0b, 0x11, 0xff, 0x03, 0x02, 0x0d, 0x12, 0x09, 
    0xfd, 0xf3, 0x0c, 0x05, 0x2c, 0xf4, 0x28, 0xe1, 0xfe, 0xf7, 0xf5, 0xf2, 
    0xdf, 0xee, 0xe2, 0xfe, 0xfe, 0xff, 0xfa, 0x02, 0x01, 0x0c, 0x1c, 0xf9, 
    0x0c, 0x14, 0x01, 0xfb, 0x06, 0x0f, 0x0f, 0xfe, 0xf8, 0x01, 0x16, 0x03, 
    0xf8, 0x0a, 0x03, 0x17, 0xff, 0xed, 0xfa, 0xcf, 0xe6, 0xfb, 0x14, 0x0d, 
    0xd8, 0xd2, 0x20, 0xd6, 0xe6, 0x22, 0x19, 0xd4, 0xf0, 0x06, 0xfc, 0xf0, 
    0xf4, 0x02, 0xe7, 0x01, 0x30, 0xff, 0xe8, 0x32, 0x2f, 0x99, 0x42, 0xcd, 
    0xdf, 0xbc, 0x2d, 0x08, 0xbb, 0x18, 0xdd, 0x24, 0x22, 0x15, 0x85, 0x12, 
    0x07, 0x06, 0xf8, 0x62, 0x6d, 0xe9, 0xd0, 0xea, 0x6c, 0x5b, 0x7f, 0xe5, 
    0xe6, 0x1a, 0x6a, 0xa7, 0xf8, 0x0d, 0x07, 0x1a, 0xe5, 0xe5, 0x07, 0xbc, 
    0xc8, 0x07, 0x29, 0x23, 0xcd, 0xbd, 0x12, 0xb2, 0xc5, 0x3e, 0x17, 0xdb, 
    0xec, 0x00, 0xee, 0xc8, 0xf4, 0x09, 0xf4, 0xef, 0x4a, 0x11, 0xe0, 0x36, 
    0xc1, 0x4f, 0xc9, 0x47, 0x4c, 0x4c, 0xa3, 0xc2, 0xf0, 0xa6, 0x3e, 0xb0, 
    0xb1, 0xbd, 0x4f, 0xbe, 0xd4, 0xed, 0x4a, 0xae, 0xac, 0x45, 0x50, 0x50, 
    0xaa, 0xb7, 0xb1, 0x4a, 0x4d, 0xb6, 0xab, 0x50, 0x3e, 0xd0, 0x3d, 0xc5, 
    0x58, 0x36, 0xac, 0x4b, 0x0b, 0xb2, 0xbf, 0xa7, 0x40, 0x3c, 0xd7, 0x40, 
    0x30, 0xb3, 0x3e, 0x29, 0x2f, 0x4a, 0x55, 0x4e, 0x2f, 0x0c, 0x2b, 0x3f, 
    0xbe, 0xc0, 0x32, 0xb7, 0x1b, 0xac, 0x46, 0xf6, 0xa5, 0xad, 0x58, 0xbe, 
    0xaf, 0x55, 0x15, 0x55, 0xf4, 0xcb, 0xac, 0xbe, 0xce, 0x50, 0xb3, 0x47, 
    0x4d, 0xa8, 0xaa, 0xa5, 0x49, 0x62, 0x5a, 0xb3, 0x30, 0x48, 0x31, 0xf0, 
    0xbf, 0x0d, 0xce, 0x53, 0xf4, 0xf3, 0x05, 0x9b, 0xdb, 0x13, 0x64, 0x19, 
    0xaa, 0x9f, 0x31, 0x96, 0xbb, 0x4a, 0x02, 0xbd, 0xc7, 0xfd, 0xea, 0xde, 
    0xed, 0xf7, 0xcf, 0xee, 0x65, 0x1b, 0xb6, 0x5b, 0xf5, 0xf5, 0x0e, 0x1d, 
    0xe6, 0xe4, 0x10, 0xc1, 0xc3, 0x0b, 0x3b, 0x28, 0xda, 0xc3, 0x00, 0xbc, 
    0xc6, 0x41, 0x0b, 0xe3, 0xee, 0xf1, 0xdf, 0xce, 0x0a, 0x0f, 0x00, 0xdf, 
    0x3a, 0x15, 0xdf, 0x20, 0xf6, 0x1b, 0xfc, 0x26, 0x09, 0x11, 0xe1, 0xc3, 
    0xd6, 0xd6, 0x33, 0xf0, 0xcb, 0xc3, 0x2a, 0xbc, 0xd7, 0x25, 0x3b, 0xc2, 
    0xce, 0x24, 0x0f, 0xea, 0xd8, 0xec, 0xd7, 0x19, 0x3f, 0xe9, 0xc5, 0x3b, 
    0x2d, 0xbf, 0x4a, 0xc3, 0xaa, 0xb3, 0x4a, 0xd2, 0xaa, 0x48, 0xfd, 0x50, 
    0x0d, 0xdc, 0xba, 0xd8, 0xc5, 0x47, 0xd3, 0x25, 0x36, 0xbd, 0xaf, 0xa5, 
    0x4f, 0x50, 0x53, 0xc8, 0x13, 0x37, 0x48, 0xc8, 0xe3, 0x13, 0xde, 0x34, 
    0x02, 0x00, 0xee, 0xc7, 0xed, 0x00, 0x31, 0xfc, 0xbc, 0xb9, 0x25, 0xca, 
    0xe2, 0x17, 0x1a, 0xca, 0xd5, 0x0a, 0x08, 0xfa, 0xe6, 0xf0, 0xd6, 0x07, 
    0x44, 0x02, 0xd6, 0x3c, 0x01, 0x06, 0x0d, 0xf1, 0xfe, 0xf9, 0xff, 0xde, 
    0xd5, 0xed, 0x13, 0x0d, 0xe2, 0xdc, 0x07, 0xdb, 0xe8, 0x13, 0x11, 0xf0, 
    0xef, 0x05, 0xfb, 0xe6, 0xfe, 0xff, 0xfc, 0x06, 0x1c, 0x04, 0xf9, 0x1b, 
    0x0c, 0x07, 0x0a, 0xf6, 0xfa, 0xed, 0x00, 0xd5, 0xd9, 0xf5, 0x15, 0x0f, 
    0xeb, 0xd4, 0x0a, 0xdd, 0xe0, 0x18, 0x18, 0xf1, 0xf4, 0x01, 0xef, 0xe4, 
    0x0b, 0x09, 0xfc, 0x03, 0x18, 0x07, 0xfd, 0x13, 0x30, 0xdf, 0x2a, 0xd9, 
    0x3b, 0x18, 0xc2, 0x3a, 0xfd, 0xc1, 0xd6, 0xbb, 0x2c, 0x26, 0xde, 0x31, 
    0x28, 0xcc, 0x37, 0x25, 0x19, 0x30, 0x3c, 0x35, 0x1f, 0x0e, 0x2a, 0x36, 
    0xcc, 0xc9, 0x2d, 0xc7, 0x01, 0x08, 0x04, 0xfe, 0x06, 0xfd, 0xf6, 0xe1, 
    0xe0, 0xee, 0x0b, 0x0c, 0xe4, 0xda, 0x13, 0xda, 0xe0, 0x19, 0x12, 0xec, 
    0xf0, 0x0e, 0xfa, 0xf5, 0xfd, 0x09, 0x05, 0x08, 0x16, 0x06, 0xf8, 0x13, 
    0xda, 0x0f, 0xf6, 0x1e, 0xfc, 0xf9, 0x01, 0xc8, 0xcf, 0x0a, 0x2e, 0x22, 
    0xd4, 0xd0, 0x19, 0xc2, 0xd7, 0x2c, 0x04, 0xe5, 0xe4, 0xfb, 0xf8, 0xde, 
    0xf5, 0xff, 0xe8, 0xf9, 0x3c, 0x02, 0xe0, 0x31, 0x27, 0xd4, 0x2a, 0xdc, 
    0x27, 0x07, 0xce, 0x32, 0x0f, 0xc9, 0xd4, 0xcc, 0x2b, 0x2a, 0xe9, 0x32, 
    0x28, 0xd3, 0x1f, 0x28, 0x1f, 0x2f, 0x24, 0x27, 0x22, 0x13, 0x2e, 0x2c, 
    0xd3, 0xd3, 0x29, 0xd3, 0x2c, 0xdf, 0x25, 0xd0, 0x27, 0x00, 0xcf, 0x2f, 
    0x0b, 0xd9, 0xd6, 0xcc, 0x30, 0x30, 0xe8, 0x32, 0x27, 0xc9, 0x1e, 0x24, 
    0x27, 0x2a, 0x30, 0x30, 0x23, 0x0d, 0x30, 0x31, 0xd1, 0xd3, 0x29, 0xdb, 
    0x01, 0x0b, 0x0f, 0x04, 0xfd, 0xf9, 0x05, 0xe3, 0xd9, 0xf9, 0x0d, 0x14, 
    0xee, 0xda, 0x07, 0xdc, 0xe9, 0x18, 0x0c, 0xee, 0xf7, 0x06, 0xf5, 0xec, 
    0x05, 0x04, 0x06, 0x04, 0x19, 0x0b, 0xf6, 0x15, 0x37, 0xd4, 0x37, 0xc5, 
    0x46, 0x4c, 0xb5, 0x3c, 0x3a, 0xb8, 0xc4, 0xbc, 0x3e, 0x3e, 0xcc, 0x3d, 
    0x3c, 0xb5, 0x3a, 0x3e, 0x35, 0x46, 0x45, 0x42, 0x24, 0x08, 0x38, 0x36, 
    0xc4, 0xc7, 0x37, 0xc3, 0x1e, 0xc7, 0x3b, 0xea, 0xc2, 0xcc, 0x2d, 0xdf, 
    0xd4, 0x32, 0x04, 0x3a, 0x06, 0xda, 0xc5, 0xdf, 0xdd, 0x2e, 0xda, 0x34, 
    0x3a, 0xcc, 0xcc, 0xd0, 0x35, 0x3b, 0x3f, 0xca, 0x0a, 0x28, 0x38, 0xde, 
    0x24, 0xe4, 0x1a, 0xdc, 0x26, 0xef, 0xda, 0x23, 0xf5, 0xdf, 0xe2, 0xe4, 
    0x24, 0x28, 0xf0, 0x24, 0x16, 0xe4, 0x1a, 0x17, 0x26, 0x1b, 0x20, 0x23, 
    0x27, 0x0b, 0x1f, 0x1e, 0xe4, 0xdb, 0x20, 0xde, 0x1e, 0xdd, 0x22, 0xe8, 
    0x21, 0xea, 0xd7, 0x1a, 0xfb, 0xd8, 0xe3, 0xe2, 0x24, 0x22, 0xe6, 0x1b, 
    0x1c, 0xdb, 0x19, 0x1e, 0x26, 0x18, 0x1c, 0x20, 0x29, 0x16, 0x25, 0x23, 
    0xdc, 0xd9, 0x1f, 0xe7, 0x19, 0xe9, 0x1d, 0xdb, 0x1b, 0xf1, 0xdc, 0x26, 
    0xf7, 0xe6, 0xde, 0xd6, 0x1d, 0x1c, 0xef, 0x1b, 0x24, 0xe0, 0x18, 0x18, 
    0x24, 0x1d, 0x15, 0x2b, 0x21, 0x14, 0x23, 0x18, 0xe4, 0xe5, 0x23, 0xe1, 
    0x1a, 0xe8, 0x1a, 0xdc, 0x2a, 0xf0, 0xde, 0x26, 0xf5, 0xe4, 0xd9, 0xe1, 
    0x23, 0x1a, 0xe8, 0x25, 0x1b, 0xde, 0x1e, 0x18, 0x18, 0x1f, 0x1e, 0x20, 
    0x20, 0x0f, 0x23, 0x20, 0xea, 0xe0, 0x24, 0xe9, 0xeb, 0x0a, 0xfd, 0x25, 
    0xe8, 0xf6, 0xff, 0xc2, 0xce, 0x0e, 0x27, 0x16, 0xcc, 0xcd, 0x10, 0xc1, 
    0xd7, 0x30, 0x17, 0xd4, 0xe9, 0x07, 0xf2, 0xdc, 0xfa, 0x02, 0xf3, 0x00, 
    0x30, 0x0d, 0xe2, 0x2d, 0x2c, 0xde, 0x2b, 0xd2, 0x3a, 0x2a, 0xbe, 0x2c, 
    0x1a, 0xc0, 0xcb, 0xb6, 0x25, 0x21, 0xe5, 0x35, 0x25, 0xc7, 0x2e, 0x22, 
    0x26, 0x2f, 0x32, 0x33, 0x18, 0xf8, 0x25, 0x29, 0xcf, 0xd2, 0x26, 0xcf, 
    0x02, 0x03, 0x0f, 0xfe, 0xf8, 0x02, 0xf9, 0xd8, 0xde, 0xf5, 0x12, 0x04, 
    0xf2, 0xdf, 0x07, 0xe2, 0xe7, 0x0e, 0x17, 0xec, 0xf5, 0x08, 0xf6, 0xf9, 
    0xfc, 0x0c, 0xff, 0xfa, 0x18, 0xfc, 0xf0, 0x14, 0xf4, 0x2b, 0xfc, 0x14, 
    0x21, 0x1d, 0xd6, 0xdf, 0xfb, 0xe9, 0x08, 0xe4, 0xd7, 0xdb, 0x2a, 0xd9, 
    0xe5, 0x14, 0x1b, 0xdb, 0xda, 0x27, 0x27, 0x0a, 0xd6, 0xdf, 0xe3, 0x22, 
    0x28, 0xd9, 0xdc, 0x1e, 0xf5, 0x24, 0x02, 0x10, 0x1f, 0x20, 0xde, 0xdf, 
    0xfb, 0xe4, 0x05, 0xe5, 0xd8, 0xde, 0x28, 0xdb, 0xe2, 0x10, 0x21, 0xd2, 
    0xe4, 0x23, 0x24, 0x0e, 0xd7, 0xd7, 0xd8, 0x29, 0x25, 0xdb, 0xda, 0x26, 
    0xf8, 0x20, 0xfb, 0x11, 0x28, 0x23, 0xd9, 0xd8, 0xf7, 0xe4, 0x00, 0xe0, 
    0xe0, 0xd6, 0x22, 0xd4, 0xdc, 0x1f, 0x1e, 0xd7, 0xe0, 0x24, 0x23, 0x09, 
    0xd7, 0xe1, 0xdc, 0x29, 0x2f, 0xe1, 0xdd, 0x26, 0x2f, 0xd9, 0x2a, 0xca, 
    0x30, 0x33, 0xc8, 0x36, 0x2d, 0xce, 0xd1, 0xc4, 0x31, 0x2f, 0xda, 0x2f, 
    0x22, 0xcd, 0x3d, 0x31, 0x27, 0x30, 0x2a, 0x2b, 0x2d, 0x1a, 0x2e, 0x2f, 
    0xcc, 0xd7, 0x2c, 0xd2, 0x33, 0xd7, 0x2c, 0xca, 0x32, 0x27, 0xc0, 0x2b, 
    0x22, 0xc2, 0xd1, 0xc7, 0x2a, 0x30, 0xd0, 0x2e, 0x24, 0xc9, 0x37, 0x31, 
    0x2a, 0x3a, 0x36, 0x36, 0x26, 0x15, 0x33, 0x30, 0xcc, 0xd6, 0x2e, 0xcd, 
    0x0b, 0x21, 0xfd, 0x03, 0x40, 0x2d, 0xc8, 0xec, 0x0c, 0xb5, 0xf6, 0xb8, 
    0xe5, 0xf7, 0x1f, 0xef, 0x06, 0xe6, 0x3b, 0xde, 0xe9, 0x36, 0x41, 0x2f, 
    0xd2, 0xd1, 0xe0, 0x38, 0x03, 0xc8, 0xed, 0x15, 0xe1, 0x3c, 0xd1, 0x4e, 
    0x4b, 0x3f, 0xc6, 0xce, 0xf6, 0xba, 0x35, 0xbe, 0xcc, 0xca, 0x48, 0xcf, 
    0xd5, 0x09, 0x39, 0xc4, 0xb9, 0x40, 0x3c, 0x27, 0xbc, 0xc6, 0xbf, 0x37, 
    0x38, 0xcd, 0xb7, 0x3d, 0x38, 0xcf, 0x32, 0xcb, 0x3e, 0x3c, 0xb5, 0x43, 
    0x40, 0xb8, 0xc5, 0xbc, 0x31, 0x3e, 0xd0, 0x34, 0x37, 0xc7, 0x41, 0x38, 
    0x28, 0x42, 0x44, 0x36, 0x2b, 0x14, 0x2b, 0x3f, 0xc6, 0xc6, 0x34, 0xc4, 
    0xcd, 0x3a, 0xc1, 0x53, 0x3e, 0x3b, 0xb6, 0xca, 0x18, 0xba, 0x3c, 0xb1, 
    0xc7, 0xca, 0x49, 0xca, 0xe9, 0xe0, 0x38, 0xb6, 0xb8, 0x41, 0x3e, 0x41, 
    0xb3, 0xb5, 0xb0, 0x40, 0x3d, 0xbf, 0xad, 0x40, 0x22, 0xc5, 0x33, 0xd2, 
    0xc4, 0xd6, 0x33, 0xda, 0xcd, 0x41, 0xfd, 0x41, 0x21, 0xee, 0xc5, 0xda, 
    0xe4, 0x34, 0xce, 0x40, 0x3f, 0xcf, 0xd3, 0xc5, 0x33, 0x42, 0x3c, 0xcd, 
    0xf8, 0x38, 0x31, 0xd4, 0x26, 0xcf, 0x38, 0xd6, 0xcc, 0xd3, 0x38, 0xd5, 
    0xd1, 0x3e, 0xfd, 0x40, 0x1a, 0xed, 0xc4, 0xdb, 0xdd, 0x2f, 0xca, 0x3c, 
    0x44, 0xcf, 0xcb, 0xc7, 0x3a, 0x3f, 0x40, 0xca, 0x04, 0x37, 0x3e, 0xd4, 
    0xe3, 0x2d, 0xdb, 0x25, 0x2e, 0x1f, 0xda, 0xd4, 0xe5, 0xd9, 0x18, 0xdd, 
    0xd9, 0xd6, 0x23, 0xdd, 0xe0, 0x1a, 0x26, 0xd8, 0xd9, 0x28, 0x2e, 0x12, 
    0xd5, 0xd2, 0xd3, 0x2f, 0x25, 0xdb, 0xd6, 0x28, 0xe4, 0x1e, 0xdf, 0x30, 
    0x2c, 0x24, 0xcf, 0xdc, 0xe6, 0xd9, 0x1e, 0xd7, 0xd8, 0xe1, 0x2c, 0xdd, 
    0xd9, 0x26, 0x25, 0xcc, 0xd0, 0x22, 0x2a, 0x0d, 0xd4, 0xd6, 0xd9, 0x2b, 
    0x34, 0xda, 0xd4, 0x28, 0xde, 0x2e, 0xd4, 0x33, 0x2a, 0x32, 0xcd, 0xe1, 
    0x06, 0xd6, 0x26, 0xd2, 0xd1, 0xe0, 0x2a, 0xda, 0xf3, 0xeb, 0x26, 0xd4, 
    0xcc, 0x33, 0x2c, 0x27, 0xd2, 0xcf, 0xc9, 0x2e, 0x29, 0xd5, 0xd3, 0x32, 
    0xc6, 0x46, 0xbc, 0x5e, 0x51, 0x4b, 0xad, 0xc7, 0x1e, 0xbb, 0x39, 0xb6, 
    0xbe, 0xc5, 0x53, 0xc3, 0xe5, 0xdb, 0x42, 0xad, 0xb5, 0x4e, 0x53, 0x36, 
    0xac, 0xbf, 0xaa, 0x3e, 0x3e, 0xb9, 0xa3, 0x52, 0x0c, 0xd8, 0x28, 0xfd, 
    0xda, 0xe0, 0x25, 0xdf, 0xe5, 0x14, 0x02, 0x29, 0xf5, 0xe1, 0xd9, 0xdd, 
    0xf2, 0x21, 0xed, 0x13, 0x24, 0xe7, 0xe7, 0xe6, 0x20, 0x29, 0x29, 0xe2, 
    0x10, 0x20, 0x1d, 0x03, 0xf5, 0xce, 0x28, 0x0c, 0xcd, 0xd5, 0x30, 0xde, 
    0xd8, 0x38, 0x1a, 0x38, 0xdd, 0xdc, 0xcf, 0xd4, 0xe2, 0x36, 0xd0, 0x24, 
    0x2e, 0xd4, 0xd8, 0xd6, 0x32, 0x3e, 0x36, 0xd0, 0x1c, 0x33, 0x25, 0xfe, 
    0x01, 0xe0, 0x27, 0x05, 0xd5, 0xd8, 0x2a, 0xd9, 0xdb, 0x22, 0x12, 0x27, 
    0xec, 0xda, 0xde, 0xda, 0xe0, 0x28, 0xe1, 0x12, 0x1e, 0xdb, 0xdb, 0xd4, 
    0x22, 0x21, 0x24, 0xe7, 0x14, 0x1e, 0x07, 0xff, 0x0d, 0xde, 0x1e, 0xff, 
    0xd3, 0xd6, 0x21, 0xd5, 0xd2, 0x26, 0x0b, 0x2e, 0xf9, 0xe4, 0xd2, 0xd8, 
    0xeb, 0x26, 0xe1, 0x24, 0x2c, 0xd6, 0xdb, 0xd8, 0x2f, 0x27, 0x28, 0xde, 
    0x19, 0x1d, 0x17, 0x02, 0xfd, 0xbf, 0x2b, 0xfc, 0xc8, 0xc0, 0x38, 0xda, 
    0xc0, 0x44, 0x1a, 0x48, 0xef, 0xe2, 0xae, 0xd7, 0xe2, 0x32, 0xc3, 0x4c, 
    0x3f, 0xc2, 0xcd, 0xc8, 0x44, 0x4d, 0x4b, 0xca, 0x1f, 0x36, 0x46, 0xd3, 
    0x10, 0xda, 0x1e, 0x02, 0xd3, 0xd9, 0x28, 0xcb, 0xdb, 0x2a, 0x17, 0x34, 
    0xf2, 0xe1, 0xcc, 0xd0, 0xd9, 0x2a, 0xe4, 0x13, 0x31, 0xd8, 0xda, 0xdb, 
    0x21, 0x34, 0x2c, 0xde, 0x1c, 0x2a, 0x1c, 0x02, 0x02, 0xd2, 0x28, 0xff, 
    0xd0, 0xd0, 0x2c, 0xd3, 0xd1, 0x26, 0x0f, 0x2e, 0xed, 0xde, 0xcb, 0xd7, 
    0xdd, 0x2a, 0xe6, 0x17, 0x2e, 0xe0, 0xd9, 0xdb, 0x20, 0x28, 0x2c, 0xdd, 
    0x21, 0x2b, 0x13, 0x01, 0x08, 0xd5, 0x34, 0xf1, 0xc8, 0xcc, 0x2e, 0xe5, 
    0xd5, 0x32, 0x06, 0x33, 0x02, 0xe6, 0xc8, 0xdc, 0xd6, 0x2b, 0xd4, 0x36, 
    0x33, 0xd3, 0xc9, 0xcc, 0x32, 0x2d, 0x36, 0xd1, 0x19, 0x2e, 0x31, 0xcd, 
    0x04, 0xfa, 0x01, 0x09, 0xfa, 0xfa, 0x06, 0xf2, 0xf8, 0x01, 0x0c, 0xfe, 
    0xfc, 0x01, 0xfc, 0xfa, 0xff, 0x0a, 0x04, 0x03, 0x00, 0x00, 0xfc, 0xf7, 
    0xfc, 0x04, 0x02, 0xfd, 0x01, 0xfd, 0x04, 0xfe, 0x0b, 0x00, 0x0e, 0xf0, 
    0xfe, 0xf7, 0xfc, 0xf6, 0xf8, 0x0a, 0x01, 0x02, 0x01, 0xfd, 0xfa, 0xf6, 
    0xf6, 0x01, 0x07, 0x03, 0x01, 0xf9, 0xfe, 0xf8, 0x06, 0xff, 0x02, 0xfa, 
    0xf9, 0x03, 0x0b, 0xf9, 0x07, 0xe2, 0x13, 0xec, 0xe6, 0xee, 0x1a, 0xe1, 
    0xeb, 0x1d, 0x04, 0x1b, 0xff, 0xeb, 0xe4, 0xec, 0xeb, 0x0c, 0xee, 0x1c, 
    0x16, 0xee, 0xea, 0xe3, 0x14, 0x13, 0x15, 0xed, 0x07, 0x13, 0x19, 0xe6, 
    0xf4, 0x0c, 0xf7, 0x01, 0x0b, 0x0a, 0xf9, 0xfd, 0xf8, 0xf7, 0x04, 0xf3, 
    0xff, 0xfe, 0x01, 0x01, 0xf5, 0x03, 0x00, 0xf9, 0x01, 0xff, 0x05, 0x0b, 
    0xf9, 0x03, 0x00, 0x07, 0x08, 0xfd, 0xf7, 0x08, 0x11, 0xeb, 0x14, 0xea, 
    0xfa, 0xf4, 0x10, 0x1b, 0x11, 0xf5, 0xea, 0xf7, 0x15, 0x14, 0xeb, 0x17, 
    0x12, 0xea, 0x08, 0x1e, 0x15, 0xfb, 0x0a, 0x0f, 0x18, 0x15, 0x15, 0x03, 
    0xed, 0xed, 0x18, 0xe6, 0x10, 0xe6, 0x15, 0xe7, 0x00, 0xed, 0x14, 0x19, 
    0x11, 0xfb, 0xef, 0xed, 0x1b, 0x15, 0xe3, 0x19, 0x17, 0xe9, 0x10, 0x12, 
    0x13, 0xf8, 0x08, 0x10, 0x17, 0x18, 0x1b, 0x03, 0xe3, 0xf2, 0x20, 0xec, 
    0x03, 0xf9, 0x07, 0xfb, 0x10, 0x18, 0xf4, 0x0a, 0x11, 0xf0, 0xf2, 0xf7, 
    0x04, 0x0a, 0xfd, 0x06, 0x0f, 0xf2, 0x0d, 0x0f, 0x0f, 0x0d, 0x09, 0x13, 
    0x08, 0xef, 0x03, 0x0d, 0xf0, 0xf6, 0x11, 0xf4, 0x12, 0xfe, 0x0f, 0xf3, 
    0x0c, 0x0d, 0xe4, 0x14, 0x0c, 0xec, 0xf5, 0xf5, 0x08, 0x10, 0xfc, 0x0f, 
    0x13, 0xf8, 0x12, 0x05, 0x0d, 0x0f, 0x07, 0x0b, 0x01, 0xf8, 0x03, 0x08, 
    0xef, 0xf7, 0x0d, 0xf3, 0x07, 0xf3, 0x0f, 0xf2, 0x0e, 0x18, 0xe3, 0x0f, 
    0x14, 0xe7, 0xef, 0xf3, 0x08, 0x0a, 0xfb, 0x17, 0x07, 0xeb, 0x1a, 0x07, 
    0x0c, 0x0a, 0x0a, 0x15, 0x09, 0xfd, 0x0c, 0x17, 0xef, 0xf0, 0x12, 0xe9, 
    0x0e, 0xfe, 0x0d, 0xf2, 0x19, 0x17, 0xe4, 0x11, 0x0b, 0xe3, 0xec, 0xe6, 
    0x09, 0x0e, 0xed, 0x0e, 0x0d, 0xe9, 0x15, 0x08, 0x06, 0x15, 0x10, 0x0e, 
    0x0f, 0xff, 0x12, 0x1a, 0xea, 0xf2, 0x0e, 0xf6, 0x01, 0x01, 0x04, 0x08, 
    0x06, 0x06, 0xff, 0x06, 0x03, 0x06, 0xf9, 0x00, 0xf8, 0xfb, 0x02, 0xfa, 
    0xfb, 0x04, 0x02, 0x07, 0xf8, 0xf9, 0x08, 0xfd, 0x06, 0x02, 0x01, 0xfa, 
    0x03, 0x02, 0x08, 0x03, 0x01, 0x02, 0xfc, 0xfa, 0x07, 0x04, 0x01, 0xfd, 
    0x06, 0xfc, 0xff, 0x03, 0x04, 0xfa, 0xfe, 0x03, 0x02, 0xfc, 0xfd, 0x06, 
    0x06, 0x03, 0x05, 0xfe, 0xff, 0x01, 0xfa, 0x07, 0x00, 0xf9, 0x04, 0xfb, 
    0x00, 0x01, 0x03, 0x00, 0x06, 0x03, 0x07, 0xfb, 0xfe, 0x07, 0xfd, 0xfa, 
    0xfe, 0x04, 0xfe, 0x01, 0x06, 0x00, 0x02, 0x08, 0x04, 0xff, 0xff, 0x04, 
    0xfb, 0x00, 0x07, 0x04, 0xf9, 0x02, 0xfb, 0xfc, 0xff, 0xfa, 0x04, 0xff, 
    0x06, 0x05, 0x06, 0xf8, 0x03, 0xf9, 0x05, 0xf9, 0x07, 0xff, 0xfd, 0xff, 
    0xff, 0xff, 0x01, 0x06, 0xfe, 0xfd, 0x04, 0x02, 0xf9, 0x01, 0x08, 0x00, 
    0xfb, 0xfa, 0x00, 0xfd, 0x03, 0xfe, 0xfb, 0xfb, 0xfd, 0x08, 0x07, 0xf9, 
    0x01, 0xfa, 0xff, 0xf9, 0xfb, 0xf9, 0xf9, 0x00, 0xfc, 0x00, 0x00, 0x07, 
    0x00, 0x06, 0x07, 0x06, 0xfb, 0xfa, 0x01, 0xff, 0x05, 0xfa, 0xf9, 0x08, 
    0xff, 0x04, 0xf9, 0x00, 0x02, 0x00, 0x07, 0x00, 0x05, 0x00, 0x04, 0x06, 
    0x03, 0xfa, 0x07, 0x00, 0xfb, 0xfe, 0xff, 0xfc, 0xf8, 0xfb, 0x00, 0xfd, 
    0xf8, 0x07, 0x08, 0xfb, 0xf9, 0x00, 0x08, 0x04, 0xfe, 0x02, 0xfa, 0x00, 
    0xff, 0x05, 0x07, 0xfb, 0xfb, 0xfa, 0x07, 0x02, 0xfd, 0xff, 0x03, 0xfc, 
    0x07, 0x07, 0xfd, 0x06, 0xff, 0x03, 0x03, 0x03, 0x01, 0xff, 0xf8, 0xfd, 
    0xfc, 0xf8, 0xf8, 0x08, 0x03, 0x03, 0x02, 0x04, 0xff, 0xfb, 0x04, 0xfc, 
    0xf9, 0xfb, 0x06, 0x04, 0x00, 0x04, 0x04, 0xfd, 0xfa, 0x05, 0xff, 0xfe, 
    0xfb, 0x03, 0xfb, 0xf9, 0x05, 0x06, 0xfc, 0x03, 0xfa, 0xff, 0x07, 0xf8, 
    0x04, 0xf9, 0x05, 0x01, 0x02, 0x02, 0xfb, 0xfd, 0xf8, 0xfb, 0x00, 0xf9, 
    0xf9, 0xf8, 0xfe, 0xfb, 0xff, 0x04, 0x02, 0x00, 0x03, 0xfd, 0xf9, 0xfd, 
    0xff, 0xfd, 0xfd, 0x07, 0xfc, 0xff, 0xff, 0xfc, 0xfe, 0x03, 0x03, 0x05, 
    0x05, 0xfa, 0x03, 0xfe, 0x03, 0xff, 0x00, 0xfe, 0x06, 0x04, 0xfa, 0xfe, 
    0x08, 0x01, 0xfa, 0xfb, 0xff, 0xfd, 0xfa, 0x07, 0x06, 0x04, 0x07, 0xfc, 
    0x00, 0x03, 0x05, 0x05, 0x00, 0xfd, 0xfe, 0x01, 0xfc, 0xfb, 0x04, 0xf8, 
    0x05, 0x04, 0xf8, 0x07, 0x05, 0x07, 0xff, 0xf9, 0x08, 0x05, 0x06, 0x00, 
    0x02, 0x02, 0xff, 0x02, 0xfe, 0x00, 0x01, 0xf9, 0xf9, 0xff, 0xfe, 0x04, 
    0xf9, 0x06, 0x05, 0x02, 0x02, 0x03, 0x01, 0x01, 0xfe, 0xff, 0xfd, 0xfc, 
    0xfb, 0xfc, 0xfb, 0xfd, 0xf8, 0xfe, 0x01, 0x05, 0xff, 0x03, 0xff, 0xfa, 
    0x02, 0xf8, 0x05, 0x04, 0xfd, 0xfd, 0xfa, 0xff, 0xfa, 0xff, 0x02, 0x06, 
    0xff, 0xf9, 0x01, 0x02, 0x01, 0xfa, 0x06, 0xf8, 0xfa, 0x00, 0x03, 0xfc, 
    0xfe, 0xf9, 0x04, 0xfb, 0x05, 0xff, 0xfb, 0xfe, 0x02, 0xff, 0xfb, 0x00, 
    0xfd, 0x00, 0xfc, 0xfc, 0x01, 0x07, 0xff, 0xf8, 0xfa, 0x02, 0xfa, 0xfa, 
    0xfd, 0xff, 0xfa, 0x07, 0xfd, 0x06, 0x00, 0x04, 0x08, 0x02, 0xf8, 0xfa, 
    0xfd, 0xf8, 0x04, 0x00, 0xf8, 0x08, 0x00, 0x05, 0x06, 0x04, 0x07, 0xff, 
    0xff, 0xfe, 0x06, 0xfd, 0xf9, 0xfa, 0xff, 0x02, 0x00, 0x04, 0xfc, 0xff, 
    0xfa, 0x07, 0x07, 0xfb, 0x01, 0x01, 0xfd, 0xff, 0xfc, 0x02, 0xfc, 0x02, 
    0x04, 0x06, 0x01, 0x03, 0x04, 0xf8, 0xfa, 0xf8, 0x06, 0xf8, 0x01, 0xfd, 
    0xfe, 0xfd, 0xfe, 0x00, 0xfc, 0xfd, 0x06, 0xf9, 0x02, 0xff, 0x00, 0x05, 
    0xf8, 0x01, 0x03, 0x04, 0xfb, 0x01, 0xf8, 0xfa, 0xfa, 0x04, 0x01, 0xfc, 
    0x04, 0x03, 0x07, 0xfc, 0xff, 0xfc, 0xf9, 0x04, 0xfb, 0x03, 0x04, 0xf9, 
    0x04, 0x05, 0xfb, 0xfa, 0x04, 0xf9, 0x01, 0x05, 0xfa, 0x06, 0x01, 0xfe, 
    0xfe, 0x07, 0xfe, 0xfb, 0xf8, 0x07, 0x02, 0xfb, 0xfb, 0xff, 0x07, 0x02, 
    0xfd, 0x00, 0x04, 0x08, 0x03, 0xfc, 0x00, 0xf8, 0xf8, 0xfb, 0xf9, 0x05, 
    0x01, 0x05, 0x02, 0x03, 0xf9, 0xff, 0xfe, 0x01, 0x03, 0x07, 0x05, 0x05, 
    0x03, 0x00, 0x02, 0xfe, 0xf8, 0xfc, 0xfe, 0x02, 0x03, 0x02, 0x07, 0xfd, 
    0xfa, 0xff, 0x07, 0xfe, 0x02, 0xfa, 0xff, 0xfb, 0x07, 0x03, 0xff, 0xfa, 
    0xf8, 0xfe, 0xfc, 0xfb, 0x08, 0x08, 0xff, 0xfb, 0xff, 0x05, 0x00, 0x02, 
    0xfd, 0x00, 0x02, 0x08, 0x03, 0xfd, 0xfd, 0xfa, 0x03, 0x06, 0xff, 0x07, 
    0x03, 0xfc, 0xfe, 0x01, 0xfd, 0xf9, 0x02, 0x05, 0xf8, 0xfe, 0x08, 0x00, 
    0x06, 0x07, 0xff, 0x02, 0xfb, 0x05, 0xf9, 0x07, 0xfc, 0xfd, 0x01, 0x04, 
    0xfc, 0xfc, 0x08, 0xfa, 0x04, 0xfe, 0xfb, 0xfd, 0x04, 0xfa, 0xfb, 0xf9, 
    0xfd, 0xff, 0x03, 0x04, 0x01, 0x01, 0x06, 0x01, 0x06, 0x00, 0x06, 0x03, 
    0xfa, 0xfc, 0xfa, 0xfd, 0x02, 0x02, 0x07, 0xfd, 0x05, 0x08, 0xf8, 0x03, 
    0xff, 0x04, 0xfc, 0xf9, 0xfd, 0xfb, 0x03, 0xfd, 0xfa, 0x08, 0x04, 0x04, 
    0x02, 0x08, 0xfd, 0x02, 0x05, 0xfa, 0x08, 0xf9, 0x05, 0x07, 0xfd, 0xfb, 
    0xff, 0x02, 0xff, 0x07, 0x06, 0xfa, 0x05, 0x02, 0x05, 0x03, 0x02, 0xf9, 
    0x06, 0x01, 0xfc, 0x04, 0x02, 0x01, 0x04, 0xfd, 0x02, 0x00, 0xfd, 0x05, 
    0xf9, 0x01, 0xf9, 0xfb, 0x02, 0xfa, 0x00, 0xf9, 0x08, 0x00, 0xf9, 0x00, 
    0x00, 0x06, 0x07, 0xfc, 0xfd, 0x04, 0x02, 0x02, 0x03, 0x04, 0x08, 0xfd, 
    0x03, 0x01, 0x04, 0xfd, 0x01, 0x00, 0xfa, 0xff, 0x02, 0x02, 0x06, 0xfb, 
    0x07, 0x01, 0x05, 0xf9, 0x06, 0x00, 0xfa, 0x07, 0x01, 0x07, 0x04, 0xfd, 
    0xf8, 0x03, 0x06, 0xfb, 0x00, 0x04, 0xff, 0x05, 0x03, 0x03, 0x03, 0xff, 
    0x06, 0xfb, 0x02, 0x08, 0xfd, 0xfd, 0xfd, 0x03, 0x05, 0xfc, 0x07, 0x01, 
    0xfd, 0x01, 0xf9, 0x05, 0xf9, 0x06, 0xfb, 0xff, 0xfa, 0x04, 0x02, 0xfd, 
    0xfb, 0x05, 0x07, 0xfe, 0xff, 0xff, 0x05, 0x06, 0xff, 0xfc, 0x02, 0xfb, 
    0xfd, 0x04, 0xfd, 0xff, 0x08, 0xfd, 0x02, 0xf8, 0xfc, 0x05, 0xf9, 0x07, 
    0x08, 0xfc, 0xfa, 0xff, 0x05, 0x01, 0xfa, 0x07, 0x06, 0x07, 0xfa, 0xf9, 
    0x07, 0x07, 0x03, 0x07, 0x05, 0x07, 0xfe, 0x04, 0xff, 0x03, 0xff, 0x02, 
    0x07, 0xfc, 0xfd, 0xf8, 0x02, 0xff, 0x03, 0x00, 0x05, 0xf8, 0xfe, 0x02, 
    0x07, 0x03, 0xfe, 0xff, 0x02, 0x06, 0xfa, 0xfb, 0xf9, 0x02, 0x05, 0x01, 
    0x04, 0x05, 0x05, 0xf9, 0xff, 0xfd, 0xfa, 0x06, 0xf8, 0x03, 0x00, 0x06, 
    0xfc, 0xfa, 0x02, 0xfc, 0xfc, 0xf8, 0x07, 0x01, 0x02, 0xfa, 0x00, 0x00, 
    0x05, 0x02, 0x02, 0xfa, 0x07, 0xfe, 0x01, 0x00, 0x02, 0x07, 0x08, 0x02, 
    0xff, 0xfb, 0x00, 0xfa, 0xfc, 0x01, 0xfd, 0x01, 0x04, 0x07, 0x02, 0xfd, 
    0x08, 0x02, 0x05, 0x00, 0x06, 0x03, 0x05, 0x00, 0xfa, 0xfd, 0x08, 0x04, 
    0x03, 0x01, 0xff, 0x07, 0xfd, 0x07, 0xf8, 0xf9, 0x00, 0x04, 0xf8, 0x00, 
    0x04, 0xfa, 0xff, 0xfd, 0x07, 0xfe, 0x03, 0xf9, 0x04, 0x06, 0xfc, 0xff, 
    0x07, 0xff, 0xf8, 0x04, 0x04, 0xfe, 0x05, 0xfe, 0x03, 0x07, 0xfa, 0x03, 
    0xf9, 0x08, 0x05, 0x04, 0xf8, 0xfa, 0xf9, 0x08, 0x07, 0x00, 0x04, 0xfe, 
    0xfd, 0x01, 0xf9, 0x06, 0xfb, 0xfd, 0xf8, 0x07, 0x00, 0xfb, 0xfe, 0xfa, 
    0xf9, 0x07, 0x03, 0x01, 0xf9, 0x04, 0x06, 0x06, 0xf8, 0xfb, 0xf9, 0xfd, 
    0x04, 0xfd, 0xfd, 0xf8, 0xfc, 0xfe, 0xfe, 0x00, 0xf9, 0xf8, 0x01, 0x01, 
    0xfd, 0x06, 0x04, 0x02, 0x01, 0xfe, 0x03, 0xf9, 0xf9, 0xff, 0xfe, 0x01, 
    0x07, 0xfa, 0x06, 0xfa, 0x05, 0x04, 0x01, 0xfb, 0xfa, 0xf9, 0x01, 0x00, 
    0x01, 0x05, 0x05, 0x05, 0xfc, 0xfe, 0x03, 0xfe, 0x07, 0x00, 0xff, 0xff, 
    0x04, 0xfc, 0x04, 0xfc, 0xfb, 0xfc, 0x02, 0x06, 0x08, 0x04, 0xff, 0x04, 
    0x02, 0xfc, 0x07, 0x07, 0x00, 0x06, 0xf9, 0xff, 0x02, 0xf9, 0x08, 0xfa, 
    0xff, 0xfa, 0xff, 0x05, 0xf9, 0xff, 0x05, 0xfb, 0xf8, 0x02, 0x08, 0x05, 
    0xfa, 0x05, 0x08, 0x00, 0x04, 0x03, 0xfd, 0xf9, 0x02, 0xfd, 0x02, 0x06, 
    0x07, 0xfb, 0xfe, 0x01, 0x02, 0x05, 0x01, 0xf9, 0x00, 0x01, 0x05, 0x00, 
    0xfd, 0x04, 0xfd, 0x07, 0x02, 0xf8, 0x06, 0xfb, 0xfc, 0x05, 0xfe, 0x04, 
    0x00, 0x01, 0x07, 0x06, 0x00, 0x07, 0x05, 0x06, 0xfd, 0x06, 0xfd, 0x00, 
    0x04, 0xfa, 0xfa, 0x08, 0x02, 0x04, 0xfc, 0xf9, 0x06, 0xfe, 0xfc, 0xff, 
    0xf9, 0xfd, 0x00, 0xfc, 0x02, 0xf9, 0x01, 0x05, 0x01, 0xf9, 0xfa, 0xfc, 
    0x02, 0xf9, 0x06, 0xf9, 0xfc, 0xfc, 0xf8, 0xfb, 0xfc, 0x01, 0x03, 0xfb, 
    0xfe, 0xfd, 0x03, 0x01, 0xfe, 0xfe, 0x01, 0xfe, 0x00, 0xfa, 0x05, 0x07, 
    0xff, 0xfe, 0x03, 0x02, 0xfd, 0x06, 0x04, 0xfa, 0xf8, 0x04, 0xfc, 0xfe, 
    0x00, 0x05, 0xf8, 0xfa, 0xfa, 0xfa, 0x04, 0xf9, 0x02, 0xfa, 0xfd, 0xfd, 
    0xfb, 0x03, 0xfc, 0x01, 0x01, 0xfb, 0xfa, 0x03, 0x07, 0x03, 0xff, 0xfe, 
    0x04, 0x08, 0x07, 0xf8, 0x07, 0xfe, 0xfe, 0x02, 0x07, 0xfa, 0x01, 0xf8, 
    0xfc, 0xfc, 0x01, 0xf9, 0x06, 0x06, 0x04, 0x04, 0xfb, 0xfc, 0x01, 0x07, 
    0x01, 0x02, 0xfd, 0x00, 0xf9, 0x05, 0xfc, 0xf9, 0x04, 0xfb, 0xfe, 0xfd, 
    0x01, 0xfa, 0x07, 0xfe, 0xfc, 0xfe, 0x06, 0xfc, 0x03, 0xfb, 0xfc, 0x04, 
    0xfd, 0xff, 0x04, 0x07, 0xf8, 0x02, 0x00, 0xfe, 0xf9, 0x01, 0x04, 0xfa, 
    0x01, 0xfd, 0xfd, 0xfa, 0x01, 0x07, 0x04, 0xfb, 0xf8, 0xf8, 0x00, 0x06, 
    0x06, 0x03, 0x00, 0xfb, 0x00, 0x02, 0xf9, 0xfd, 0x08, 0xf9, 0x05, 0x01, 
    0x07, 0x01, 0xfd, 0x01, 0x04, 0x03, 0x06, 0x01, 0x06, 0x06, 0xf9, 0x07, 
    0xf8, 0x00, 0x02, 0x06, 0xff, 0xfa, 0x00, 0xfa, 0xfa, 0x06, 0xf9, 0x02, 
    0x08, 0xfc, 0xfc, 0xfb, 0x05, 0x07, 0xfd, 0xfc, 0x05, 0xfa, 0x01, 0x02, 
    0xfb, 0xfa, 0xff, 0xfb, 0xfd, 0x06, 0x05, 0x06, 0x00, 0xf9, 0x01, 0x01, 
    0xfc, 0x07, 0xfe, 0x03, 0x01, 0x02, 0x02, 0x03, 0xfd, 0x03, 0x03, 0xff, 
    0xff, 0x01, 0xf8, 0x07, 0xfc, 0xff, 0x01, 0xfe, 0xff, 0xfd, 0xff, 0xfe, 
    0xfd, 0xfd, 0x01, 0x03, 0xf9, 0x07, 0x05, 0xfc, 0x04, 0xfc, 0xf8, 0x00, 
    0x07, 0xfd, 0x02, 0xff, 0x02, 0xfc, 0x05, 0x00, 0x02, 0xfc, 0xfd, 0xfb, 
    0xfe, 0x08, 0x02, 0x03, 0xfc, 0xf9, 0x05, 0x07, 0xf9, 0x03, 0xfa, 0xfd, 
    0xfa, 0x07, 0xfe, 0xfa, 0x05, 0x04, 0xfd, 0xfb, 0x00, 0x06, 0xfa, 0xfb, 
    0xf9, 0x07, 0xf9, 0xfd, 0xf9, 0xff, 0x04, 0x00, 0xfb, 0x07, 0x03, 0x04, 
    0xfe, 0x02, 0xfd, 0x07, 0xf9, 0xff, 0xfd, 0x07, 0xff, 0xfd, 0xf8, 0xfd, 
    0xff, 0x08, 0xfb, 0x02, 0x05, 0x04, 0xfc, 0xf9, 0xfa, 0x00, 0xff, 0xfd, 
    0xfe, 0xfd, 0x03, 0x05, 0x00, 0x05, 0x04, 0x05, 0x02, 0xf9, 0x07, 0xf9, 
    0x06, 0x05, 0xf8, 0xf8, 0x05, 0x03, 0xfe, 0x03, 0xfb, 0x01, 0xfd, 0x02, 
    0xfd, 0x03, 0xff, 0xfb, 0xfc, 0xf9, 0xfe, 0xfb, 0x06, 0xff, 0x07, 0x00, 
    0xfb, 0x00, 0xfd, 0x02, 0xff, 0x04, 0xf9, 0x02, 0xf9, 0x04, 0x07, 0xf9, 
    0x05, 0xfb, 0x05, 0x07, 0xfc, 0x06, 0x03, 0xfe, 0xfb, 0x06, 0x06, 0x03, 
    0x00, 0xfb, 0x08, 0x01, 0x01, 0x00, 0x02, 0x05, 0xfc, 0x08, 0xfd, 0x02, 
    0x00, 0xfa, 0xfb, 0xfc, 0x01, 0x06, 0x02, 0xfd, 0xf9, 0xf8, 0x04, 0x08, 
    0x08, 0x04, 0xfc, 0x05, 0x00, 0x07, 0x06, 0x00, 0xfe, 0x01, 0xf9, 0x02, 
    0x01, 0xfa, 0x02, 0x07, 0xf9, 0xff, 0x08, 0x05, 0xfc, 0x02, 0x01, 0x08, 
    0xfb, 0x01, 0x01, 0x07, 0x00, 0xff, 0x03, 0xfd, 0x02, 0xfb, 0x01, 0xf9, 
    0xf8, 0x01, 0x07, 0x00, 0x07, 0xf9, 0x04, 0xff, 0x06, 0x03, 0x06, 0x01, 
    0xf8, 0x03, 0xfb, 0xfe, 0xfb, 0xfd, 0x00, 0xfe, 0x01, 0xfb, 0x06, 0x07, 
    0xff, 0x06, 0xfc, 0x05, 0xfe, 0x08, 0xfe, 0xfd, 0xf8, 0xf8, 0xfe, 0x02, 
    0xff, 0xfe, 0x02, 0xf9, 0x07, 0xff, 0xfe, 0xf9, 0xf8, 0x06, 0x07, 0xfd, 
    0x07, 0x04, 0x06, 0x00, 0x00, 0x02, 0xfe, 0x01, 0x07, 0xf9, 0xff, 0x03, 
    0xfc, 0xfa, 0x02, 0xf9, 0x05, 0xf9, 0xf9, 0x04, 0xfa, 0x05, 0xfc, 0x00, 
    0x06, 0x03, 0xfe, 0xfe, 0xff, 0x00, 0xfd, 0xff, 0x00, 0x05, 0xf8, 0xfe, 
    0xf8, 0x03, 0x02, 0x02, 0x06, 0xfd, 0x03, 0xf9, 0x08, 0x07, 0xfc, 0xf9, 
    0xfc, 0x05, 0x02, 0xfe, 0x07, 0x06, 0x06, 0x05, 0x02, 0x00, 0x01, 0x05, 
    0x03, 0x05, 0x02, 0xfe, 0xfe, 0x07, 0x02, 0x06, 0x04, 0x01, 0xfd, 0xfe, 
    0xfb, 0xfa, 0xfe, 0x07, 0x05, 0x07, 0xfd, 0xfd, 0x07, 0x05, 0xfd, 0xff, 
    0x02, 0x07, 0x04, 0x01, 0xfd, 0xfa, 0x02, 0xfb, 0xff, 0x04, 0xf9, 0x01, 
    0xfc, 0x03, 0x05, 0x04, 0x05, 0x02, 0xf8, 0x05, 0x06, 0x02, 0x03, 0xfe, 
    0x00, 0xf8, 0xfc, 0xf9, 0x03, 0x07, 0xf8, 0x08, 0x06, 0x06, 0x01, 0xfd, 
    0xff, 0x02, 0xfb, 0xf8, 0xfc, 0x00, 0xf9, 0x03, 0x04, 0x05, 0xfd, 0x00, 
    0x00, 0xf8, 0x04, 0xf9, 0xfa, 0xf9, 0xfa, 0xfa, 0xfd, 0x02, 0xfa, 0xf8, 
    0x01, 0xfd, 0x00, 0xfc, 0x00, 0x05, 0x02, 0x05, 0x00, 0x01, 0x01, 0xfc, 
    0x04, 0x00, 0x06, 0xfb, 0x03, 0xfa, 0xf8, 0x00, 0xfe, 0xfc, 0x01, 0x05, 
    0x06, 0x03, 0xfc, 0xf9, 0xff, 0x01, 0xfd, 0x03, 0x00, 0x08, 0x06, 0xfe, 
    0x00, 0x03, 0x04, 0x04, 0xfc, 0x02, 0x04, 0xfa, 0xfd, 0x02, 0x05, 0xf8, 
    0x08, 0x08, 0xfb, 0x02, 0x01, 0xfd, 0xfe, 0x02, 0x00, 0xfb, 0x05, 0xfd, 
    0xfb, 0xfe, 0x04, 0x03, 0xfd, 0xf9, 0x05, 0x05, 0x05, 0xf9, 0x03, 0x07, 
    0xff, 0xfe, 0xff, 0xfc, 0x06, 0xfc, 0x07, 0x00, 0x07, 0xf8, 0xfa, 0x07, 
    0x04, 0x02, 0xfb, 0x05, 0xff, 0x04, 0x00, 0x02, 0x07, 0x05, 0x07, 0x01, 
    0xff, 0x07, 0xfa, 0x01, 0xf8, 0xfa, 0xfe, 0x02, 0x02, 0xff, 0x00, 0xfc, 
    0x03, 0xfb, 0xff, 0x00, 0x05, 0x01, 0x05, 0x06, 0xfa, 0x04, 0xfc, 0xfa, 
    0x04, 0x05, 0x04, 0xfc, 0x03, 0x00, 0x06, 0xfb, 0xfd, 0xf9, 0xff, 0xfa, 
    0xf9, 0xfa, 0x00, 0x00, 0xfe, 0x00, 0x06, 0x08, 0xf8, 0xfa, 0xff, 0xfa, 
    0xfe, 0xfa, 0xf8, 0xfb, 0x06, 0x02, 0x03, 0x04, 0x03, 0x02, 0xff, 0x02, 
    0x00, 0x00, 0xff, 0x07, 0xff, 0xfd, 0xf9, 0xfb, 0x06, 0x05, 0xf9, 0xfc, 
    0x05, 0x02, 0x03, 0xfb, 0xff, 0xfb, 0xfa, 0x06, 0x01, 0x01, 0x01, 0xfe, 
    0xf9, 0x03, 0xf9, 0x01, 0x05, 0xfa, 0x00, 0xfd, 0xfc, 0xff, 0xf8, 0xfa, 
    0xfc, 0x03, 0xfd, 0x04, 0x04, 0x01, 0xfa, 0x07, 0x00, 0x00, 0xfb, 0x01, 
    0xff, 0xfe, 0xff, 0x05, 0xf9, 0xfb, 0xfe, 0xfd, 0x04, 0x05, 0xf8, 0xfc, 
    0x04, 0x00, 0x01, 0x00, 0xff, 0xf8, 0xfb, 0x04, 0x00, 0x02, 0x08, 0x03, 
    0xf9, 0xfd, 0xf8, 0x08, 0x06, 0xfc, 0xf9, 0x08, 0x03, 0x05, 0x05, 0xfe, 
    0xff, 0x07, 0xfd, 0x03, 0x02, 0xf9, 0xfc, 0x05, 0x00, 0xfd, 0xfd, 0x07, 
    0xf9, 0xfb, 0x04, 0xf9, 0x04, 0xfa, 0x01, 0x00, 0xfb, 0x07, 0x01, 0xfa, 
    0xfe, 0xfb, 0x07, 0x00, 0x04, 0x06, 0x02, 0x04, 0x00, 0xf9, 0x05, 0x01, 
    0xfe, 0xf8, 0xfb, 0xf8, 0x00, 0xfd, 0x00, 0x05, 0x00, 0xfc, 0xfb, 0x03, 
    0xfb, 0xf8, 0xfa, 0x04, 0x07, 0x00, 0x03, 0xff, 0xfc, 0x07, 0xfa, 0xfb, 
    0x08, 0x01, 0xff, 0x08, 0x01, 0x07, 0x01, 0xfd, 0x02, 0x02, 0x05, 0xf9, 
    0xfb, 0xfa, 0x00, 0x00, 0x03, 0x06, 0xf8, 0xfb, 0x04, 0x02, 0xff, 0xfa, 
    0xff, 0x06, 0x06, 0x07, 0xfa, 0xf9, 0xfd, 0x08, 0xfd, 0x06, 0x06, 0x02, 
    0x03, 0xfe, 0x06, 0xfd, 0x00, 0x08, 0xfe, 0xf9, 0x08, 0xfc, 0xfe, 0xfc, 
    0x00, 0xfe, 0x04, 0x02, 0x07, 0x00, 0x01, 0x06, 0xfc, 0x04, 0xfd, 0xfb, 
    0xff, 0xfd, 0xf9, 0xfa, 0x05, 0xfc, 0x02, 0xfe, 0xff, 0xfb, 0xf9, 0xfc, 
    0xfc, 0x00, 0xff, 0xf9, 0x01, 0x00, 0x01, 0x03, 0x03, 0xfc, 0x07, 0xff, 
    0xfb, 0xfe, 0xfc, 0x02, 0xfb, 0x02, 0x03, 0xfb, 0x07, 0xff, 0xff, 0x06, 
    0x08, 0xfe, 0xf9, 0xfd, 0x00, 0x04, 0x04, 0x01, 0xfc, 0x04, 0xfb, 0x06, 
    0x02, 0x00, 0xfa, 0x08, 0xff, 0x05, 0x03, 0x03, 0xfe, 0x05, 0xfb, 0xfd, 
    0x00, 0x02, 0xf9, 0xf8, 0x06, 0xf8, 0xf8, 0xfe, 0x01, 0xfe, 0xfa, 0xf8, 
    0x04, 0xfd, 0xfd, 0x08, 0xfc, 0xfe, 0x02, 0xfb, 0x06, 0x02, 0xff, 0x05, 
    0xff, 0xfa, 0x02, 0x05, 0xfe, 0x01, 0xff, 0x01, 0xfb, 0x07, 0xf9, 0x06, 
    0xfc, 0xf8, 0xfd, 0x06, 0xfc, 0x07, 0x05, 0xf9, 0xff, 0xfa, 0xff, 0xf8, 
    0xfb, 0xfb, 0x03, 0xfc, 0xf9, 0x01, 0xfc, 0x08, 0x08, 0xfa, 0xfc, 0x07, 
    0xfc, 0xfe, 0xfe, 0xff, 0x01, 0xf8, 0xf9, 0x07, 0x07, 0x07, 0x04, 0x05, 
    0xfc, 0x05, 0x05, 0x07, 0x00, 0x03, 0xfb, 0xfd, 0x05, 0x03, 0xfe, 0x01, 
    0x04, 0xfe, 0xf9, 0xff, 0x02, 0x01, 0xfa, 0x06, 0x08, 0x03, 0xfb, 0xfa, 
    0x01, 0xfb, 0xff, 0xfe, 0xff, 0xfb, 0xfb, 0xfd, 0xfb, 0xf8, 0x06, 0xfb, 
    0x01, 0x03, 0xf9, 0x04, 0x05, 0x06, 0x08, 0xfe, 0xff, 0x02, 0xfb, 0x07, 
    0x00, 0x05, 0x00, 0xfd, 0x05, 0x05, 0x07, 0x02, 0xff, 0xf9, 0x01, 0x02, 
    0x05, 0x00, 0x03, 0x08, 0x05, 0xfa, 0xfb, 0xff, 0xfa, 0x07, 0x06, 0xff, 
    0x02, 0xff, 0x05, 0x04, 0xf9, 0xff, 0xfd, 0x00, 0x01, 0x00, 0xfd, 0x03, 
    0xff, 0xfa, 0x03, 0x02, 0x00, 0xf8, 0x03, 0xfb, 0xf9, 0x02, 0x00, 0x01, 
    0x00, 0xfd, 0x06, 0x02, 0x01, 0x00, 0xfd, 0xfe, 0xff, 0x02, 0x04, 0x07, 
    0x01, 0x06, 0xfe, 0x01, 0x03, 0xfe, 0xfa, 0xfc, 0x04, 0x06, 0x02, 0x05, 
    0x01, 0x01, 0x01, 0xfa, 0xff, 0x08, 0x05, 0xff, 0x06, 0xfe, 0x07, 0xf8, 
    0x07, 0x04, 0x05, 0xfa, 0xfc, 0x01, 0x03, 0x04, 0x02, 0xfd, 0x08, 0x03, 
    0xf8, 0x03, 0xfc, 0x03, 0x02, 0xfc, 0x02, 0x03, 0x00, 0x06, 0xfe, 0xf9, 
    0xfe, 0x01, 0x01, 0xf9, 0x06, 0xfb, 0xfe, 0xfc, 0xfa, 0x02, 0x04, 0x05, 
    0xfa, 0x06, 0x00, 0x00, 0xfe, 0x02, 0x02, 0x02, 0xfd, 0xfa, 0x05, 0xfd, 
    0xfd, 0xff, 0x01, 0xfd, 0xfc, 0x06, 0x02, 0x00, 0xff, 0xfa, 0x00, 0x08, 
    0x02, 0xfb, 0x02, 0x05, 0xf8, 0xff, 0x02, 0xf8, 0x06, 0x01, 0xfb, 0xfa, 
    0xfb, 0x05, 0xfc, 0xff, 0xf9, 0xfc, 0xfe, 0xfb, 0x02, 0xfb, 0xfe, 0x00, 
    0x05, 0x06, 0x03, 0xfd, 0xfe, 0x01, 0xfe, 0xff, 0x00, 0xfc, 0x03, 0x01, 
    0xf9, 0x02, 0x05, 0xfe, 0xfc, 0x08, 0xfd, 0x03, 0x03, 0x07, 0x02, 0x05, 
    0xfc, 0xfd, 0x05, 0xff, 0xfe, 0x04, 0xfd, 0x06, 0x00, 0xfd, 0x06, 0x05, 
    0x06, 0xfc, 0x02, 0x00, 0xfd, 0x07, 0xfa, 0xfb, 0xfc, 0x04, 0xf9, 0x06, 
    0x01, 0x03, 0x08, 0xfa, 0x00, 0xfc, 0xfe, 0xfc, 0xff, 0xfe, 0xfb, 0xfd, 
    0xfb, 0x04, 0x01, 0xfe, 0x07, 0xfc, 0xf9, 0xff, 0x03, 0xff, 0x02, 0x03, 
    0xf9, 0x02, 0x05, 0xfb, 0x03, 0xfd, 0x06, 0x05, 0x08, 0xf9, 0xfb, 0x07, 
    0xfa, 0x05, 0x03, 0x07, 0x03, 0xfa, 0x07, 0xfd, 0x06, 0x03, 0x03, 0xfb, 
    0xfd, 0x04, 0x02, 0x07, 0x03, 0x06, 0x07, 0x00, 0x01, 0x02, 0xff, 0xf9, 
    0x00, 0xfc, 0x07, 0x01, 0xf9, 0xfb, 0xfc, 0x07, 0xf8, 0xfc, 0x02, 0xfd, 
    0xfb, 0xff, 0x02, 0xf9, 0x07, 0xfc, 0xfb, 0xfb, 0x05, 0xfc, 0xfa, 0x07, 
    0x04, 0xf8, 0xfa, 0x03, 0xfb, 0xf9, 0xff, 0xfd, 0x00, 0x07, 0xfd, 0x02, 
    0x02, 0xfd, 0xf9, 0xfe, 0x04, 0x05, 0xff, 0xfd, 0xff, 0x08, 0x07, 0x02, 
    0x00, 0x03, 0x05, 0x02, 0x08, 0xfe, 0xf8, 0x02, 0x00, 0x06, 0xfd, 0x04, 
    0xfd, 0x07, 0xfe, 0x06, 0xfd, 0xfc, 0xfd, 0x07, 0x01, 0x02, 0x00, 0xfd, 
    0x06, 0xfc, 0x03, 0xf8, 0xfb, 0x02, 0xf9, 0x02, 0xff, 0xfb, 0x05, 0xfe, 
    0xfd, 0xfa, 0x02, 0xf9, 0xfd, 0xf9, 0xfd, 0x05, 0x05, 0xfc, 0xfd, 0xfd, 
    0xfc, 0xfb, 0xff, 0xfa, 0x03, 0x08, 0xfb, 0xfe, 0xfa, 0x04, 0x04, 0x07, 
    0xfe, 0xfa, 0x04, 0xfa, 0xfe, 0x07, 0x05, 0xf8, 0x08, 0x00, 0xfe, 0x03, 
    0xff, 0x07, 0x01, 0x07, 0x07, 0xfc, 0x08, 0xfe, 0x07, 0x01, 0x00, 0xfd, 
    0x06, 0xfe, 0x07, 0xfe, 0x03, 0x01, 0xfe, 0xfd, 0x01, 0x08, 0xfa, 0x00, 
    0xf9, 0x01, 0xfa, 0x06, 0xfd, 0x03, 0xfe, 0xfc, 0xfd, 0xfc, 0x00, 0xfc, 
    0x03, 0xff, 0x00, 0xff, 0x04, 0xff, 0x01, 0x00, 0xfe, 0xfc, 0xfd, 0xf9, 
    0x05, 0xfb, 0x04, 0x06, 0x06, 0xf9, 0x06, 0x03, 0x06, 0x04, 0x02, 0xfc, 
    0x00, 0x03, 0x08, 0xfc, 0xfc, 0x01, 0x06, 0xf9, 0xfb, 0x05, 0x01, 0x01, 
    0x03, 0xff, 0x02, 0x02, 0xfe, 0xf9, 0x05, 0x06, 0x01, 0x02, 0x06, 0x00, 
    0xf9, 0x02, 0xf9, 0x04, 0x04, 0xfe, 0xff, 0x05, 0x03, 0xfa, 0x05, 0xfe, 
    0x06, 0x05, 0xfa, 0x01, 0xfe, 0x07, 0x07, 0x03, 0x05, 0xfd, 0xfd, 0xfe, 
    0x04, 0x00, 0xfb, 0x08, 0xff, 0x01, 0xf9, 0x07, 0xfd, 0x00, 0xff, 0xfd, 
    0x00, 0x04, 0x05, 0xfd, 0x03, 0x01, 0xf8, 0x06, 0x06, 0xfa, 0xff, 0xfd, 
    0xf9, 0x06, 0x02, 0x00, 0xf8, 0xff, 0x01, 0x05, 0x02, 0x03, 0xff, 0x05, 
    0xfd, 0xfc, 0x05, 0xfe, 0x01, 0xfe, 0x08, 0x06, 0xfa, 0xfc, 0x04, 0x03, 
    0x03, 0xfd, 0xf9, 0xfc, 0xff, 0x03, 0x08, 0xf9, 0xfb, 0xfc, 0x05, 0x06, 
    0x08, 0x06, 0xfb, 0xf9, 0xfb, 0x06, 0xfe, 0xfb, 0x05, 0xfc, 0xff, 0xfd, 
    0xfa, 0x08, 0x00, 0x07, 0x05, 0x07, 0xf8, 0xfb, 0x05, 0x01, 0x06, 0x03, 
    0x06, 0x00, 0x03, 0xfc, 0xf9, 0x05, 0xfe, 0xfd, 0x02, 0x02, 0xfd, 0xfa, 
    0xff, 0x05, 0xff, 0xff, 0x01, 0xfb, 0x06, 0xf9, 0x02, 0x03, 0x02, 0x07, 
    0x03, 0x06, 0x05, 0xfd, 0xfd, 0xfd, 0xfc, 0xf8, 0xfd, 0xfd, 0xf9, 0xfb, 
    0xfa, 0x03, 0xfa, 0x05, 0x00, 0x03, 0x00, 0x07, 0x00, 0x00, 0xfc, 0xf8, 
    0xff, 0x08, 0xfe, 0x03, 0x08, 0xfe, 0xff, 0xfc, 0xfd, 0xfc, 0xfa, 0x00, 
    0x05, 0x06, 0x04, 0xff, 0xfa, 0x05, 0xff, 0xfa, 0xfd, 0x04, 0x06, 0x03, 
    0xfe, 0x04, 0xff, 0xf9, 0xf9, 0xfd, 0x06, 0x04, 0x02, 0xfd, 0xfd, 0x03, 
    0xfa, 0x00, 0xfd, 0xfa, 0x02, 0x05, 0x08, 0x06, 0x00, 0x07, 0x02, 0xfa, 
    0xfb, 0xfb, 0x07, 0xfc, 0x00, 0x06, 0x00, 0x06, 0xff, 0x02, 0xfe, 0xfb, 
    0xfa, 0x03, 0xfa, 0xfb, 0xfe, 0xfb, 0x08, 0x02, 0xfb, 0xfd, 0xfc, 0x03, 
    0xfe, 0xfd, 0x06, 0x02, 0x06, 0x01, 0x02, 0x01, 0x03, 0x00, 0x04, 0xfd, 
    0xfc, 0x05, 0xfe, 0x07, 0xf9, 0x00, 0xfb, 0x00, 0x05, 0x02, 0xf9, 0xf8, 
    0xfa, 0xf9, 0x00, 0x00, 0x07, 0x00, 0xfe, 0x00, 0x06, 0x00, 0x01, 0x06, 
    0xff, 0x01, 0x02, 0x06, 0x01, 0x05, 0xfb, 0xf8, 0xfb, 0xfd, 0xfb, 0xf9, 
    0x06, 0xfc, 0xfa, 0x01, 0x05, 0xfc, 0x01, 0xfe, 0x08, 0x01, 0xfa, 0x05, 
    0x05, 0xfe, 0x01, 0x05, 0xfd, 0xfe, 0x04, 0xf8, 0xfa, 0xfe, 0xf9, 0x02, 
    0xfb, 0xfe, 0x06, 0xfb, 0xff, 0xf8, 0x00, 0x02, 0xfd, 0xfb, 0x05, 0x03, 
    0x03, 0x00, 0x01, 0xfa, 0xfc, 0x06, 0x04, 0xfc, 0x00, 0xfd, 0xfc, 0x08, 
    0xfd, 0xf9, 0x05, 0xff, 0xfb, 0xf9, 0x00, 0x00, 0x04, 0x08, 0xfe, 0x07, 
    0x02, 0xfe, 0xfc, 0x05, 0xf9, 0x02, 0x07, 0x01, 0x04, 0x06, 0x00, 0x06, 
    0xfa, 0xfd, 0x00, 0x05, 0xfa, 0xfd, 0x08, 0x01, 0x02, 0x02, 0x03, 0x04, 
    0x07, 0x02, 0x08, 0x01, 0xf8, 0x05, 0x02, 0x03, 0xfa, 0x06, 0x04, 0x06, 
    0x07, 0xfe, 0xfe, 0x02, 0xf9, 0x03, 0xfb, 0xfe, 0x06, 0xf8, 0x01, 0x02, 
    0x06, 0xfd, 0x06, 0xfe, 0x00, 0xfa, 0x07, 0x04, 0xfe, 0xfd, 0xff, 0x08, 
    0x06, 0x02, 0x05, 0x01, 0xfd, 0xfb, 0xff, 0xfa, 0x05, 0xfb, 0x07, 0x04, 
    0xff, 0x03, 0xfe, 0x03, 0xfb, 0xfc, 0x05, 0x03, 0x08, 0xf9, 0x02, 0x02, 
    0x02, 0xfe, 0xf9, 0x05, 0x01, 0x00, 0x05, 0x08, 0xfc, 0xfb, 0xfe, 0xfd, 
    0x04, 0x07, 0x01, 0xfa, 0xf9, 0x00, 0x07, 0x05, 0xff, 0x01, 0xfd, 0x04, 
    0x06, 0x07, 0x05, 0xff, 0xf8, 0xfe, 0xfa, 0xfe, 0xfd, 0xfc, 0xfe, 0x08, 
    0xfb, 0x03, 0x02, 0x04, 0x03, 0x03, 0x01, 0x04, 0x04, 0x08, 0x04, 0xfa, 
    0x04, 0xfc, 0x05, 0xfb, 0xfa, 0xfb, 0xfb, 0x01, 0xfb, 0xfe, 0x00, 0x00, 
    0xf9, 0xff, 0x00, 0x07, 0x03, 0x04, 0x03, 0xfd, 0xfc, 0x02, 0xfc, 0xf9, 
    0x05, 0x01, 0xfe, 0x05, 0x02, 0xfa, 0x00, 0x06, 0x01, 0x02, 0x06, 0x05, 
    0xfa, 0x01, 0x05, 0xfb, 0xff, 0xfd, 0x02, 0xfa, 0x06, 0xff, 0x03, 0x04, 
    0x07, 0x00, 0x00, 0x05, 0x00, 0x08, 0xfe, 0xf9, 0xfa, 0xff, 0xff, 0x05, 
    0xf9, 0xf9, 0x04, 0x06, 0x04, 0x02, 0xf9, 0xfb, 0xfd, 0xfc, 0x00, 0xff, 
    0x05, 0xfb, 0xff, 0xfe, 0x01, 0x07, 0x03, 0xff, 0x03, 0x01, 0xfa, 0xfa, 
    0xf8, 0xff, 0xff, 0xfd, 0xff, 0xf9, 0x03, 0x03, 0xfa, 0x02, 0x02, 0xfb, 
    0xfa, 0x00, 0xfa, 0x07, 0x04, 0x01, 0xfc, 0x01, 0x00, 0xfa, 0x00, 0xfb, 
    0x01, 0xfd, 0x03, 0x04, 0x03, 0x06, 0x03, 0x07, 0xfd, 0xff, 0x04, 0xf8, 
    0x04, 0x07, 0xfc, 0x07, 0xfc, 0xfd, 0x08, 0xfb, 0xfd, 0x08, 0xfc, 0xfe, 
    0x03, 0x02, 0x03, 0x08, 0x07, 0x07, 0xff, 0xf9, 0xfe, 0xfc, 0xfa, 0x05, 
    0x00, 0x01, 0xff, 0x02, 0xfe, 0x03, 0xfd, 0x08, 0x02, 0xfe, 0x01, 0xf9, 
    0x04, 0xfb, 0x05, 0x00, 0x00, 0x04, 0x05, 0xf9, 0xfc, 0xff, 0x03, 0x05, 
    0xff, 0x05, 0x01, 0x05, 0x03, 0xfd, 0x02, 0xfb, 0x00, 0xf8, 0x00, 0x07, 
    0xff, 0x07, 0x00, 0x05, 0xf8, 0x05, 0xfa, 0x04, 0x08, 0x06, 0xfc, 0xfc, 
    0x07, 0x03, 0x05, 0xfb, 0x08, 0xfe, 0x08, 0xff, 0xfa, 0x01, 0xfd, 0x01, 
    0x04, 0xf9, 0xf9, 0x00, 0xf9, 0x00, 0x01, 0xf8, 0xfb, 0x04, 0x00, 0x06, 
    0xfa, 0x02, 0xff, 0xfb, 0x02, 0xf8, 0x06, 0xff, 0x04, 0x00, 0x01, 0xfc, 
    0xfa, 0x07, 0xfe, 0x00, 0x01, 0xf8, 0x07, 0x07, 0x04, 0xf9, 0xfd, 0x00, 
    0xff, 0x03, 0xf8, 0x05, 0xfb, 0xfa, 0xff, 0x01, 0xfe, 0xfa, 0x00, 0x03, 
    0xfa, 0xfb, 0xfd, 0x07, 0x04, 0xfe, 0xf9, 0x06, 0xf9, 0x07, 0x06, 0xfa, 
    0x00, 0x06, 0xfe, 0x07, 0x06, 0x00, 0x02, 0xfe, 0xfa, 0xff, 0x05, 0x07, 
    0xfc, 0x00, 0xfa, 0x03, 0xfc, 0xfb, 0xfc, 0xfb, 0x07, 0xfa, 0xfb, 0x04, 
    0x01, 0x04, 0xfa, 0xfb, 0xfe, 0xfd, 0x06, 0xff, 0x01, 0xff, 0x01, 0xfa, 
    0x00, 0x03, 0xfa, 0x01, 0x02, 0xfe, 0xff, 0x01, 0xfb, 0x02, 0x04, 0x05, 
    0x03, 0xfe, 0x01, 0xf9, 0x04, 0x00, 0x08, 0x03, 0xff, 0x00, 0xf9, 0x06, 
    0xf9, 0xf9, 0x05, 0x03, 0x01, 0x04, 0x02, 0xfd, 0xff, 0xfa, 0x08, 0xfb, 
    0xfc, 0xff, 0xff, 0x03, 0xfa, 0xf9, 0xff, 0x00, 0x03, 0x02, 0xfe, 0xfc, 
    0xff, 0x05, 0x03, 0x01, 0xfd, 0xfc, 0xf9, 0xfb, 0x02, 0x07, 0xfd, 0x07, 
    0xf9, 0xf8, 0xfb, 0x05, 0xfb, 0x06, 0xfb, 0xf9, 0x07, 0xfc, 0x03, 0xfe, 
    0xfa, 0x02, 0x07, 0x08, 0x07, 0x06, 0x08, 0x03, 0x08, 0xf9, 0x04, 0x06, 
    0x05, 0x02, 0x08, 0x06, 0xfb, 0xfc, 0xfb, 0xfc, 0xfb, 0x06, 0x07, 0xfc, 
    0x03, 0xf9, 0xff, 0xfe, 0x07, 0x07, 0x01, 0x06, 0x04, 0xf9, 0x05, 0xfa, 
    0xfe, 0xfd, 0xfe, 0xf9, 0x05, 0xff, 0x05, 0x01, 0x04, 0x01, 0xfd, 0x01, 
    0x06, 0xff, 0x08, 0x00, 0x03, 0xfd, 0x01, 0x01, 0xfb, 0xfb, 0x05, 0x07, 
    0xf9, 0xff, 0x02, 0xfa, 0x03, 0x05, 0xfb, 0x01, 0xfa, 0x08, 0xff, 0x07, 
    0x07, 0xfd, 0xff, 0x01, 0x07, 0xfa, 0x07, 0x02, 0xfa, 0x00, 0x03, 0x03, 
    0x03, 0x00, 0xfb, 0x04, 0x01, 0x05, 0xfe, 0xfc, 0x03, 0x00, 0xfc, 0xfd, 
    0xf9, 0xfc, 0xfd, 0xfa, 0x07, 0xfa, 0x00, 0xf8, 0xf9, 0x01, 0x05, 0x03, 
    0xf8, 0x04, 0x06, 0x00, 0xf8, 0xfb, 0xfb, 0xf9, 0x04, 0xfe, 0xfc, 0xfe, 
    0x06, 0xfb, 0xff, 0xff, 0x05, 0x03, 0x00, 0xf8, 0xfe, 0x06, 0x02, 0x00, 
    0xfe, 0x01, 0xfc, 0x02, 0x03, 0x06, 0x04, 0xf8, 0xfe, 0x02, 0xfb, 0x06, 
    0xfa, 0x08, 0x06, 0x02, 0xff, 0xf9, 0x00, 0x04, 0x05, 0x06, 0x05, 0x01, 
    0xff, 0xfe, 0xf9, 0x05, 0x04, 0x06, 0x03, 0xfa, 0xff, 0xf9, 0x07, 0xff, 
    0x02, 0x01, 0x07, 0x05, 0xfc, 0xff, 0x05, 0x05, 0x07, 0x03, 0xfc, 0xfc, 
    0x08, 0x00, 0xf8, 0xff, 0xfe, 0x06, 0x02, 0x05, 0xff, 0x06, 0xfb, 0x07, 
    0x06, 0x06, 0x00, 0xfd, 0x02, 0x00, 0x00, 0x00, 0xff, 0x05, 0xfd, 0x01, 
    0x00, 0xfb, 0x08, 0xfa, 0xff, 0xfa, 0x01, 0xf8, 0xfe, 0xfd, 0xf9, 0xfb, 
    0x00, 0xfb, 0x02, 0x06, 0xff, 0x07, 0x02, 0xfe, 0xfe, 0xfa, 0x08, 0xfd, 
    0x08, 0x01, 0xfb, 0x06, 0x06, 0x05, 0xfc, 0xf9, 0x03, 0xfa, 0x01, 0x06, 
    0x01, 0x02, 0xf8, 0x04, 0xfe, 0x07, 0xfb, 0xfc, 0x01, 0x02, 0xff, 0x05, 
    0x07, 0x04, 0xf9, 0xfc, 0xfb, 0x01, 0xfb, 0x08, 0xfb, 0x05, 0x06, 0x06, 
    0xfd, 0x07, 0x08, 0xf9, 0x00, 0x05, 0x04, 0xfe, 0x08, 0xfe, 0xff, 0x06, 
    0x05, 0x06, 0x02, 0x05, 0xfa, 0xff, 0xff, 0xfe, 0xfe, 0xfe, 0x02, 0x07, 
    0xfd, 0x05, 0xfb, 0x00, 0x02, 0x06, 0x00, 0x03, 0xfc, 0x08, 0xf8, 0x03, 
    0xff, 0x06, 0x07, 0x05, 0xfe, 0xf8, 0x05, 0xfb, 0xfb, 0xfc, 0x08, 0xfa, 
    0x04, 0x02, 0x02, 0xfd, 0xff, 0x00, 0x04, 0x08, 0xfa, 0xfb, 0xfd, 0xfc, 
    0x05, 0xfe, 0x00, 0xfd, 0xfb, 0x03, 0x07, 0x00, 0x01, 0xfd, 0xfc, 0xff, 
    0x00, 0xfe, 0x08, 0xfd, 0xfb, 0xfb, 0x07, 0x00, 0x03, 0x00, 0xfd, 0xf9, 
    0x01, 0xff, 0xfb, 0x07, 0x05, 0x01, 0xff, 0x05, 0x07, 0xfd, 0xff, 0x08, 
    0xf9, 0x06, 0x06, 0xf9, 0x05, 0x03, 0x01, 0xf9, 0xfe, 0x01, 0x04, 0xfa, 
    0xfd, 0xfc, 0x02, 0xfb, 0x08, 0xf9, 0xf8, 0xff, 0x06, 0xfb, 0x02, 0x00, 
    0xfc, 0xfc, 0xf9, 0xfd, 0xfb, 0xfd, 0x04, 0xfd, 0x07, 0x07, 0xfd, 0x00, 
    0x03, 0xfc, 0x06, 0xff, 0xfa, 0xfd, 0x04, 0xfd, 0x05, 0x03, 0xff, 0xfe, 
    0x01, 0xfe, 0x04, 0xfe, 0xf9, 0xfe, 0xfd, 0x00, 0x06, 0xf9, 0x02, 0x01, 
    0x03, 0xfc, 0xfa, 0xfc, 0xff, 0xf9, 0xf9, 0x00, 0x03, 0x07, 0x06, 0x05, 
    0x08, 0xf9, 0xfa, 0xf8, 0x02, 0x00, 0x03, 0xf9, 0x02, 0xfe, 0xfd, 0xfb, 
    0x06, 0x02, 0x05, 0xfa, 0x06, 0xfb, 0xfb, 0x06, 0x00, 0x04, 0xfd, 0xf9, 
    0xfe, 0x07, 0xfe, 0x00, 0x07, 0xfc, 0x05, 0xf8, 0xf8, 0x00, 0xfe, 0xf8, 
    0x05, 0x04, 0x05, 0xf9, 0x04, 0xff, 0x03, 0x02, 0xfa, 0x07, 0xff, 0xfa, 
    0x03, 0x07, 0x02, 0x04, 0xfb, 0x00, 0xfc, 0xfa, 0xff, 0x02, 0x01, 0x04, 
    0xfe, 0xfa, 0xfa, 0xff, 0x06, 0xfd, 0x02, 0x02, 0xfc, 0xfb, 0x02, 0xfa, 
    0xf8, 0xfe, 0xff, 0xfa, 0xf8, 0xf9, 0x02, 0x05, 0xfc, 0xfe, 0xfc, 0xff, 
    0x08, 0xfa, 0x07, 0xfb, 0xfc, 0xff, 0x04, 0xfa, 0xfc, 0x04, 0xff, 0x07, 
    0xf9, 0xf8, 0x06, 0xfe, 0xfb, 0xfb, 0xfb, 0xfb, 0x02, 0x08, 0xfe, 0xfc, 
    0xf9, 0xff, 0xfa, 0xfd, 0x06, 0x05, 0xfa, 0x04, 0x07, 0xf8, 0x08, 0xf9, 
    0xfb, 0x01, 0x06, 0x07, 0x04, 0x06, 0xfd, 0xf9, 0xfb, 0xfd, 0x00, 0xfd, 
    0xfc, 0xfe, 0xfa, 0xf8, 0x00, 0x04, 0x08, 0x01, 0x04, 0xfe, 0x01, 0x06, 
    0x03, 0x03, 0x03, 0x02, 0x07, 0x00, 0x07, 0xfa, 0x07, 0x03, 0xfa, 0x06, 
    0x00, 0x01, 0x04, 0x04, 0x06, 0x06, 0x06, 0x06, 0xfd, 0x05, 0xf9, 0xfb, 
    0x02, 0x04, 0x03, 0xfe, 0xfb, 0x00, 0x03, 0x05, 0x07, 0xfe, 0xfa, 0xfa, 
    0x04, 0xfe, 0x07, 0x05, 0xff, 0xfc, 0x08, 0xfb, 0xfc, 0xfb, 0x00, 0x04, 
    0xfc, 0x05, 0x04, 0xfc, 0x02, 0x01, 0x08, 0xfd, 0x01, 0xfd, 0x01, 0x02, 
    0x05, 0xf8, 0x02, 0x00, 0xff, 0xfc, 0xfb, 0x07, 0xfc, 0xfd, 0xff, 0xf9, 
    0x05, 0x05, 0x01, 0xf9, 0x03, 0x03, 0xfd, 0xf9, 0x01, 0x03, 0xfc, 0xfb, 
    0x04, 0xf9, 0x03, 0x04, 0xfc, 0x02, 0x06, 0x05, 0xfe, 0x01, 0x04, 0x05, 
    0x08, 0x02, 0x01, 0x07, 0x07, 0x00, 0xfe, 0x05, 0x03, 0xfc, 0x03, 0x02, 
    0xfb, 0x04, 0xfa, 0xfe, 0x01, 0x05, 0x05, 0xff, 0x04, 0x07, 0x05, 0xfc, 
    0x02, 0xfc, 0x07, 0xfe, 0x08, 0xff, 0x06, 0xfb, 0xfc, 0x04, 0xfb, 0xfd, 
    0xf8, 0xfe, 0xfa, 0x05, 0xfa, 0x03, 0x04, 0xfc, 0xf8, 0x05, 0xfd, 0x03, 
    0x00, 0x01, 0xfa, 0xfb, 0x04, 0x00, 0xfc, 0xfb, 0x01, 0x01, 0x04, 0x06, 
    0x02, 0xfa, 0xfe, 0x03, 0xfb, 0xfa, 0x03, 0x06, 0xff, 0xfe, 0xf8, 0x00, 
    0xfd, 0xff, 0xfb, 0x02, 0xfb, 0x02, 0x00, 0xf8, 0xf9, 0xfa, 0x02, 0xf8, 
    0xfd, 0x06, 0x02, 0x04, 0xfd, 0xf9, 0x01, 0x04, 0x05, 0xfd, 0x04, 0xfc, 
    0x08, 0xfc, 0xfb, 0x04, 0xfb, 0xfb, 0xfe, 0xfb, 0x05, 0x06, 0xfa, 0x07, 
    0x01, 0xfd, 0xfc, 0x05, 0x02, 0x05, 0x08, 0x03, 0xfc, 0x01, 0xfe, 0xfb, 
    0x04, 0xfd, 0x07, 0xfc, 0xfc, 0x03, 0xfd, 0xf9, 0xff, 0x02, 0x08, 0xfd, 
    0x04, 0x04, 0x06, 0xf9, 0x00, 0xf9, 0xff, 0xf8, 0x06, 0xfd, 0x08, 0x00, 
    0xfa, 0x04, 0xf8, 0xfb, 0xfc, 0xf9, 0x02, 0x06, 0x06, 0xf9, 0xf8, 0xfb, 
    0xfc, 0x03, 0xfc, 0x02, 0x08, 0x07, 0xfa, 0x02, 0x06, 0xff, 0x06, 0xfd, 
    0x02, 0xf8, 0xff, 0x07, 0x06, 0x03, 0x01, 0x07, 0xfa, 0x04, 0x02, 0x05, 
    0x06, 0xfd, 0xf9, 0xff, 0xfa, 0xff, 0xf8, 0xfb, 0x02, 0xfb, 0xfc, 0x05, 
    0x00, 0xfa, 0xfb, 0x02, 0x02, 0x03, 0xfe, 0x04, 0x05, 0xfd, 0xff, 0x02, 
    0xfd, 0xfa, 0xfc, 0xf9, 0xf9, 0x03, 0xfb, 0x03, 0xff, 0x04, 0x05, 0xfd, 
    0xfa, 0xfa, 0xff, 0xf9, 0xf9, 0x04, 0x01, 0x07, 0x06, 0xfb, 0xfb, 0x00, 
    0xfc, 0x00, 0xfd, 0x01, 0x07, 0x05, 0xfa, 0x02, 0x01, 0xff, 0x08, 0x02, 
    0xff, 0x04, 0xfc, 0xfa, 0x06, 0xff, 0xf8, 0xfe, 0x06, 0x04, 0xff, 0x07, 
    0xfd, 0xfc, 0xfe, 0x04, 0x05, 0x03, 0xfd, 0xff, 0x01, 0xfc, 0xfe, 0xf9, 
    0x04, 0xfb, 0x07, 0x00, 0x06, 0x06, 0x07, 0x00, 0xfc, 0x07, 0xfc, 0xff, 
    0x01, 0x03, 0x01, 0xfb, 0xfe, 0xf8, 0xfd, 0x04, 0x04, 0x03, 0x01, 0xfd, 
    0xfe, 0x03, 0xfd, 0xfb, 0xfc, 0x05, 0x00, 0x05, 0xfd, 0x02, 0x03, 0x04, 
    0xfb, 0xfa, 0xf9, 0x06, 0x07, 0x00, 0xff, 0xfe, 0xf9, 0xf9, 0x00, 0xfc, 
    0x07, 0x06, 0xfc, 0xfd, 0x00, 0xfa, 0xfd, 0x02, 0xfa, 0x07, 0x02, 0xf9, 
    0x06, 0xfb, 0xfc, 0xf9, 0xfd, 0x00, 0x05, 0x00, 0xfe, 0xfa, 0xf8, 0xff, 
    0xfd, 0xff, 0x03, 0xfa, 0x08, 0x08, 0xfc, 0xfc, 0xfc, 0x02, 0x05, 0xfb, 
    0x01, 0xff, 0x08, 0xff, 0x02, 0x07, 0x00, 0x06, 0xfe, 0x00, 0x00, 0xf8, 
    0xff, 0xfb, 0x06, 0x00, 0x07, 0xfb, 0xf9, 0xfa, 0xfd, 0x00, 0xfd, 0x05, 
    0x03, 0xfd, 0xf9, 0x04, 0x02, 0xfb, 0xff, 0x04, 0xf9, 0xfb, 0x06, 0x04, 
    0x01, 0xfd, 0xfd, 0x07, 0xfd, 0xfd, 0xfa, 0x03, 0xfc, 0xff, 0x08, 0x03, 
    0xff, 0xfa, 0xfd, 0xf8, 0x05, 0x01, 0x00, 0x02, 0xfd, 0xfe, 0x07, 0xfe, 
    0x04, 0xfa, 0xf9, 0xfb, 0x01, 0xfc, 0x05, 0x02, 0x04, 0x04, 0x07, 0x07, 
    0xf9, 0x04, 0x01, 0x02, 0x05, 0xfd, 0x07, 0x04, 0x03, 0xfb, 0xf8, 0xff, 
    0xfd, 0xfc, 0xf8, 0xf8, 0x01, 0x06, 0xfa, 0x04, 0x07, 0x01, 0xff, 0xfd, 
    0xf9, 0x05, 0xfc, 0x06, 0xf9, 0xff, 0x02, 0x01, 0xf9, 0x00, 0x06, 0xfd, 
    0x06, 0x04, 0xfe, 0x06, 0xf8, 0xfb, 0x05, 0x08, 0x01, 0xf8, 0x04, 0x04, 
    0x04, 0x07, 0x05, 0x08, 0xff, 0x00, 0xfd, 0xfa, 0xfb, 0xfb, 0x03, 0x07, 
    0x07, 0x03, 0x05, 0xfd, 0x04, 0x05, 0xfb, 0x04, 0x02, 0x02, 0xfe, 0x04, 
    0x00, 0x00, 0x01, 0xfc, 0x05, 0x04, 0x07, 0x03, 0xfc, 0xf8, 0x06, 0xfc, 
    0x06, 0xfc, 0xff, 0x00, 0x01, 0xfa, 0x04, 0x04, 0xff, 0xff, 0xfc, 0xfd, 
    0x00, 0xf8, 0xf9, 0x07, 0x02, 0x08, 0x07, 0xfe, 0xfd, 0x00, 0xf9, 0x04, 
    0xf8, 0xfc, 0xfd, 0xfa, 0xfb, 0x05, 0xf9, 0x07, 0x04, 0x02, 0x05, 0x04, 
    0x03, 0x07, 0xfb, 0xf8, 0x03, 0x02, 0xfd, 0xf9, 0x00, 0x02, 0xfe, 0x02, 
    0xfb, 0xf9, 0x05, 0xfb, 0x07, 0xf8, 0x06, 0x04, 0xff, 0x01, 0xfb, 0xfe, 
    0x04, 0x01, 0xfd, 0x05, 0xfa, 0x07, 0x04, 0x00, 0xfc, 0x03, 0xfe, 0x05, 
    0xfc, 0x02, 0xfe, 0x05, 0xfe, 0x02, 0xf8, 0x04, 0x00, 0x02, 0x05, 0x02, 
    0x01, 0x01, 0x00, 0x06, 0x07, 0x05, 0xfc, 0xf9, 0xfb, 0x04, 0x07, 0xf9, 
    0xff, 0xfd, 0xfa, 0xfd, 0xfc, 0x04, 0xff, 0xff, 0x03, 0xfd, 0x05, 0xfc, 
    0xfa, 0xfb, 0x05, 0xf9, 0x05, 0xfe, 0xfb, 0x00, 0xf9, 0xff, 0xf8, 0x04, 
    0xfc, 0x06, 0xf9, 0xfd, 0x01, 0x04, 0x06, 0x05, 0xfb, 0x01, 0x01, 0xfc, 
    0xfa, 0xfc, 0xfe, 0x02, 0xfb, 0x05, 0xfc, 0x00, 0x03, 0xfd, 0x04, 0xf8, 
    0x04, 0x01, 0x02, 0x08, 0xfb, 0x07, 0x07, 0x00, 0x05, 0xfe, 0x00, 0xfd, 
    0x02, 0x01, 0xf9, 0xfa, 0xfe, 0x02, 0xfe, 0x01, 0xf9, 0x03, 0xff, 0x08, 
    0xfb, 0x01, 0xfa, 0xf8, 0x04, 0x00, 0x06, 0x07, 0xfd, 0x07, 0x07, 0x00, 
    0xfb, 0x05, 0x05, 0x06, 0xff, 0x03, 0x00, 0xff, 0x04, 0x05, 0xfa, 0x01, 
    0x04, 0xfe, 0x08, 0xfd, 0x05, 0x03, 0xfd, 0x00, 0x04, 0x06, 0xff, 0xfa, 
    0x05, 0xf9, 0xfc, 0x03, 0xf9, 0xf9, 0xf9, 0x06, 0x05, 0xf9, 0x05, 0x03, 
    0xf8, 0x01, 0x07, 0x03, 0x08, 0x01, 0x00, 0x00, 0x00, 0x04, 0x01, 0xf9, 
    0x02, 0x04, 0xfc, 0x00, 0xfe, 0x07, 0xf9, 0x02, 0xfa, 0x07, 0x03, 0xfa, 
    0x05, 0xfd, 0xfb, 0x07, 0x07, 0xfb, 0xf8, 0x06, 0x05, 0xfb, 0xfa, 0x03, 
    0xfe, 0xfb, 0x00, 0xfe, 0x04, 0x00, 0x07, 0x06, 0x03, 0x00, 0xff, 0x00, 
    0xff, 0x05, 0x07, 0xff, 0x05, 0x08, 0xfd, 0xfc, 0xfe, 0xfe, 0xfa, 0x07, 
    0x00, 0x06, 0xfc, 0x05, 0x04, 0xfe, 0x05, 0x03, 0x03, 0x07, 0xfc, 0x02, 
    0xff, 0xfe, 0x04, 0x06, 0x02, 0x06, 0x04, 0x03, 0xfd, 0x07, 0xf9, 0x02, 
    0xf8, 0x00, 0xfa, 0xff, 0x08, 0xfa, 0x00, 0xfc, 0x01, 0x02, 0x04, 0x04, 
    0xfa, 0x05, 0x04, 0xff, 0xf9, 0xfb, 0xf9, 0xfa, 0xfa, 0x03, 0x01, 0xf8, 
    0x04, 0xfc, 0x06, 0x03, 0xff, 0xfe, 0xf9, 0xff, 0x04, 0x03, 0xfa, 0x05, 
    0x04, 0x03, 0x05, 0x06, 0x04, 0xfb, 0xfe, 0x02, 0xff, 0x01, 0x06, 0xfc, 
    0xfc, 0xfc, 0x00, 0x03, 0xff, 0x00, 0xfc, 0xff, 0x06, 0xfc, 0x04, 0x00, 
    0x07, 0x06, 0xf9, 0xfa, 0x04, 0xfd, 0xfc, 0xfd, 0x08, 0x03, 0xf9, 0xfa, 
    0xfc, 0x06, 0xfc, 0x08, 0x05, 0xff, 0xfd, 0x06, 0x08, 0x06, 0x00, 0x04, 
    0xf9, 0x06, 0x02, 0x05, 0xfd, 0x02, 0xfc, 0x00, 0x03, 0x08, 0xfb, 0x08, 
    0xff, 0x02, 0x02, 0xfe, 0xfc, 0x04, 0x02, 0xfe, 0x07, 0xf9, 0xfa, 0xfa, 
    0xf9, 0xf9, 0x05, 0xff, 0xfa, 0xfa, 0x02, 0xfc, 0x04, 0x00, 0xfd, 0x02, 
    0x02, 0x04, 0xfb, 0x05, 0xfd, 0x07, 0x06, 0xf9, 0xf9, 0xf8, 0xff, 0x01, 
    0xf8, 0x05, 0x05, 0xfe, 0x04, 0xfa, 0xfe, 0xff, 0xf8, 0xff, 0x01, 0x07, 
    0xff, 0x04, 0x05, 0x05, 0xfd, 0xff, 0xfa, 0x01, 0x00, 0x03, 0xf8, 0xf9, 
    0xfb, 0xff, 0x05, 0xfd, 0x01, 0xfd, 0xf9, 0xf9, 0x06, 0x04, 0x06, 0x06, 
    0x06, 0x04, 0x01, 0x01, 0xfe, 0xff, 0xf9, 0x01, 0x00, 0xf8, 0x05, 0x06, 
    0x02, 0xf9, 0xff, 0xf9, 0x00, 0x01, 0xff, 0xfc, 0xfb, 0x02, 0x04, 0xff, 
    0x04, 0xfb, 0xfa, 0x01, 0xfd, 0xf9, 0xfd, 0xfe, 0xff, 0xfc, 0xff, 0xfe, 
    0x01, 0xfb, 0xfa, 0x07, 0xfb, 0x07, 0x07, 0xff, 0xf9, 0x00, 0x06, 0xfc, 
    0x06, 0x03, 0xf9, 0xf9, 0xfb, 0xfe, 0x06, 0xff, 0xfb, 0x07, 0xff, 0x03, 
    0x05, 0x00, 0x02, 0xfe, 0x05, 0x06, 0x01, 0xfb, 0x07, 0xfb, 0xfa, 0xf8, 
    0xf9, 0x04, 0x06, 0x01, 0xff, 0x02, 0xfb, 0xfc, 0x01, 0xf8, 0x02, 0xfc, 
    0xfd, 0x03, 0x01, 0xf9, 0x05, 0xfb, 0x08, 0xf9, 0xfa, 0xfb, 0x03, 0xf9, 
    0x07, 0xfb, 0x04, 0xfa, 0x07, 0x04, 0x01, 0x01, 0x06, 0xfc, 0x06, 0x02, 
    0x00, 0xfe, 0xfb, 0x05, 0xfe, 0xfc, 0x02, 0xfa, 0x05, 0x03, 0x05, 0x01, 
    0xfb, 0x03, 0x03, 0xff, 0x01, 0x01, 0x05, 0xfe, 0xf9, 0xfc, 0xfd, 0x00, 
    0xf9, 0x06, 0x03, 0x03, 0xfd, 0xfd, 0x02, 0xfe, 0x06, 0x05, 0x05, 0xfd, 
    0x07, 0x02, 0x01, 0xf9, 0x06, 0x07, 0x04, 0x05, 0x03, 0x01, 0xfc, 0xfb, 
    0xf8, 0x05, 0x05, 0x03, 0xfe, 0xfa, 0xfc, 0x02, 0x07, 0xfa, 0x04, 0x02, 
    0x00, 0xfb, 0xf9, 0xfc, 0xfa, 0x01, 0x03, 0xf9, 0x02, 0x03, 0xfe, 0xfb, 
    0x07, 0xfb, 0x07, 0x07, 0x00, 0xff, 0xfd, 0xfc, 0x05, 0xff, 0x05, 0x01, 
    0x04, 0x00, 0xfe, 0xfe, 0xfd, 0x05, 0xfd, 0xff, 0xff, 0xfa, 0xfa, 0x02, 
    0xfc, 0x03, 0xfd, 0x01, 0xfa, 0xf9, 0xf8, 0x00, 0x02, 0xff, 0xfe, 0x08, 
    0xfe, 0x05, 0xfc, 0xff, 0xf9, 0x02, 0xfb, 0x02, 0xfe, 0xfd, 0xfa, 0xfd, 
    0x04, 0x02, 0x04, 0xf8, 0x00, 0x04, 0x03, 0xfd, 0x03, 0x01, 0x07, 0xff, 
    0x06, 0xf9, 0xfe, 0xfc, 0x00, 0x04, 0xfd, 0xfb, 0x02, 0xff, 0x01, 0xf9, 
    0x00, 0xfc, 0xfb, 0xfc, 0xf9, 0x08, 0x07, 0xf9, 0x01, 0x02, 0x03, 0x07, 
    0x07, 0x08, 0x06, 0xf9, 0xfe, 0x01, 0x05, 0x03, 0x01, 0xfa, 0xff, 0xfb, 
    0xfc, 0x02, 0x04, 0xfc, 0x08, 0x06, 0xff, 0x04, 0xfd, 0x01, 0xfb, 0x06, 
    0x05, 0xfc, 0x06, 0xfb, 0x04, 0x03, 0xfd, 0xf8, 0xfb, 0x07, 0x06, 0x07, 
    0x07, 0x00, 0xff, 0x04, 0xfe, 0xfb, 0x07, 0x00, 0xfa, 0x05, 0xff, 0x03, 
    0xfc, 0xf9, 0x06, 0xfb, 0xff, 0x02, 0xfb, 0xf9, 0xf9, 0x04, 0x03, 0xf9, 
    0x00, 0x07, 0xfe, 0xfa, 0xff, 0xfe, 0xfa, 0xfa, 0xff, 0xfe, 0xfa, 0xfc, 
    0x03, 0xf8, 0x08, 0x03, 0x02, 0xfc, 0xfa, 0xfd, 0x06, 0xff, 0xf9, 0xf9, 
    0x04, 0x07, 0x00, 0xf9, 0x06, 0xfa, 0x03, 0x06, 0xfb, 0x04, 0x06, 0x02, 
    0xf9, 0xfa, 0x02, 0x05, 0xfb, 0xfe, 0xfb, 0xfc, 0xfa, 0xff, 0xf9, 0x04, 
    0x02, 0xf9, 0x01, 0xff, 0xfd, 0x08, 0xfc, 0x03, 0x07, 0x01, 0xfd, 0x08, 
    0xf8, 0x05, 0xfc, 0x04, 0x02, 0x04, 0xfc, 0x00, 0x08, 0xfd, 0x04, 0x04, 
    0x04, 0x02, 0xfc, 0xf9, 0xfd, 0x05, 0x00, 0xf9, 0x01, 0xfe, 0x08, 0xfe, 
    0x00, 0x00, 0x02, 0xfc, 0x04, 0xf9, 0x02, 0xf9, 0x05, 0x01, 0xfe, 0x04, 
    0xf8, 0x04, 0xfd, 0x02, 0x00, 0xfd, 0xff, 0xfe, 0x06, 0x02, 0xfd, 0x04, 
    0x00, 0x04, 0xf8, 0xf9, 0xfd, 0x03, 0x04, 0xf9, 0xfb, 0xff, 0x07, 0xfb, 
    0xfd, 0x02, 0x00, 0xff, 0x08, 0xfc, 0x02, 0x01, 0x03, 0x05, 0xfd, 0xfb, 
    0x01, 0x00, 0x01, 0xff, 0xf9, 0xf9, 0x03, 0x05, 0x07, 0x03, 0x00, 0x01, 
    0xff, 0xf9, 0x03, 0x03, 0x03, 0xfd, 0x03, 0x04, 0xf9, 0xff, 0xff, 0xfb, 
    0x07, 0xfc, 0x04, 0xfb, 0x04, 0x05, 0x04, 0x04, 0xfd, 0x02, 0xfa, 0x05, 
    0x04, 0x01, 0xff, 0x05, 0xfc, 0x08, 0x00, 0xfe, 0x04, 0x05, 0x08, 0x01, 
    0x01, 0x02, 0x01, 0x03, 0xfb, 0x00, 0x07, 0x00, 0x01, 0x01, 0xfb, 0xff, 
    0x04, 0xfd, 0xf8, 0xf8, 0x01, 0xfc, 0x04, 0x06, 0x02, 0xfc, 0x04, 0xfe, 
    0x03, 0xfc, 0xff, 0xfb, 0x03, 0x02, 0xf9, 0x03, 0xfb, 0xfa, 0x07, 0x08, 
    0xfb, 0x05, 0x07, 0xf8, 0xf9, 0xf9, 0x00, 0x04, 0xff, 0xfa, 0x06, 0x03, 
    0xfd, 0xfe, 0x06, 0x04, 0x00, 0xf9, 0xf9, 0x01, 0xf8, 0xfd, 0xfc, 0xf8, 
    0x01, 0xfc, 0xfa, 0xff, 0x00, 0xf9, 0xf9, 0xf9, 0xf8, 0xfc, 0xfb, 0x00, 
    0x02, 0xfc, 0xf9, 0x01, 0xfe, 0xf9, 0x03, 0x06, 0x03, 0x07, 0x04, 0xfc, 
    0x03, 0x07, 0xfa, 0xfe, 0x02, 0x01, 0x02, 0xff, 0xfe, 0xff, 0x00, 0xfb, 
    0x06, 0xfb, 0x05, 0x00, 0x04, 0xfa, 0x00, 0x02, 0xfa, 0xfe, 0xff, 0x03, 
    0x08, 0x02, 0xfc, 0x06, 0x03, 0x04, 0x07, 0x01, 0x02, 0xff, 0x00, 0x06, 
    0x06, 0xff, 0x03, 0x04, 0x06, 0x06, 0xfa, 0x01, 0x06, 0xfc, 0xff, 0xf9, 
    0xfc, 0xfa, 0x04, 0x06, 0x02, 0x08, 0x02, 0x04, 0x00, 0xfd, 0x06, 0xfc, 
    0x03, 0xfe, 0xfe, 0xfe, 0xfb, 0x07, 0xfe, 0x06, 0xfe, 0x06, 0x08, 0xfc, 
    0xfb, 0x04, 0x08, 0x00, 0x02, 0xfe, 0xfb, 0x06, 0xfa, 0x04, 0xfb, 0x04, 
    0x06, 0x00, 0xfb, 0xf9, 0xf9, 0xf9, 0x02, 0x02, 0x00, 0x03, 0x07, 0xfa, 
    0x08, 0xfd, 0x00, 0xfa, 0x02, 0x00, 0xfd, 0xfe, 0x06, 0xfd, 0xf8, 0xfd, 
    0xfc, 0xf8, 0x01, 0x02, 0x00, 0xfe, 0x06, 0xfa, 0xf9, 0xf8, 0xf9, 0x02, 
    0xfb, 0x04, 0x01, 0x04, 0xf8, 0xff, 0x03, 0x00, 0xfe, 0xf9, 0x01, 0xff, 
    0xfe, 0xfb, 0x07, 0x01, 0xf8, 0x08, 0x02, 0xf9, 0xfb, 0xfd, 0xfd, 0xff, 
    0x03, 0xfb, 0x07, 0x06, 0xf9, 0x08, 0xfe, 0x03, 0xf9, 0xf8, 0x02, 0xfd, 
    0xfe, 0x03, 0x06, 0xf8, 0xf9, 0xfe, 0x08, 0xfa, 0xfc, 0xfe, 0xf9, 0xfb, 
    0x00, 0x04, 0xf8, 0xff, 0xf8, 0x01, 0xf9, 0x06, 0xfe, 0xff, 0x06, 0xfa, 
    0xff, 0x07, 0x03, 0x07, 0x02, 0x06, 0xfe, 0xf9, 0x01, 0x08, 0x05, 0xfb, 
    0xfb, 0xfa, 0x08, 0x02, 0xff, 0xfd, 0x07, 0xfb, 0x07, 0xfa, 0x07, 0x04, 
    0xfb, 0xfb, 0x07, 0xf9, 0xfc, 0xfa, 0xff, 0x06, 0xfb, 0x00, 0xf9, 0xfd, 
    0xf9, 0x00, 0x03, 0xf9, 0x05, 0x07, 0x07, 0x00, 0xfa, 0x01, 0x03, 0xf9, 
    0xfc, 0x05, 0x05, 0xfb, 0x02, 0xf8, 0xfb, 0xfe, 0xf9, 0x07, 0xf9, 0x07, 
    0xff, 0xfa, 0xfd, 0x05, 0xfa, 0x06, 0x03, 0xfd, 0xff, 0xfa, 0x04, 0x04, 
    0xfd, 0x03, 0xfa, 0x03, 0x05, 0x07, 0x00, 0x04, 0x02, 0x06, 0x05, 0xff, 
    0xf8, 0xf8, 0x07, 0x00, 0x05, 0x08, 0x01, 0xfe, 0xf8, 0x06, 0xf9, 0xfc, 
    0x04, 0x03, 0xf9, 0xfd, 0x00, 0xfe, 0x07, 0x03, 0xff, 0xff, 0xfc, 0xfa, 
    0x07, 0x07, 0xfd, 0xfd, 0x06, 0x03, 0xff, 0x02, 0x07, 0x05, 0x04, 0xfd, 
    0xf9, 0x06, 0xff, 0x06, 0xff, 0xf9, 0xfa, 0xfc, 0x04, 0xfe, 0x00, 0x00, 
    0xfd, 0x04, 0x06, 0xfe, 0x01, 0xff, 0xfa, 0xfd, 0xfa, 0xfa, 0xf9, 0xfc, 
    0x04, 0x06, 0x02, 0xf9, 0xf9, 0x07, 0x04, 0x08, 0x03, 0xfa, 0x05, 0xfe, 
    0xfc, 0xfa, 0x08, 0x04, 0xfe, 0x03, 0x01, 0xfc, 0xfb, 0xfb, 0xf9, 0xfa, 
    0x05, 0x02, 0x03, 0x04, 0xf8, 0xfc, 0xf8, 0x07, 0x00, 0xfe, 0xfb, 0xfe, 
    0xfa, 0x03, 0xff, 0xfa, 0x05, 0x07, 0xfd, 0xfa, 0x01, 0x01, 0xfe, 0xfd, 
    0x04, 0xfd, 0x07, 0x04, 0x07, 0x01, 0xfd, 0x01, 0x03, 0xfe, 0xfe, 0x00, 
    0x00, 0xff, 0x01, 0x04, 0xfd, 0x05, 0xfb, 0xfb, 0x03, 0x08, 0xfa, 0x07, 
    0xfe, 0x08, 0x06, 0x04, 0xfe, 0xf9, 0x05, 0xf8, 0x00, 0x01, 0xfd, 0x07, 
    0x03, 0x02, 0xfd, 0xff, 0x08, 0x08, 0xfa, 0x03, 0xfd, 0x06, 0xfc, 0xfc, 
    0xf9, 0x08, 0xff, 0xff, 0x06, 0xfa, 0x02, 0xf9, 0xfd, 0x03, 0x05, 0xfd, 
    0x01, 0x07, 0xfa, 0x08, 0xfd, 0xfb, 0x00, 0x06, 0xf9, 0x01, 0xfc, 0x00, 
    0xf9, 0x08, 0xfb, 0x05, 0x04, 0xfe, 0xfa, 0xfb, 0xfc, 0xf9, 0xff, 0x00, 
    0x04, 0xfc, 0xff, 0xfe, 0xff, 0xfc, 0xff, 0x01, 0x06, 0x06, 0xfe, 0xf9, 
    0x07, 0xfa, 0xf8, 0x00, 0x04, 0x08, 0x06, 0xfc, 0x00, 0x03, 0x05, 0xfb, 
    0xfa, 0x05, 0x00, 0xfa, 0x06, 0x04, 0xff, 0x06, 0x05, 0xff, 0x03, 0xfa, 
    0xfc, 0xfe, 0x07, 0x00, 0xfb, 0x06, 0x07, 0x02, 0xfd, 0x03, 0x04, 0x03, 
    0x08, 0xfd, 0xfe, 0xff, 0x05, 0x04, 0xfa, 0x01, 0xfe, 0x06, 0xfd, 0x01, 
    0x07, 0xff, 0x02, 0x06, 0xfd, 0x02, 0xfb, 0x00, 0xff, 0xff, 0x05, 0xfe, 
    0xf9, 0xf9, 0x07, 0xfe, 0xfc, 0x03, 0x06, 0xfe, 0xfb, 0x00, 0x07, 0xfd, 
    0x07, 0xf9, 0xfb, 0x06, 0xfa, 0x03, 0x06, 0xfa, 0x02, 0x03, 0x02, 0x04, 
    0xfd, 0x02, 0x02, 0x00, 0x00, 0x05, 0xfb, 0x05, 0x05, 0x01, 0x04, 0xff, 
    0xfa, 0x04, 0x02, 0x07, 0x06, 0xf9, 0x04, 0x05, 0xfe, 0xfa, 0xff, 0x04, 
    0xf8, 0xfa, 0x00, 0xff, 0x03, 0xfe, 0xf8, 0x07, 0xfa, 0x05, 0xff, 0x03, 
    0x02, 0x04, 0xfc, 0xfc, 0x00, 0x06, 0xfd, 0x03, 0x00, 0x00, 0xfe, 0xfb, 
    0xfe, 0x02, 0xfc, 0x00, 0xf9, 0xfe, 0xf9, 0xf8, 0x01, 0xfe, 0x08, 0xff, 
    0xfc, 0xfd, 0x01, 0x05, 0xfd, 0xf9, 0x00, 0x03, 0x00, 0x01, 0xfa, 0x07, 
    0xf9, 0xfa, 0x05, 0x08, 0xff, 0xf9, 0x05, 0x05, 0xfd, 0xfa, 0xff, 0xfb, 
    0xfe, 0x08, 0xfb, 0x05, 0x01, 0x05, 0x04, 0x08, 0xf8, 0xfe, 0x01, 0xfa, 
    0xfc, 0x07, 0xfc, 0x03, 0x01, 0x02, 0xf9, 0x06, 0x00, 0xfd, 0xf8, 0x04, 
    0xfb, 0x00, 0xfe, 0x02, 0xfb, 0xf8, 0x01, 0x05, 0x05, 0x05, 0xfd, 0x02, 
    0x03, 0x04, 0xfc, 0x02, 0xfa, 0x07, 0x02, 0xfe, 0xf9, 0x00, 0xfa, 0xfa, 
    0xfa, 0xfb, 0xfc, 0xfb, 0xf8, 0x07, 0x02, 0xff, 0x02, 0xfe, 0xfc, 0x01, 
    0x07, 0xfb, 0xf8, 0xfc, 0x06, 0x01, 0x00, 0xfa, 0xfb, 0x01, 0x02, 0xfc, 
    0x06, 0x08, 0x05, 0x05, 0xfb, 0x05, 0xfb, 0xfb, 0x06, 0xfb, 0xfc, 0x05, 
    0x00, 0xfa, 0xfa, 0x06, 0x04, 0x04, 0xf9, 0x01, 0xfc, 0x01, 0xf9, 0x00, 
    0x01, 0x04, 0x08, 0x06, 0xfb, 0x01, 0x04, 0x01, 0xfc, 0xfd, 0x06, 0xfc, 
    0x00, 0x07, 0xfb, 0x01, 0xfd, 0xfb, 0x04, 0xf8, 0xfa, 0x06, 0x05, 0x03, 
    0x05, 0x02, 0x04, 0x01, 0xfe, 0xfb, 0x05, 0xfa, 0xfb, 0xfe, 0xf8, 0x06, 
    0x03, 0xfc, 0x03, 0x07, 0xfa, 0x00, 0x07, 0xff, 0x06, 0xfa, 0x03, 0x00, 
    0xfe, 0x04, 0xf8, 0xf8, 0xfa, 0xfc, 0xf9, 0xfa, 0xfc, 0x03, 0x03, 0xff, 
    0x07, 0xfb, 0x02, 0xfb, 0x01, 0xff, 0x07, 0x07, 0xfb, 0x03, 0xfd, 0x01, 
    0xff, 0xfc, 0xfb, 0xff, 0x05, 0xfa, 0xfb, 0xfc, 0xfc, 0xfe, 0xfb, 0xfb, 
    0x02, 0xf8, 0xfd, 0x07, 0x04, 0x05, 0x00, 0xfa, 0x01, 0x04, 0x01, 0x05, 
    0xfa, 0x04, 0x01, 0xf9, 0x06, 0x06, 0xfc, 0xfb, 0xfe, 0x02, 0x05, 0xfd, 
    0xfd, 0x01, 0x05, 0x02, 0xf9, 0xfd, 0x05, 0x01, 0x05, 0x07, 0xfc, 0xfe, 
    0x07, 0x00, 0x06, 0x06, 0xfd, 0xfe, 0x07, 0xfb, 0xf9, 0x01, 0xfc, 0x01, 
    0xf9, 0x04, 0xfa, 0x06, 0x05, 0xfc, 0x00, 0xfe, 0xf9, 0x03, 0x03, 0xfa, 
    0x03, 0x05, 0x06, 0xff, 0x03, 0xfc, 0x07, 0x00, 0x05, 0xfc, 0x07, 0xfb, 
    0x00, 0x06, 0xfa, 0x08, 0x03, 0xf8, 0x08, 0x00, 0x06, 0xff, 0x04, 0x08, 
    0x05, 0xfe, 0xfa, 0xfb, 0xfb, 0xff, 0x01, 0xfc, 0xfa, 0xfe, 0xfc, 0xfc, 
    0xf9, 0xfe, 0x04, 0xf8, 0xfa, 0x07, 0x08, 0xff, 0x02, 0xfe, 0xf8, 0xfa, 
    0x06, 0xf9, 0x01, 0x01, 0x02, 0xfb, 0xf8, 0x07, 0x07, 0x08, 0x01, 0xfe, 
    0xfb, 0xfa, 0x06, 0xfd, 0xfb, 0x07, 0x02, 0xfb, 0xfd, 0xf9, 0x01, 0xfb, 
    0x05, 0x07, 0x05, 0x04, 0xff, 0xf9, 0x01, 0x03, 0xfe, 0x05, 0xff, 0x00, 
    0xfd, 0xfd, 0xfb, 0x02, 0x01, 0x08, 0x03, 0xf9, 0x02, 0x05, 0x03, 0xfb, 
    0x06, 0xfe, 0x00, 0xfa, 0x06, 0xfc, 0xfe, 0xfa, 0x02, 0x07, 0xf8, 0x06, 
    0x05, 0x02, 0xfa, 0x07, 0x00, 0x02, 0x05, 0xf9, 0xfd, 0xfb, 0x00, 0xff, 
    0xfc, 0xf8, 0xf8, 0x01, 0x05, 0xf9, 0x00, 0xf8, 0x00, 0x08, 0xfc, 0xff, 
    0x04, 0x02, 0x07, 0x05, 0x02, 0xfb, 0x08, 0xff, 0x00, 0xfe, 0xf9, 0x01, 
    0xf9, 0x04, 0x04, 0xf9, 0xf8, 0xfa, 0xfa, 0xfb, 0xfb, 0xfd, 0xf9, 0x03, 
    0x01, 0xf8, 0xfe, 0x07, 0xfc, 0x06, 0x00, 0xfd, 0xfb, 0x00, 0xfc, 0x06, 
    0x07, 0x06, 0x06, 0xff, 0x05, 0xf9, 0x06, 0xff, 0x07, 0x06, 0xff, 0xfb, 
    0xf8, 0xf9, 0xff, 0x04, 0xfc, 0xfb, 0x02, 0x05, 0x03, 0xfc, 0x04, 0xfa, 
    0x07, 0xfc, 0xfe, 0x01, 0x08, 0xfb, 0xf9, 0x08, 0x04, 0xff, 0xfc, 0x00, 
    0x04, 0xfa, 0xfd, 0xfa, 0xfa, 0x01, 0xfa, 0x07, 0x03, 0xfb, 0x01, 0xfb, 
    0x04, 0x03, 0xfa, 0x04, 0x04, 0xf9, 0xfb, 0x05, 0xfa, 0xf9, 0x02, 0xfb, 
    0x07, 0x08, 0x06, 0xfc, 0x05, 0x07, 0xfa, 0xfb, 0x00, 0x06, 0x01, 0xfa, 
    0xfe, 0x03, 0x05, 0xff, 0x06, 0x00, 0xfb, 0x08, 0xff, 0xff, 0xff, 0xfd, 
    0xfc, 0x05, 0x00, 0xf9, 0x01, 0xf9, 0x07, 0x00, 0x00, 0x01, 0xfc, 0x06, 
    0x04, 0xfb, 0x01, 0x04, 0x00, 0x04, 0x04, 0xfa, 0x08, 0x01, 0x03, 0xfd, 
    0xfc, 0x00, 0x05, 0x01, 0x04, 0x01, 0xfd, 0xff, 0x03, 0x03, 0x03, 0xff, 
    0x03, 0xfe, 0xfe, 0xfb, 0x02, 0xff, 0xf8, 0xf8, 0xfb, 0xfc, 0xfd, 0x03, 
    0xff, 0xfe, 0xfb, 0x03, 0xff, 0xff, 0x06, 0xfb, 0xfa, 0x01, 0x04, 0x06, 
    0x00, 0xf9, 0xfe, 0xf8, 0xfe, 0xfe, 0xff, 0x04, 0xff, 0xfc, 0xf8, 0x00, 
    0x06, 0x01, 0x07, 0x01, 0xfa, 0xfb, 0xfb, 0xff, 0x05, 0xf9, 0x00, 0xfe, 
    0xfc, 0x03, 0xfc, 0xf9, 0x00, 0x04, 0x07, 0xfd, 0x01, 0x06, 0xfc, 0x01, 
    0xff, 0xfd, 0x00, 0x04, 0xfd, 0xf9, 0xfa, 0xfe, 0xf9, 0x00, 0xf9, 0x05, 
    0x02, 0xfa, 0xfe, 0xff, 0x04, 0xf9, 0xfa, 0xfd, 0x08, 0xff, 0xfa, 0xfa, 
    0xfc, 0x03, 0x06, 0x03, 0x07, 0x04, 0xfb, 0xfe, 0x08, 0x02, 0x07, 0xfe, 
    0x05, 0xfa, 0xf9, 0xf9, 0xfe, 0x00, 0x05, 0x07, 0x05, 0xfb, 0x05, 0x07, 
    0x05, 0xfc, 0x03, 0x04, 0xfb, 0x03, 0x00, 0xf9, 0x02, 0x07, 0x02, 0xfd, 
    0xfd, 0x03, 0x01, 0x08, 0xfe, 0x07, 0x02, 0x06, 0x02, 0x05, 0x04, 0x01, 
    0xfa, 0x08, 0x06, 0xfc, 0x01, 0xfe, 0xfa, 0xfe, 0xfa, 0x05, 0xfa, 0xff, 
    0xf9, 0xfb, 0xfa, 0xff, 0xf9, 0x01, 0x03, 0xfe, 0x03, 0xfc, 0x07, 0x06, 
    0x06, 0x06, 0x08, 0x08, 0x00, 0xfe, 0x03, 0xfe, 0xfc, 0x03, 0xf9, 0x04, 
    0x06, 0xfa, 0xfe, 0x04, 0xf9, 0x07, 0x04, 0xff, 0x03, 0x00, 0x05, 0xf9, 
    0x01, 0xf9, 0xfe, 0xfa, 0x01, 0x00, 0xf8, 0x06, 0xff, 0x01, 0xfd, 0x03, 
    0x02, 0xf9, 0xff, 0xff, 0xfa, 0xf8, 0x07, 0xfb, 0x07, 0x06, 0x00, 0x01, 
    0x01, 0x05, 0x01, 0x01, 0x02, 0x02, 0xfa, 0xfa, 0xf9, 0x05, 0x07, 0x00, 
    0xfd, 0x07, 0x02, 0x06, 0xff, 0x07, 0x07, 0x06, 0x08, 0xfb, 0xff, 0x05, 
    0x01, 0x02, 0x05, 0xff, 0xff, 0x01, 0x03, 0xfa, 0x00, 0x02, 0x02, 0xfc, 
    0x02, 0x00, 0xfd, 0xfd, 0x02, 0x05, 0x01, 0xfb, 0xfb, 0xfc, 0xfd, 0x07, 
    0xf8, 0x04, 0xfb, 0x04, 0x02, 0x00, 0x04, 0xfb, 0x08, 0xfb, 0xfc, 0x06, 
    0xfb, 0x07, 0x03, 0x02, 0x07, 0x02, 0x01, 0xfe, 0x01, 0x04, 0xfc, 0x00, 
    0xfb, 0x07, 0xfc, 0x02, 0x02, 0x08, 0x05, 0x04, 0x06, 0x01, 0xfb, 0x02, 
    0x03, 0x03, 0xf8, 0xfc, 0xfd, 0x00, 0xfd, 0x06, 0x01, 0x02, 0xfd, 0xfc, 
    0x02, 0x06, 0xfb, 0xf9, 0x07, 0xff, 0xfc, 0xfe, 0xf9, 0x07, 0xfc, 0x04, 
    0xfe, 0xfb, 0x01, 0x07, 0xf9, 0x06, 0x03, 0x06, 0x00, 0x05, 0x04, 0x00, 
    0x01, 0xff, 0x01, 0xfc, 0xff, 0x02, 0xfe, 0xff, 0xf8, 0xf8, 0x05, 0xff, 
    0x08, 0x06, 0x01, 0x00, 0xff, 0x08, 0xfb, 0x02, 0xfa, 0x07, 0xf9, 0xfc, 
    0xff, 0x05, 0xff, 0xfe, 0xfe, 0x07, 0xf9, 0x03, 0xff, 0xfb, 0x01, 0x03, 
    0x03, 0xfa, 0x02, 0x01, 0x00, 0x08, 0x02, 0xfc, 0xfc, 0x05, 0x08, 0x07, 
    0x07, 0x04, 0x03, 0x07, 0xff, 0x04, 0x03, 0x06, 0xf9, 0xfe, 0xff, 0xf9, 
    0x02, 0x06, 0x03, 0xfa, 0x04, 0x01, 0x08, 0x04, 0x01, 0xfb, 0xf9, 0xfd, 
    0xfe, 0x05, 0xff, 0xfe, 0x00, 0x06, 0x03, 0xf8, 0xf8, 0x01, 0x06, 0x05, 
    0xf9, 0x00, 0x05, 0xfa, 0x05, 0xfa, 0x04, 0x08, 0x01, 0xfc, 0xfc, 0x03, 
    0x03, 0x02, 0x07, 0xfc, 0x03, 0xf9, 0xfb, 0x03, 0xfb, 0x00, 0xfe, 0xfb, 
    0x06, 0xfa, 0x07, 0x04, 0x03, 0xff, 0xfd, 0x07, 0x07, 0xfa, 0xfb, 0x03, 
    0xf9, 0x04, 0x03, 0xfe, 0xf8, 0x06, 0x02, 0x04, 0xf8, 0x02, 0x06, 0x04, 
    0x03, 0x00, 0xfa, 0x04, 0xfd, 0x02, 0x02, 0xfe, 0xf8, 0x01, 0xff, 0x07, 
    0x01, 0xfe, 0x07, 0x05, 0xf8, 0xff, 0xff, 0x02, 0xfb, 0xf9, 0x03, 0x07, 
    0xf9, 0x08, 0x03, 0x07, 0x00, 0x02, 0x06, 0xff, 0x00, 0x06, 0xf9, 0xfa, 
    0x04, 0xfd, 0xfd, 0xfd, 0xfc, 0x01, 0xff, 0xff, 0x08, 0xfd, 0xfe, 0x06, 
    0x03, 0xff, 0x03, 0x00, 0x03, 0xfe, 0xfc, 0x05, 0xfc, 0x04, 0xfa, 0x05, 
    0xfd, 0xfc, 0x01, 0x03, 0xfb, 0xf9, 0x07, 0x01, 0x03, 0xff, 0x03, 0x01, 
    0xf9, 0xff, 0xfc, 0xfe, 0x00, 0xfb, 0x04, 0x01, 0x01, 0x05, 0xf9, 0x03, 
    0x06, 0x02, 0xfc, 0x03, 0xfd, 0x01, 0xfb, 0xfc, 0x06, 0xfa, 0x02, 0xfb, 
    0xfe, 0x04, 0x05, 0x08, 0x07, 0x08, 0x04, 0x04, 0x02, 0xf8, 0x08, 0x00, 
    0xfe, 0xfd, 0x02, 0xfd, 0x02, 0xfb, 0xfa, 0xfb, 0xff, 0xf9, 0xfa, 0x00, 
    0xf9, 0xfc, 0xfe, 0xfe, 0xff, 0xfb, 0x04, 0xf8, 0xff, 0x02, 0xfe, 0xff, 
    0xfe, 0xf8, 0xfb, 0x01, 0xfc, 0xfc, 0x03, 0x02, 0x08, 0xf9, 0xfd, 0xfc, 
    0x00, 0xf9, 0xfc, 0xfb, 0x05, 0xfd, 0x08, 0x05, 0x00, 0x00, 0xfc, 0x05, 
    0xfe, 0x07, 0x07, 0x05, 0xfe, 0xfc, 0x05, 0x02, 0xfa, 0x01, 0x01, 0xf9, 
    0x00, 0xfa, 0x01, 0xfe, 0x01, 0xfa, 0xfb, 0x01, 0x06, 0xfb, 0x04, 0xff, 
    0x08, 0xfa, 0x04, 0xff, 0xfc, 0x04, 0xfb, 0x07, 0x00, 0xfc, 0x04, 0x06, 
    0x04, 0xff, 0xfd, 0x07, 0x07, 0x02, 0x06, 0xfa, 0xf8, 0xfa, 0x05, 0x05, 
    0x03, 0xf9, 0x07, 0x04, 0xfc, 0x02, 0x02, 0x00, 0xf9, 0x05, 0xfc, 0xfb, 
    0x00, 0xf8, 0xff, 0x05, 0x01, 0x02, 0xfd, 0xff, 0xff, 0xfd, 0x08, 0x07, 
    0xfa, 0x06, 0xfa, 0xfd, 0x04, 0x03, 0x07, 0xfd, 0xff, 0xfb, 0x04, 0xff, 
    0xfc, 0xfc, 0x04, 0xfb, 0xfc, 0x03, 0xff, 0xfa, 0x05, 0x00, 0xfa, 0xfb, 
    0x03, 0x06, 0xfe, 0xfd, 0xff, 0x07, 0xfc, 0xff, 0x06, 0x02, 0x01, 0xfd, 
    0x02, 0xf8, 0xfd, 0x00, 0xff, 0x01, 0x06, 0xfd, 0x01, 0xfe, 0xfc, 0x06, 
    0xfb, 0x08, 0xfe, 0x05, 0xff, 0xfb, 0xfb, 0xfc, 0xfb, 0xfd, 0xf9, 0x06, 
    0xf9, 0xfd, 0xf9, 0x00, 0x07, 0x05, 0xfa, 0xfa, 0x01, 0xfd, 0x00, 0xfc, 
    0xfe, 0x01, 0xfa, 0xfb, 0x02, 0xfd, 0xf9, 0x02, 0xfd, 0xfb, 0x01, 0x03, 
    0x00, 0x06, 0xfd, 0xfa, 0xf8, 0xf9, 0x03, 0x02, 0x03, 0x05, 0xfc, 0xfc, 
    0xff, 0x02, 0x04, 0x04, 0x06, 0x00, 0xfd, 0x03, 0xfb, 0xfb, 0xff, 0x06, 
    0xfe, 0xfd, 0xfa, 0x03, 0x00, 0x07, 0xfe, 0x04, 0x01, 0x02, 0x01, 0xf9, 
    0x02, 0xfc, 0xf8, 0x02, 0xfb, 0x03, 0xf9, 0x04, 0xfc, 0x05, 0xff, 0x03, 
    0xfe, 0x07, 0xfa, 0xfa, 0xfe, 0xfc, 0xfb, 0xfc, 0xf9, 0x07, 0x06, 0x02, 
    0x00, 0x02, 0xfb, 0x07, 0x07, 0xfe, 0x01, 0xfe, 0xfd, 0x03, 0x06, 0x06, 
    0x01, 0xfb, 0x01, 0xfc, 0x00, 0xfa, 0x05, 0x06, 0xff, 0x08, 0x06, 0xfe, 
    0x01, 0x04, 0x07, 0xfe, 0x06, 0xfd, 0x02, 0x04, 0xfc, 0xf8, 0xfd, 0x01, 
    0x05, 0x08, 0x03, 0x04, 0x06, 0xfc, 0xfa, 0x02, 0xfb, 0x07, 0x08, 0x03, 
    0xfb, 0xf9, 0xfa, 0xfc, 0x03, 0x04, 0x01, 0xfc, 0x07, 0xf9, 0x01, 0x08, 
    0x08, 0xff, 0x01, 0x05, 0x05, 0xfc, 0xf9, 0x01, 0xfd, 0x03, 0xfd, 0x07, 
    0x05, 0xfa, 0xfd, 0x07, 0x05, 0x04, 0x03, 0xfc, 0x03, 0x04, 0xff, 0x06, 
    0xfa, 0xff, 0x05, 0xfc, 0xfc, 0xfa, 0xf9, 0x01, 0xfb, 0x06, 0x06, 0x00, 
    0x03, 0xff, 0xf8, 0x01, 0x05, 0x00, 0x05, 0x03, 0x00, 0xfe, 0x06, 0xf9, 
    0xfa, 0xff, 0x06, 0xff, 0x03, 0x06, 0xfa, 0xfe, 0x05, 0x04, 0x03, 0xfb, 
    0xfb, 0xf9, 0xff, 0xff, 0xfb, 0x02, 0xf8, 0x06, 0x05, 0x08, 0x00, 0x02, 
    0xff, 0x01, 0x06, 0x03, 0xfd, 0xfe, 0x04, 0xf9, 0x03, 0x04, 0x05, 0x07, 
    0x01, 0x06, 0xfa, 0xfc, 0x03, 0xfd, 0x03, 0xfa, 0x04, 0x06, 0x06, 0xfe, 
    0xfa, 0x04, 0xfe, 0xff, 0xf9, 0xfd, 0x02, 0x03, 0x04, 0x06, 0xf9, 0xff, 
    0xfd, 0xfa, 0x07, 0xf9, 0xfe, 0x02, 0x03, 0xfc, 0xff, 0xfe, 0x06, 0xfe, 
    0xfa, 0xfd, 0x04, 0x00, 0x05, 0x05, 0x04, 0x03, 0x04, 0xfd, 0x02, 0x04, 
    0x05, 0x06, 0xfd, 0x02, 0x00, 0x07, 0xfe, 0x00, 0xf8, 0xf9, 0xf8, 0xff, 
    0xfe, 0x03, 0x01, 0xfb, 0x00, 0x06, 0xf9, 0x00, 0x03, 0x01, 0x02, 0xfd, 
    0xfc, 0xfb, 0xfc, 0xfb, 0x00, 0x08, 0x05, 0xfb, 0x01, 0xfd, 0xfc, 0xf8, 
    0x04, 0x06, 0x07, 0xf8, 0xfb, 0x03, 0x01, 0xfe, 0xf9, 0xfd, 0x04, 0x05, 
    0xf8, 0xff, 0xfa, 0xfa, 0xfe, 0x08, 0x00, 0x02, 0x01, 0xfe, 0xff, 0x03, 
    0xfa, 0x08, 0xff, 0x00, 0x05, 0xfd, 0xfc, 0x06, 0x01, 0x08, 0x06, 0x05, 
    0xff, 0x08, 0xfb, 0x07, 0x07, 0xfa, 0x00, 0x01, 0xff, 0xfe, 0xf9, 0x03, 
    0x05, 0x02, 0x01, 0xfa, 0xfd, 0x06, 0xfe, 0x07, 0xf8, 0x06, 0xfa, 0x03, 
    0x06, 0xff, 0x06, 0xfb, 0xfa, 0xfb, 0x05, 0xfb, 0x07, 0xfc, 0xfc, 0xf9, 
    0x06, 0xff, 0x00, 0x03, 0xf8, 0x04, 0x07, 0x05, 0x07, 0xfa, 0x08, 0xf9, 
    0xfd, 0x08, 0x00, 0xfc, 0x04, 0xf9, 0xf9, 0x04, 0x04, 0x07, 0x02, 0x05, 
    0x03, 0xf9, 0x00, 0x05, 0x01, 0x00, 0x08, 0xfa, 0xff, 0x01, 0x06, 0xfb, 
    0xfd, 0xfb, 0x04, 0x03, 0x03, 0x06, 0xff, 0x05, 0xfb, 0x06, 0xfd, 0x00, 
    0xfe, 0x05, 0xfa, 0x06, 0xff, 0xfc, 0x02, 0x00, 0xf9, 0xf9, 0xf8, 0x03, 
    0xfd, 0x03, 0xfb, 0x06, 0x08, 0xfd, 0xfe, 0x00, 0x07, 0xfb, 0xfa, 0x05, 
    0x04, 0xff, 0xfc, 0xf9, 0xfc, 0x05, 0xff, 0x07, 0x01, 0xf8, 0x00, 0x04, 
    0x02, 0xff, 0xff, 0x03, 0x05, 0x04, 0xfd, 0x00, 0xf9, 0xfe, 0x02, 0xfb, 
    0xfb, 0xf8, 0x08, 0x04, 0x01, 0xff, 0xfe, 0x06, 0x01, 0x08, 0x08, 0x00, 
    0x07, 0xf8, 0x02, 0x01, 0xff, 0xff, 0xff, 0x04, 0xf8, 0x06, 0xfd, 0x05, 
    0xfd, 0x06, 0x07, 0x01, 0x03, 0xf9, 0xfe, 0xfa, 0xf8, 0xfa, 0x02, 0xf8, 
    0xfd, 0x02, 0xfb, 0x07, 0x00, 0xfc, 0x06, 0xfb, 0x06, 0x04, 0x08, 0x06, 
    0xfc, 0x02, 0xfb, 0xfd, 0xfe, 0xfd, 0xfc, 0xfd, 0x02, 0x05, 0xff, 0x03, 
    0x04, 0x07, 0xfc, 0x04, 0xfe, 0xff, 0x01, 0x00, 0xfd, 0xfe, 0xf9, 0xfd, 
    0xf8, 0x06, 0x00, 0xf8, 0x05, 0x03, 0x06, 0x04, 0x07, 0x08, 0x00, 0x04, 
    0xfa, 0x02, 0xfe, 0xfd, 0xfb, 0xfb, 0x02, 0x03, 0xfd, 0xff, 0x05, 0x05, 
    0xfc, 0xfd, 0x04, 0xfb, 0xfd, 0x04, 0x02, 0xfd, 0xf9, 0xfc, 0x03, 0xfb, 
    0x06, 0xf8, 0xf9, 0x05, 0x02, 0x06, 0xfe, 0x06, 0x00, 0xfb, 0xfe, 0x04, 
    0x06, 0x05, 0xfb, 0xfa, 0x06, 0x04, 0xf9, 0x01, 0x04, 0x02, 0xfc, 0x04, 
    0xfd, 0xfb, 0x03, 0x04, 0x03, 0xfe, 0x07, 0xf9, 0xfe, 0xfe, 0x01, 0xf8, 
    0xfb, 0xfe, 0x06, 0x00, 0x01, 0xf9, 0x00, 0xfe, 0xfd, 0x08, 0x02, 0x05, 
    0xfa, 0xf9, 0xf9, 0x01, 0x01, 0xfd, 0x05, 0xfd, 0xf8, 0xfd, 0x04, 0x01, 
    0x03, 0x03, 0xf9, 0x04, 0x05, 0x01, 0x03, 0xfd, 0x05, 0x00, 0xfc, 0x03, 
    0xfd, 0xf9, 0xfe, 0x07, 0x07, 0xfd, 0xfd, 0xff, 0xfc, 0x05, 0xfd, 0x06, 
    0xf9, 0xfd, 0xfd, 0x06, 0xfa, 0x08, 0x03, 0x01, 0x04, 0x02, 0x07, 0xfa, 
    0xfb, 0xf9, 0xfa, 0xfb, 0xfb, 0xfd, 0x07, 0xf8, 0xfa, 0xfa, 0xff, 0x00, 
    0xfc, 0x03, 0xfc, 0xf9, 0xf9, 0xf9, 0xfb, 0xff, 0xfa, 0xf9, 0xff, 0x06, 
    0xff, 0x04, 0xff, 0x02, 0x07, 0xfe, 0xff, 0xf9, 0x05, 0x07, 0x01, 0x07, 
    0xfc, 0xf8, 0x07, 0xfe, 0x01, 0xfe, 0x01, 0xfe, 0x03, 0x00, 0x07, 0x07, 
    0xf9, 0x01, 0x04, 0xf9, 0x05, 0xfe, 0x01, 0x07, 0x01, 0xfe, 0xfd, 0x05, 
    0xf8, 0xfb, 0x02, 0xfb, 0xfd, 0x02, 0x00, 0x07, 0x07, 0x04, 0x07, 0xf9, 
    0xf8, 0x04, 0x07, 0xfd, 0x01, 0x06, 0xfe, 0xf9, 0x02, 0xff, 0x03, 0xfb, 
    0x02, 0x02, 0xfb, 0x01, 0x00, 0x08, 0x08, 0x05, 0x07, 0xfa, 0xfb, 0xfd, 
    0xf9, 0x03, 0xfc, 0x02, 0xfa, 0x01, 0x05, 0x06, 0xfd, 0xfc, 0xff, 0x08, 
    0xfc, 0x00, 0xfe, 0xfb, 0x01, 0x03, 0xf9, 0xfd, 0x08, 0xfa, 0xf9, 0xfc, 
    0x04, 0x04, 0x07, 0x04, 0x06, 0x07, 0x03, 0xfe, 0x08, 0x05, 0xfc, 0x03, 
    0x08, 0xfd, 0xfa, 0xff, 0xfd, 0x04, 0xfb, 0x02, 0xfb, 0xf9, 0xfd, 0x00, 
    0xf9, 0x04, 0xfc, 0xf9, 0x04, 0x04, 0x02, 0x03, 0xfd, 0xf9, 0x07, 0xfa, 
    0x06, 0x00, 0x03, 0xfd, 0x07, 0x06, 0x04, 0xfb, 0x03, 0x07, 0xfc, 0x02, 
    0x05, 0xfe, 0xfc, 0x06, 0xfb, 0xfc, 0xf9, 0xff, 0xfd, 0xfb, 0x05, 0xf8, 
    0x05, 0x08, 0x01, 0x07, 0xfb, 0x01, 0x04, 0x05, 0xfc, 0x06, 0x01, 0x00, 
    0x08, 0xfc, 0x02, 0x01, 0x02, 0x01, 0xfb, 0x02, 0x08, 0xfd, 0xf9, 0x00, 
    0x04, 0x03, 0xf8, 0x04, 0x04, 0xfa, 0x07, 0x04, 0x00, 0x02, 0x07, 0xfb, 
    0xfd, 0xfa, 0xfa, 0xf8, 0x02, 0x07, 0x07, 0x07, 0x00, 0xfd, 0x08, 0xfa, 
    0x01, 0xfe, 0x02, 0xf9, 0xfb, 0x04, 0xfd, 0xfe, 0xf9, 0x00, 0xfe, 0xfe, 
    0xfe, 0xfb, 0x08, 0x03, 0x05, 0xfb, 0xfa, 0x06, 0xfb, 0x07, 0x05, 0x02, 
    0xfb, 0xfc, 0xfa, 0x04, 0xf9, 0x03, 0xf9, 0xf9, 0xf9, 0xfb, 0x02, 0xfc, 
    0xfc, 0x03, 0x07, 0xf9, 0xfb, 0xfb, 0xfc, 0x03, 0x00, 0x08, 0x03, 0x07, 
    0x00, 0xff, 0x04, 0xf9, 0x04, 0xfc, 0x07, 0x01, 0x01, 0xfd, 0x03, 0x04, 
    0x06, 0x02, 0x04, 0xf8, 0x03, 0x06, 0x05, 0x05, 0x02, 0xfd, 0x01, 0xfe, 
    0x01, 0x01, 0x04, 0x00, 0x05, 0x03, 0xff, 0xfc, 0x06, 0x01, 0x03, 0xf9, 
    0xf8, 0xfd, 0x02, 0x05, 0xff, 0x04, 0x04, 0xfd, 0xfe, 0x04, 0x06, 0xfc, 
    0x07, 0x05, 0x03, 0x08, 0x06, 0xff, 0xf9, 0x04, 0xff, 0xfd, 0x04, 0x00, 
    0xfd, 0x04, 0xfb, 0xfb, 0x05, 0x05, 0xfa, 0x04, 0xfa, 0x06, 0x04, 0xf9, 
    0x05, 0x06, 0xfe, 0xfb, 0xfd, 0x08, 0x08, 0xfe, 0xf9, 0x02, 0x05, 0x05, 
    0x01, 0x06, 0xfc, 0x01, 0xf9, 0x03, 0xfa, 0x00, 0x03, 0xff, 0x00, 0x04, 
    0xf9, 0x04, 0x06, 0x01, 0xfa, 0x01, 0x06, 0x06, 0x04, 0x00, 0x00, 0x00, 
    0xf9, 0xff, 0x01, 0xfe, 0x07, 0x02, 0x03, 0x00, 0x03, 0x03, 0x04, 0x07, 
    0xf9, 0xfc, 0x00, 0xfc, 0x04, 0x03, 0xfa, 0xfb, 0x05, 0x00, 0x04, 0xfc, 
    0x01, 0x06, 0xfd, 0x07, 0x04, 0x05, 0xfb, 0x05, 0xfe, 0x01, 0xf9, 0xfd, 
    0xfa, 0x08, 0x04, 0xfa, 0xff, 0xfa, 0x07, 0xfc, 0xfe, 0x02, 0x07, 0xfb, 
    0xfb, 0xfa, 0x04, 0xfb, 0xfb, 0x05, 0xf9, 0x08, 0x02, 0xff, 0xff, 0xfd, 
    0x00, 0x08, 0xff, 0xfc, 0x04, 0x05, 0x01, 0xfa, 0x01, 0x08, 0xfe, 0x05, 
    0x07, 0x06, 0xfd, 0x08, 0xf9, 0xf9, 0x02, 0xfb, 0x02, 0x01, 0x01, 0x02, 
    0xfd, 0x07, 0x06, 0x07, 0xfd, 0x01, 0xfe, 0xfb, 0x03, 0x07, 0x03, 0x01, 
    0x07, 0xfe, 0xfb, 0xfe, 0xfd, 0xfa, 0xff, 0xff, 0x05, 0x00, 0x07, 0xfc, 
    0xfb, 0x04, 0xfa, 0x07, 0xf9, 0xff, 0xff, 0x00, 0x04, 0x03, 0xfd, 0xfa, 
    0xff, 0x01, 0x00, 0x06, 0x02, 0xfc, 0x01, 0x07, 0x01, 0xfd, 0x07, 0x05, 
    0xfd, 0x02, 0x05, 0xfd, 0xf9, 0xf9, 0x00, 0xff, 0xf9, 0x05, 0xff, 0xf8, 
    0x00, 0xff, 0xff, 0xf8, 0xfd, 0x06, 0xfe, 0x07, 0xfa, 0xfb, 0x06, 0x07, 
    0x06, 0xff, 0x03, 0xfb, 0x02, 0xf8, 0xfb, 0x01, 0xfc, 0x08, 0x05, 0x07, 
    0x00, 0xfa, 0xfc, 0xf9, 0xfd, 0xff, 0xfb, 0xfb, 0x06, 0x04, 0xfe, 0xff, 
    0x05, 0x04, 0x01, 0x00, 0xfc, 0x05, 0xfa, 0x04, 0xff, 0x05, 0x06, 0x02, 
    0x08, 0x02, 0x07, 0xfe, 0xf9, 0x04, 0x05, 0x08, 0xfb, 0x02, 0xfc, 0x08, 
    0x06, 0xf8, 0xfe, 0x07, 0xf8, 0x06, 0x03, 0xfa, 0x02, 0xfe, 0x01, 0xf8, 
    0x00, 0x01, 0x05, 0x01, 0x01, 0xf8, 0x01, 0x00, 0x00, 0xfd, 0xff, 0x03, 
    0x04, 0xf9, 0xf8, 0xfd, 0x02, 0x01, 0x07, 0xff, 0x06, 0x00, 0x05, 0xf9, 
    0x05, 0xf9, 0xfc, 0x01, 0x04, 0x02, 0x00, 0x04, 0xfa, 0x00, 0x04, 0xf9, 
    0xfa, 0x06, 0xfd, 0x06, 0xff, 0xfb, 0x05, 0xfc, 0xfa, 0x03, 0x03, 0xfe, 
    0x00, 0xfd, 0xf8, 0x05, 0xfa, 0xfa, 0xfd, 0x02, 0x03, 0x05, 0x05, 0x06, 
    0x07, 0x01, 0x04, 0x01, 0xfa, 0x04, 0xfa, 0xf9, 0x02, 0xfd, 0x05, 0x07, 
    0x07, 0xfc, 0x06, 0xfb, 0xf8, 0x00, 0x02, 0xfe, 0xfa, 0x07, 0xfc, 0xfd, 
    0x00, 0x02, 0xfe, 0xfe, 0xf8, 0x00, 0xf8, 0x00, 0xfd, 0xfa, 0x02, 0x02, 
    0xff, 0xfe, 0x04, 0xfe, 0x07, 0xf9, 0x06, 0x07, 0xfb, 0x08, 0xfc, 0x05, 
    0x04, 0x05, 0x06, 0x00, 0xfa, 0xfd, 0xfa, 0x03, 0xfa, 0x06, 0x05, 0xfd, 
    0x02, 0x04, 0xfe, 0x01, 0x01, 0x01, 0xfb, 0xfa, 0xfb, 0xfb, 0x05, 0x03, 
    0xfb, 0xfe, 0x02, 0x01, 0xfc, 0xfa, 0xfa, 0xf9, 0x04, 0xfa, 0xfc, 0xfb, 
    0xf9, 0xfe, 0xff, 0x01, 0xfb, 0xfe, 0x00, 0xfe, 0x04, 0x07, 0xfe, 0xfb, 
    0x00, 0x03, 0x01, 0xf9, 0x04, 0x04, 0xf9, 0x02, 0x04, 0x00, 0xfe, 0x03, 
    0x04, 0x06, 0xfd, 0x04, 0xfc, 0xf9, 0x06, 0xfd, 0xfa, 0x06, 0xff, 0xfc, 
    0xfc, 0x04, 0x02, 0xff, 0x00, 0x00, 0x05, 0xfd, 0x02, 0x05, 0x01, 0x05, 
    0x01, 0xfc, 0x03, 0x00, 0x04, 0x03, 0x05, 0x04, 0xfe, 0xfe, 0x05, 0xfa, 
    0x07, 0xfd, 0x05, 0x03, 0x07, 0xf9, 0x06, 0xfa, 0xff, 0xfe, 0xfa, 0xfb, 
    0xfd, 0xfe, 0x06, 0x04, 0x07, 0x05, 0xf8, 0xff, 0xfd, 0x03, 0x05, 0xfa, 
    0x02, 0xff, 0x04, 0x02, 0xf9, 0xff, 0xfe, 0x03, 0x07, 0x02, 0xf9, 0x06, 
    0xfa, 0x08, 0x06, 0x01, 0x02, 0x07, 0x07, 0x01, 0xff, 0x07, 0xfb, 0xf9, 
    0xfd, 0x00, 0x03, 0x03, 0x01, 0x04, 0x08, 0xfc, 0x04, 0xfc, 0x05, 0xfd, 
    0x03, 0x03, 0xfb, 0x04, 0x03, 0xf9, 0x01, 0x08, 0xfd, 0x05, 0xff, 0x00, 
    0x04, 0x02, 0xf8, 0xff, 0xfd, 0xff, 0x05, 0x06, 0x07, 0xf9, 0xf8, 0xf9, 
    0x08, 0x00, 0x02, 0x06, 0x01, 0xff, 0xf9, 0x00, 0x05, 0x01, 0xfe, 0xff, 
    0xfc, 0xfb, 0xfb, 0xfb, 0xff, 0x04, 0xfa, 0x01, 0xf8, 0xfc, 0xfe, 0x06, 
    0xfd, 0xfb, 0x07, 0xfe, 0xfb, 0x02, 0xfe, 0xfd, 0xfa, 0x01, 0xfe, 0xf8, 
    0x01, 0xf8, 0x07, 0x05, 0x01, 0x02, 0x06, 0x00, 0xf9, 0xf8, 0xfb, 0xfc, 
    0x01, 0x03, 0xfe, 0x01, 0x00, 0xfb, 0x07, 0x04, 0xfd, 0xfb, 0xfe, 0xfa, 
    0x02, 0xfc, 0x05, 0x03, 0x02, 0xfe, 0x04, 0xfc, 0x03, 0x06, 0x05, 0xfa, 
    0xf9, 0xfd, 0x07, 0x04, 0xfb, 0x00, 0xf9, 0xf8, 0xfd, 0xff, 0xff, 0xfe, 
    0xfe, 0xfc, 0x03, 0x05, 0xfb, 0x02, 0xf9, 0xfa, 0x02, 0xfc, 0x05, 0x03, 
    0xfd, 0x00, 0x06, 0x07, 0x02, 0x06, 0xff, 0xff, 0x06, 0x01, 0xff, 0x02, 
    0x06, 0xfc, 0xfc, 0xf8, 0xff, 0xfa, 0xfc, 0x02, 0x05, 0x02, 0xf8, 0x04, 
    0xfc, 0x04, 0x04, 0xff, 0x03, 0x01, 0x05, 0xf9, 0x05, 0x04, 0x05, 0x07, 
    0x07, 0xfa, 0x01, 0x03, 0x04, 0xfb, 0xfa, 0xfe, 0xf9, 0xfd, 0x01, 0x06, 
    0x03, 0x08, 0x02, 0xfa, 0xfb, 0xff, 0x07, 0x04, 0x02, 0xfb, 0x05, 0x01, 
    0xfc, 0x05, 0x08, 0xf9, 0x04, 0x06, 0x02, 0x02, 0x07, 0x06, 0x01, 0xfa, 
    0x04, 0x04, 0x07, 0xfa, 0x06, 0x00, 0x00, 0xfc, 0xfb, 0x02, 0xfd, 0x04, 
    0x04, 0xfc, 0x00, 0xfa, 0x08, 0xf8, 0x05, 0x04, 0xfc, 0xf8, 0x00, 0x01, 
    0xfb, 0x01, 0x00, 0xff, 0xfa, 0x05, 0x00, 0xfc, 0xfb, 0xfb, 0xfe, 0xfe, 
    0xfa, 0xfc, 0x05, 0xfc, 0xff, 0x00, 0x04, 0x06, 0x03, 0x00, 0x02, 0xff, 
    0x00, 0x02, 0x00, 0x05, 0x07, 0x01, 0x05, 0xff, 0x02, 0xfd, 0x02, 0x04, 
    0x00, 0xff, 0xf9, 0xfc, 0xf9, 0xff, 0x04, 0xff, 0xfe, 0xfd, 0x00, 0x04, 
    0xfd, 0x07, 0xfe, 0x00, 0xf8, 0x00, 0xf8, 0xf8, 0xff, 0xfd, 0x07, 0x04, 
    0x04, 0xff, 0x05, 0xff, 0xfb, 0xf9, 0x05, 0xfb, 0x01, 0x08, 0x03, 0xf9, 
    0x02, 0x05, 0x03, 0xf8, 0xfe, 0x04, 0x08, 0x08, 0x02, 0xff, 0x03, 0x06, 
    0xff, 0x03, 0xfa, 0x04, 0xfd, 0x04, 0xfa, 0xff, 0x03, 0xf9, 0x03, 0x04, 
    0xfa, 0x05, 0x07, 0xfb, 0xff, 0x00, 0xf8, 0xfd, 0xfc, 0x01, 0xf9, 0xfb, 
    0xfb, 0x04, 0x07, 0x07, 0xfe, 0xff, 0xfe, 0xfe, 0xfb, 0xfc, 0x01, 0x03, 
    0x00, 0xff, 0xff, 0x02, 0x00, 0xf9, 0xfd, 0xfc, 0xfa, 0xff, 0x02, 0x03, 
    0xf9, 0x02, 0xfc, 0xfe, 0xfa, 0xfe, 0xfe, 0xfc, 0xfb, 0x02, 0x06, 0x07, 
    0x00, 0x02, 0xf8, 0x06, 0x02, 0xfb, 0xfb, 0x04, 0xfc, 0xfd, 0xfa, 0xfd, 
    0x00, 0xfa, 0x04, 0x02, 0xfc, 0x04, 0xff, 0x01, 0xfc, 0xfb, 0x02, 0x07, 
    0xf9, 0x02, 0xfa, 0x04, 0xfe, 0xf9, 0x03, 0xfb, 0x06, 0xfa, 0xfd, 0x04, 
    0x05, 0xfb, 0xff, 0x07, 0xfa, 0xff, 0xfd, 0xfe, 0xfa, 0xfa, 0x03, 0xfe, 
    0xfd, 0x08, 0xfb, 0xfb, 0xfa, 0x01, 0x07, 0xfe, 0xfd, 0xf9, 0xfd, 0xfe, 
    0x04, 0xfa, 0xfc, 0x01, 0x00, 0xfd, 0xf8, 0xf9, 0xf9, 0xf9, 0xfd, 0x06, 
    0x00, 0xf8, 0x08, 0xff, 0xfa, 0xff, 0xfe, 0xfd, 0xff, 0x08, 0x01, 0xfd, 
    0x03, 0x01, 0x04, 0xf8, 0x05, 0xf9, 0x07, 0xfc, 0xf8, 0xfc, 0x00, 0x00, 
    0xfd, 0xfa, 0xfc, 0x03, 0xff, 0x06, 0xff, 0x06, 0x00, 0xfe, 0x00, 0xf9, 
    0x08, 0xf9, 0xfd, 0x04, 0x07, 0xfb, 0x01, 0xfb, 0xf9, 0x00, 0xff, 0xfa, 
    0x05, 0xf9, 0x08, 0xf9, 0x07, 0xfa, 0xfc, 0x02, 0x05, 0xf9, 0xf9, 0x01, 
    0x04, 0xfc, 0xf9, 0x02, 0xf9, 0x03, 0x00, 0xfb, 0x00, 0x05, 0xfd, 0xf9, 
    0x04, 0x00, 0x04, 0xff, 0x00, 0x06, 0xf9, 0x03, 0xf9, 0x08, 0x03, 0x06, 
    0xfa, 0xfd, 0x03, 0xfe, 0xfe, 0x07, 0x05, 0x07, 0x06, 0x08, 0xff, 0xfe, 
    0x04, 0x06, 0xf9, 0xfa, 0x04, 0xfd, 0xfd, 0x00, 0x08, 0x03, 0x05, 0x07, 
    0x00, 0xfc, 0xfa, 0x04, 0xfb, 0x06, 0xfc, 0xfa, 0xf9, 0xf9, 0xf9, 0xff, 
    0x04, 0xfc, 0x02, 0x05, 0xfd, 0x02, 0x00, 0xfe, 0xfd, 0x03, 0xf9, 0x04, 
    0x01, 0x02, 0x03, 0x06, 0xf9, 0xfa, 0xff, 0xfe, 0xfb, 0xfe, 0x04, 0xfa, 
    0x05, 0xff, 0xfd, 0x04, 0x04, 0x04, 0xfe, 0x05, 0x07, 0xfe, 0xfc, 0x01, 
    0x07, 0x02, 0xf8, 0x07, 0x06, 0x02, 0xff, 0x02, 0x03, 0xfa, 0xff, 0xf8, 
    0x06, 0x07, 0x00, 0xfd, 0x06, 0x00, 0xf9, 0x01, 0x05, 0x04, 0xff, 0xff, 
    0xfa, 0x02, 0x02, 0x00, 0xfc, 0x04, 0x04, 0xfc, 0x06, 0xfb, 0xff, 0x04, 
    0xfe, 0x04, 0xfd, 0xfd, 0xf9, 0xfb, 0x02, 0x03, 0x00, 0x03, 0xff, 0x01, 
    0xfc, 0xfa, 0xfc, 0x01, 0xf8, 0xf9, 0xfb, 0x03, 0xfd, 0xfd, 0xfe, 0x03, 
    0x04, 0x00, 0x00, 0x02, 0x08, 0x02, 0xff, 0x03, 0xff, 0x00, 0xff, 0xfd, 
    0xfa, 0xff, 0x08, 0xff, 0xff, 0x05, 0x06, 0x03, 0xfd, 0x05, 0x00, 0xff, 
    0xff, 0x03, 0x00, 0xfd, 0x01, 0x05, 0x03, 0xfc, 0x06, 0xfd, 0x03, 0xfc, 
    0xf8, 0xfe, 0xfd, 0x04, 0xfa, 0xf8, 0xfd, 0x04, 0xf9, 0x04, 0xfe, 0x04, 
    0x00, 0x08, 0xfc, 0xff, 0x04, 0x06, 0x04, 0x01, 0xfb, 0xff, 0x00, 0xff, 
    0xfb, 0x05, 0x03, 0xfc, 0x06, 0x07, 0xfb, 0xfe, 0x01, 0x02, 0x00, 0xfa, 
    0xf8, 0x08, 0xfd, 0xfa, 0x04, 0xfe, 0xff, 0xfd, 0xfe, 0x01, 0x05, 0x03, 
    0xfb, 0xfa, 0x03, 0x06, 0x02, 0x04, 0xfb, 0xfb, 0xff, 0x05, 0x07, 0x05, 
    0xfe, 0xfe, 0xf8, 0xfa, 0x06, 0x04, 0x07, 0x05, 0x00, 0xff, 0x06, 0x08, 
    0xff, 0xf9, 0xff, 0x04, 0xfa, 0xfa, 0x08, 0x07, 0x05, 0xfd, 0x08, 0xfe, 
    0xfa, 0x00, 0x08, 0x02, 0x00, 0x07, 0x02, 0x03, 0xfa, 0xfd, 0xff, 0x08, 
    0x02, 0xfc, 0xfb, 0xfb, 0x06, 0xfd, 0xf8, 0x01, 0x05, 0x03, 0xfc, 0xfc, 
    0x07, 0x03, 0x03, 0x04, 0xfc, 0x08, 0xf9, 0xf9, 0x03, 0xfe, 0x06, 0x05, 
    0x04, 0x01, 0xfc, 0xff, 0x04, 0x04, 0xfc, 0x07, 0x00, 0xff, 0xfd, 0xfc, 
    0x00, 0xfc, 0xfa, 0x05, 0x02, 0x03, 0x06, 0xfb, 0xf9, 0x05, 0x03, 0xff, 
    0x03, 0xf9, 0xfe, 0xfe, 0xff, 0xfe, 0x02, 0x02, 0xfe, 0xfe, 0xfe, 0xff, 
    0x01, 0xff, 0xfc, 0xfc, 0x02, 0xfa, 0x07, 0xfc, 0x00, 0x01, 0x03, 0xfc, 
    0x04, 0x05, 0xfe, 0x08, 0xfd, 0x06, 0xfb, 0x03, 0x05, 0xfa, 0x05, 0x01, 
    0x04, 0x01, 0x01, 0x03, 0xfb, 0xfa, 0xfa, 0xfe, 0xff, 0x03, 0xf8, 0x04, 
    0x00, 0xfb, 0xfd, 0x08, 0xfe, 0xfa, 0xfc, 0x01, 0x03, 0x04, 0xfc, 0xf8, 
    0x07, 0x02, 0xfe, 0x02, 0x00, 0xfb, 0x05, 0x08, 0xfb, 0x04, 0x01, 0x02, 
    0xfb, 0x05, 0x04, 0x01, 0xfb, 0x02, 0x02, 0x04, 0x04, 0xfb, 0x02, 0x00, 
    0x08, 0xfd, 0xff, 0x07, 0xfb, 0xfe, 0x07, 0xfd, 0xf9, 0x00, 0xfd, 0x03, 
    0xf9, 0x02, 0xff, 0x03, 0xfa, 0x03, 0x07, 0x08, 0xf9, 0x05, 0x01, 0x01, 
    0x06, 0x08, 0xfd, 0xfa, 0x06, 0x02, 0x02, 0x00, 0x06, 0xff, 0x08, 0xf8, 
    0x01, 0x06, 0xf8, 0x03, 0x07, 0xff, 0x00, 0xfa, 0xfa, 0x05, 0x07, 0xfa, 
    0xfd, 0xfa, 0x06, 0x06, 0xfb, 0x05, 0xf9, 0xff, 0x00, 0xff, 0x04, 0xf8, 
    0x05, 0x08, 0x05, 0xfd, 0x07, 0x04, 0xf8, 0x03, 0xfa, 0xff, 0xff, 0xfe, 
    0x07, 0x08, 0x06, 0x02, 0x03, 0x06, 0x00, 0x07, 0x03, 0xfd, 0xfd, 0xfe, 
    0x08, 0xf9, 0xfa, 0x00, 0xfe, 0x06, 0xff, 0x08, 0xfa, 0x06, 0xff, 0xfd, 
    0x00, 0x07, 0x03, 0x06, 0x03, 0x07, 0x03, 0xfb, 0x01, 0x08, 0x06, 0xff, 
    0xfe, 0x00, 0xf9, 0xff, 0xfa, 0x04, 0x03, 0x08, 0xf9, 0x05, 0x03, 0x06, 
    0x00, 0xfc, 0x07, 0x05, 0x08, 0xfb, 0x05, 0x03, 0x07, 0xfe, 0x02, 0x01, 
    0xff, 0xfd, 0xfc, 0xfc, 0x07, 0x06, 0xfa, 0xfc, 0xfe, 0x05, 0xfd, 0x00, 
    0x01, 0x00, 0x03, 0xfd, 0xfa, 0x02, 0xfa, 0x04, 0x06, 0xfd, 0x08, 0xfa, 
    0xf8, 0xf8, 0x00, 0x06, 0x01, 0xff, 0x01, 0x03, 0xfc, 0x02, 0xff, 0x03, 
    0xff, 0xf8, 0xfb, 0xf9, 0xfb, 0x00, 0x05, 0xff, 0xfa, 0xf8, 0xfb, 0xf9, 
    0x03, 0x00, 0x04, 0xfd, 0x04, 0x00, 0xfd, 0xfe, 0xfe, 0x01, 0xf8, 0xf9, 
    0x01, 0xf9, 0x03, 0xfa, 0x05, 0x06, 0x00, 0xf9, 0xfb, 0x03, 0xfd, 0xfa, 
    0x04, 0xfb, 0xfa, 0x07, 0xfa, 0x01, 0x05, 0x04, 0xff, 0xf9, 0xfc, 0x07, 
    0xfc, 0xfc, 0x03, 0xf8, 0x01, 0x06, 0xfc, 0xf9, 0xff, 0xfe, 0xfa, 0x01, 
    0x08, 0x01, 0xf8, 0xfd, 0xfa, 0x05, 0xf9, 0x02, 0x03, 0xfc, 0x06, 0x03, 
    0xfd, 0x05, 0x02, 0x02, 0xfa, 0xf9, 0xf8, 0x03, 0x05, 0x06, 0x02, 0x08, 
    0x04, 0xfd, 0xfb, 0x00, 0x06, 0x00, 0xf8, 0xf9, 0x04, 0xf9, 0x02, 0x07, 
    0x03, 0xfe, 0xfc, 0xfe, 0xfb, 0xfc, 0xff, 0x05, 0x07, 0xfb, 0xfb, 0xfd, 
    0x07, 0x05, 0x00, 0xf8, 0xfc, 0xfd, 0x05, 0xfc, 0xfd, 0x05, 0x00, 0x00, 
    0x05, 0x01, 0x05, 0xfc, 0x05, 0xfe, 0xf9, 0x02, 0x00, 0x05, 0xfb, 0xfa, 
    0xfb, 0x06, 0x03, 0x02, 0xff, 0x01, 0xfa, 0x07, 0xfd, 0x03, 0x08, 0x05, 
    0xf8, 0x00, 0xfa, 0xfc, 0xfb, 0x02, 0xfd, 0xfe, 0xfb, 0xf8, 0xff, 0x00, 
    0x08, 0x02, 0x05, 0xf9, 0x00, 0xf9, 0xf9, 0x04, 0x02, 0x05, 0xff, 0x02, 
    0xf9, 0xfa, 0x06, 0x04, 0xfd, 0xf9, 0x04, 0x01, 0x02, 0xff, 0x07, 0x02, 
    0x02, 0xfc, 0x06, 0xfe, 0x06, 0x08, 0x04, 0x08, 0xfd, 0x01, 0xfa, 0xfd, 
    0x03, 0x04, 0xf8, 0xfd, 0x03, 0x02, 0x05, 0x01, 0x03, 0xf9, 0xfa, 0x08, 
    0xff, 0xfd, 0xfa, 0xf8, 0x04, 0xfd, 0xfb, 0x03, 0x03, 0xfc, 0xfe, 0x07, 
    0x07, 0x00, 0x07, 0xff, 0xfe, 0xf9, 0xfb, 0xf9, 0xfb, 0xfe, 0xfc, 0xfe, 
    0x04, 0xfb, 0x02, 0x01, 0x07, 0x08, 0x00, 0xfd, 0x06, 0x05, 0xfd, 0x02, 
    0xf8, 0x04, 0xfa, 0x00, 0x03, 0xfc, 0xfd, 0x07, 0x06, 0x05, 0x00, 0xff, 
    0xfa, 0xfb, 0xfd, 0x00, 0xfc, 0x01, 0x00, 0xfb, 0xfd, 0x07, 0x02, 0xfe, 
    0xfc, 0xfb, 0xfe, 0xfe, 0xff, 0xfe, 0xf9, 0x05, 0xfd, 0x07, 0xff, 0xfd, 
    0x05, 0xfe, 0xfb, 0x00, 0xfa, 0x00, 0x05, 0xf8, 0x03, 0x06, 0xfd, 0x00, 
    0x01, 0x01, 0x06, 0x00, 0xfc, 0xf9, 0x05, 0xfe, 0xfc, 0x07, 0xfb, 0x01, 
    0xff, 0x07, 0xfe, 0x08, 0x05, 0xfe, 0x03, 0xfd, 0xfb, 0xfb, 0x06, 0x03, 
    0xf9, 0x06, 0xfb, 0x08, 0x01, 0xff, 0x02, 0xfb, 0x05, 0x07, 0x03, 0xfd, 
    0xfe, 0x02, 0x03, 0x02, 0xfe, 0x05, 0x04, 0x02, 0x05, 0x00, 0x01, 0x03, 
    0xfc, 0xfb, 0xff, 0x03, 0xfe, 0xfe, 0xff, 0xf9, 0xfc, 0xff, 0x03, 0x03, 
    0xf8, 0xfa, 0xfb, 0xfd, 0xfb, 0xf9, 0xff, 0xff, 0xfb, 0x08, 0xfb, 0xf8, 
    0xfd, 0xf9, 0x07, 0x00, 0x06, 0xfb, 0x07, 0xf9, 0x06, 0x03, 0x05, 0x03, 
    0x04, 0xfd, 0x01, 0x00, 0xfe, 0xf8, 0xfb, 0x08, 0x05, 0x00, 0xfa, 0xf8, 
    0xfe, 0x03, 0xfa, 0xfb, 0x02, 0x02, 0xfa, 0xff, 0xfa, 0x04, 0x06, 0xf8, 
    0x08, 0xff, 0xff, 0x04, 0xf9, 0xfd, 0x04, 0x04, 0xfb, 0x03, 0xfe, 0xfc, 
    0x02, 0x04, 0x06, 0xfe, 0x07, 0x06, 0xfd, 0xfb, 0x02, 0xfc, 0xfc, 0xfc, 
    0x00, 0xfe, 0x05, 0x05, 0x01, 0xfa, 0x03, 0x01, 0x05, 0xf8, 0xfe, 0xfb, 
    0x08, 0x02, 0xfd, 0xf9, 0x04, 0xfe, 0x01, 0xfd, 0xf9, 0xf9, 0x02, 0x00, 
    0x07, 0x00, 0x04, 0xfc, 0x01, 0xfe, 0xfd, 0xfd, 0x07, 0x00, 0x01, 0xfe, 
    0x05, 0x00, 0xff, 0xfa, 0x02, 0xfa, 0xfe, 0x01, 0xfc, 0xfb, 0xfa, 0xfc, 
    0x08, 0x01, 0xfa, 0x07, 0xf8, 0x03, 0x02, 0x07, 0x05, 0xfa, 0xf8, 0xf8, 
    0xfb, 0xfb, 0xfb, 0x03, 0x05, 0xfe, 0xfc, 0x03, 0x03, 0xfb, 0x05, 0xfe, 
    0xfd, 0x02, 0x00, 0x02, 0xfe, 0xfc, 0xf9, 0xfb, 0x02, 0x01, 0xfa, 0x06, 
    0x05, 0x01, 0xfe, 0xfd, 0xf9, 0xf9, 0xfd, 0x02, 0x03, 0x03, 0x05, 0xf8, 
    0x06, 0xfa, 0x00, 0x05, 0x07, 0xf9, 0xf9, 0xfa, 0x06, 0x05, 0xf9, 0xff, 
    0x02, 0xf9, 0x05, 0xf9, 0xfc, 0xfb, 0x04, 0x05, 0xfb, 0xfc, 0x01, 0xfa, 
    0xfa, 0x02, 0x08, 0x06, 0xfe, 0x00, 0xfc, 0xff, 0x01, 0x04, 0xf9, 0x06, 
    0xff, 0x06, 0x08, 0xfe, 0x04, 0xfe, 0x06, 0x05, 0xfb, 0x00, 0x01, 0xf9, 
    0x01, 0x03, 0xfa, 0xfb, 0x04, 0x07, 0x05, 0x06, 0x01, 0xfe, 0xfe, 0x01, 
    0x05, 0x08, 0xfd, 0xfe, 0x05, 0x08, 0x02, 0xfc, 0xf9, 0xfb, 0x01, 0x03, 
    0x05, 0x08, 0x01, 0x02, 0x05, 0xfc, 0xfe, 0xfd, 0xf9, 0xfa, 0xfa, 0xfa, 
    0xfb, 0xf9, 0xfa, 0x01, 0x02, 0xff, 0x02, 0x04, 0xfb, 0xff, 0x01, 0x01, 
    0x05, 0x02, 0xf9, 0x06, 0x07, 0x04, 0x08, 0xff, 0x05, 0x07, 0xfd, 0xfa, 
    0x06, 0x07, 0x03, 0x07, 0xfa, 0xf9, 0xff, 0x08, 0xfb, 0x02, 0x05, 0x07, 
    0x03, 0x04, 0x06, 0x00, 0x08, 0x01, 0x05, 0xf9, 0x04, 0x05, 0x00, 0x04, 
    0x02, 0xf9, 0xfd, 0x02, 0xf9, 0x02, 0xff, 0xf8, 0xf9, 0xfb, 0xf9, 0x03, 
    0xfb, 0xfc, 0x00, 0x00, 0xfa, 0x02, 0x07, 0xfd, 0x00, 0xfb, 0xfd, 0x04, 
    0x00, 0xff, 0x04, 0xfd, 0x02, 0x05, 0xfe, 0xfa, 0x03, 0x07, 0xfa, 0xfc, 
    0xfe, 0xff, 0xff, 0xf9, 0xf8, 0x00, 0xfa, 0x02, 0x06, 0xfb, 0xfa, 0xff, 
    0x04, 0x04, 0x00, 0xf9, 0x00, 0xfd, 0xfb, 0x07, 0x06, 0xfb, 0x06, 0x05, 
    0x03, 0xf9, 0xfe, 0xfc, 0xfc, 0x01, 0x02, 0x00, 0xfa, 0x01, 0xf8, 0xfd, 
    0x02, 0xfc, 0xf8, 0x05, 0xf8, 0xfa, 0xff, 0x01, 0xfa, 0xf9, 0x04, 0x05, 
    0xfc, 0xfb, 0x02, 0xfe, 0x05, 0xff, 0x06, 0x07, 0xfe, 0xfb, 0x05, 0xfd, 
    0xfa, 0xff, 0x01, 0xf8, 0x03, 0x01, 0x06, 0xf9, 0x07, 0x01, 0xfe, 0x04, 
    0xf9, 0x01, 0xfd, 0x00, 0xfb, 0x06, 0xff, 0x07, 0x04, 0x04, 0xfa, 0x01, 
    0x02, 0x04, 0xfc, 0x04, 0xfe, 0xfa, 0xfa, 0xfd, 0x00, 0xf8, 0x04, 0x07, 
    0x07, 0xfa, 0xfa, 0xff, 0x04, 0xf8, 0xf9, 0x05, 0x04, 0x05, 0x08, 0x02, 
    0x04, 0x03, 0x07, 0xfe, 0xfc, 0x06, 0x06, 0x04, 0xfa, 0x06, 0x03, 0x01, 
    0x02, 0x01, 0xfe, 0x02, 0xf9, 0xff, 0x05, 0x05, 0x05, 0xf8, 0xfc, 0xf9, 
    0xf9, 0xfe, 0xfd, 0xfe, 0xfe, 0xfb, 0x07, 0xfe, 0x05, 0x02, 0x01, 0x07, 
    0x00, 0x03, 0x00, 0xfb, 0x06, 0xff, 0x05, 0x01, 0x04, 0xfd, 0xfe, 0xfb, 
    0xff, 0x03, 0x03, 0xfa, 0x03, 0xff, 0xfb, 0x02, 0x01, 0xfb, 0xf8, 0x07, 
    0x05, 0xfc, 0x03, 0x04, 0x03, 0x05, 0xfb, 0x06, 0x04, 0x01, 0xfd, 0x04, 
    0xfa, 0xff, 0x03, 0xf9, 0xff, 0x03, 0xfe, 0xf9, 0x06, 0xfe, 0xfe, 0x04, 
    0xfa, 0xfd, 0x03, 0xfb, 0x05, 0x07, 0x00, 0xfc, 0x01, 0x00, 0x06, 0xf9, 
    0x00, 0x01, 0x01, 0x04, 0x05, 0x06, 0xff, 0x04, 0x06, 0xfa, 0x01, 0x00, 
    0xfb, 0x06, 0xfb, 0x01, 0x04, 0x04, 0x06, 0xfb, 0xfc, 0xfd, 0xfe, 0x06, 
    0x06, 0xff, 0xfe, 0x02, 0xfa, 0xff, 0x07, 0x02, 0xfd, 0x02, 0xfa, 0x07, 
    0x03, 0xfb, 0xff, 0x04, 0x03, 0xff, 0xff, 0xfa, 0x04, 0xfc, 0xfe, 0x00, 
    0x01, 0x05, 0x01, 0xfe, 0x00, 0xfe, 0x03, 0xfe, 0xfe, 0x08, 0xfe, 0x06, 
    0xfc, 0x07, 0xfb, 0x00, 0x06, 0xff, 0x03, 0x07, 0xfa, 0x08, 0xfc, 0xff, 
    0xf9, 0xfb, 0xfc, 0x05, 0x06, 0x06, 0xfe, 0xfc, 0x06, 0xf9, 0x07, 0xf9, 
    0x01, 0xfc, 0xfb, 0x03, 0xfe, 0x08, 0xfb, 0x03, 0xfe, 0x08, 0x01, 0xfe, 
    0x04, 0x05, 0x07, 0x05, 0xf9, 0xfe, 0x05, 0x04, 0x00, 0xff, 0xf9, 0x01, 
    0xfb, 0xfb, 0x07, 0xfc, 0xfa, 0xf9, 0xff, 0x02, 0x00, 0xf8, 0x02, 0x00, 
    0x01, 0xf8, 0x02, 0xfd, 0x03, 0x03, 0xf9, 0xfb, 0xfe, 0x02, 0x04, 0xfc, 
    0x04, 0xfe, 0x00, 0x07, 0xfe, 0xfc, 0x05, 0xfa, 0xf8, 0xff, 0xff, 0x02, 
    0x05, 0xfa, 0xf9, 0xfa, 0xfb, 0x05, 0xfb, 0xf9, 0x00, 0xfd, 0x05, 0xff, 
    0x01, 0xf9, 0xfe, 0xf9, 0xfa, 0x00, 0x05, 0x01, 0x03, 0x00, 0xfc, 0x06, 
    0xfe, 0xfb, 0xfb, 0xff, 0x04, 0xfe, 0xfe, 0x02, 0xfc, 0xfb, 0xf9, 0x05, 
    0xff, 0xff, 0xf9, 0x06, 0x01, 0x08, 0x02, 0xfc, 0xf9, 0x03, 0xfc, 0x02, 
    0xfa, 0xfb, 0x06, 0x08, 0x07, 0x01, 0x04, 0x00, 0x05, 0x05, 0x07, 0xfe, 
    0x02, 0x01, 0x07, 0xfe, 0x02, 0x07, 0xfd, 0x04, 0x07, 0x03, 0x00, 0x01, 
    0xff, 0xf9, 0x06, 0xfc, 0xfb, 0xfd, 0xfa, 0xfb, 0xfc, 0x06, 0x04, 0xff, 
    0xfb, 0x04, 0x00, 0xfd, 0xf8, 0x01, 0xfc, 0x02, 0x04, 0xfc, 0xfb, 0x06, 
    0x04, 0xf8, 0xf8, 0x07, 0xf8, 0x03, 0x01, 0xfb, 0x07, 0x03, 0xfb, 0x04, 
    0xfe, 0xfb, 0x01, 0xfd, 0xfa, 0x03, 0x00, 0xfb, 0xff, 0xfe, 0xf9, 0x06, 
    0x04, 0x04, 0x04, 0xfd, 0x08, 0x02, 0xfa, 0x01, 0x07, 0xf9, 0x04, 0x08, 
    0x03, 0x01, 0xf9, 0x01, 0xfa, 0x04, 0x00, 0xfe, 0xfc, 0x06, 0x04, 0x06, 
    0xfc, 0xfd, 0x05, 0x04, 0x04, 0xfa, 0x05, 0x02, 0xf9, 0xfc, 0xfa, 0xfd, 
    0xfc, 0xfd, 0xfb, 0x04, 0xfb, 0x00, 0x02, 0x06, 0x02, 0x08, 0xfc, 0xf8, 
    0xfd, 0xfd, 0x06, 0xfa, 0xfc, 0x08, 0xff, 0x06, 0x07, 0x06, 0xf9, 0x02, 
    0x03, 0x06, 0xfa, 0xfc, 0xf9, 0xfe, 0x05, 0x02, 0xff, 0xf8, 0xff, 0xfe, 
    0x08, 0xfc, 0x03, 0x05, 0xf8, 0x00, 0x06, 0x04, 0x07, 0xfc, 0x06, 0x07, 
    0xfe, 0x06, 0x04, 0x07, 0xf9, 0xfd, 0x05, 0xf8, 0x04, 0x02, 0xff, 0xfb, 
    0xf9, 0x04, 0xf8, 0xff, 0xfe, 0xfd, 0xfc, 0xfb, 0x04, 0xfb, 0x04, 0xf9, 
    0x01, 0x00, 0x05, 0x08, 0x02, 0x00, 0xf8, 0xfb, 0x07, 0xf8, 0xf9, 0xff, 
    0x00, 0xfb, 0xff, 0xfb, 0x01, 0x07, 0x04, 0x05, 0x04, 0x01, 0x02, 0xfa, 
    0xfd, 0x04, 0xfe, 0xfa, 0xfa, 0x06, 0x06, 0x05, 0x08, 0x01, 0x06, 0xfe, 
    0x08, 0xff, 0x00, 0x08, 0xf9, 0xfb, 0x00, 0xfe, 0xfb, 0xfe, 0x06, 0x00, 
    0xfd, 0xf8, 0x07, 0x06, 0xfd, 0xfe, 0xfd, 0xfd, 0x05, 0x08, 0x06, 0x05, 
    0x06, 0xfa, 0x01, 0xf8, 0xfe, 0xfb, 0xfb, 0x04, 0xfd, 0x03, 0xfd, 0x05, 
    0x05, 0x01, 0xf8, 0xff, 0x00, 0xfd, 0xfc, 0x06, 0xfd, 0x05, 0x04, 0xf9, 
    0x06, 0x01, 0xfa, 0x06, 0x03, 0xfe, 0x05, 0x01, 0x07, 0x02, 0xf9, 0xfb, 
    0x04, 0xff, 0x06, 0xfb, 0xfe, 0xf9, 0x02, 0x07, 0x05, 0x07, 0x03, 0xfc, 
    0xf9, 0x08, 0xfd, 0xff, 0x07, 0x07, 0x00, 0x07, 0xfa, 0xfe, 0x03, 0x03, 
    0xff, 0x05, 0x07, 0xfc, 0xf8, 0xf9, 0x05, 0x07, 0x01, 0xfd, 0xf8, 0xfb, 
    0xff, 0xfb, 0x08, 0x02, 0xf9, 0x05, 0x01, 0xf9, 0x00, 0x03, 0xfe, 0xff, 
    0xff, 0xfb, 0xfe, 0xfc, 0xfc, 0xfa, 0xfb, 0xff, 0xfc, 0x05, 0x05, 0x03, 
    0xfd, 0x06, 0x06, 0x04, 0x03, 0x00, 0x00, 0x00, 0xff, 0x01, 0xf9, 0xf9, 
    0x08, 0x01, 0x04, 0xfe, 0x01, 0xff, 0x05, 0xfc, 0xfd, 0x01, 0x04, 0x03, 
    0xfb, 0x00, 0x04, 0x03, 0x02, 0xfc, 0xfb, 0x02, 0x08, 0xfd, 0x01, 0x05, 
    0xff, 0xf9, 0xfb, 0x01, 0xfe, 0xfb, 0xfa, 0xfd, 0xfd, 0x05, 0x05, 0x07, 
    0x03, 0x01, 0xfe, 0x02, 0xf9, 0x02, 0xfa, 0x04, 0xfe, 0xf9, 0xfe, 0x00, 
    0x08, 0x07, 0xfd, 0xfc, 0x02, 0x04, 0xff, 0xf8, 0xff, 0xf8, 0x01, 0x07, 
    0x00, 0x03, 0xfd, 0x07, 0x03, 0xfd, 0x05, 0x03, 0x04, 0xfc, 0xfe, 0xfb, 
    0x03, 0x01, 0x01, 0x03, 0xf9, 0xfb, 0x05, 0x08, 0x07, 0xfb, 0xf8, 0x08, 
    0x04, 0xf9, 0x02, 0xfd, 0x05, 0xfc, 0x03, 0xff, 0x00, 0xfd, 0x07, 0xfa, 
    0x03, 0x07, 0xfe, 0x07, 0x06, 0x07, 0xfd, 0xff, 0x08, 0x00, 0xfe, 0xff, 
    0x08, 0x02, 0xff, 0xfa, 0xff, 0xfa, 0xf9, 0x02, 0x00, 0xfc, 0x01, 0x05, 
    0x08, 0x05, 0xfa, 0xfd, 0x03, 0xfc, 0x00, 0x02, 0x03, 0xfa, 0x00, 0x07, 
    0x07, 0x02, 0xf8, 0x05, 0xfd, 0xfa, 0xfa, 0x01, 0x04, 0xfc, 0x07, 0xf8, 
    0x05, 0xfd, 0xfd, 0xfd, 0xfb, 0x03, 0xf9, 0x01, 0xff, 0x06, 0xff, 0x03, 
    0xff, 0x01, 0xfa, 0xfd, 0x04, 0x07, 0x07, 0xfd, 0xf9, 0x08, 0xff, 0x05, 
    0xff, 0x03, 0x04, 0xfd, 0x00, 0x01, 0x02, 0x01, 0xfe, 0xfc, 0x02, 0x01, 
    0xfc, 0xfd, 0x08, 0xf8, 0xf9, 0x05, 0xfb, 0x03, 0x04, 0x05, 0x04, 0x08, 
    0xfb, 0x00, 0xfc, 0xfe, 0x00, 0x05, 0x05, 0x00, 0x07, 0xfe, 0x00, 0x02, 
    0x04, 0x00, 0x02, 0xf9, 0x06, 0xfd, 0x00, 0xfb, 0x06, 0xfd, 0xf8, 0xff, 
    0x03, 0x01, 0x05, 0x07, 0xfc, 0xfc, 0xf9, 0xff, 0xfa, 0xfe, 0x03, 0x07, 
    0x06, 0x00, 0x03, 0x06, 0xf9, 0xfc, 0x02, 0x00, 0x08, 0x07, 0x06, 0xfb, 
    0xfe, 0xf8, 0xfe, 0xff, 0x01, 0xfe, 0x04, 0x05, 0xff, 0xfd, 0xfa, 0xf9, 
    0xf9, 0x02, 0x07, 0xfc, 0x05, 0xfc, 0xf9, 0xfe, 0x06, 0x02, 0x01, 0x07, 
    0xf9, 0x03, 0x00, 0x00, 0xfb, 0x00, 0xfb, 0x06, 0x06, 0x00, 0xfd, 0x08, 
    0x04, 0xfe, 0x00, 0x00, 0x00, 0xf8, 0xfc, 0x00, 0xfb, 0xfb, 0x07, 0xff, 
    0x07, 0x02, 0xf9, 0xff, 0xfe, 0x06, 0xfc, 0x03, 0xf9, 0xff, 0x01, 0xfb, 
    0xfc, 0x08, 0xfd, 0x00, 0xfb, 0x06, 0x06, 0x03, 0x03, 0x02, 0x05, 0xfd, 
    0x06, 0xf9, 0xfb, 0x00, 0xf9, 0x03, 0xfe, 0xfe, 0xfc, 0xfb, 0x02, 0x03, 
    0xfc, 0x06, 0x00, 0xf8, 0xff, 0xfc, 0x05, 0x07, 0x07, 0xfb, 0x00, 0x05, 
    0x04, 0xfa, 0xf8, 0x06, 0x07, 0x05, 0xfc, 0x06, 0xf9, 0x02, 0x04, 0xfc, 
    0x01, 0x01, 0xfe, 0x06, 0x05, 0x07, 0x03, 0xf9, 0x02, 0x04, 0xfa, 0x04, 
    0x02, 0xfe, 0xfa, 0x03, 0x00, 0x00, 0x00, 0xfc, 0x00, 0x05, 0x03, 0xfc, 
    0xfd, 0x04, 0xfe, 0xf9, 0x04, 0x00, 0xfc, 0x03, 0xf9, 0x04, 0xfd, 0x04, 
    0xf8, 0x03, 0x07, 0x02, 0xfd, 0xfb, 0xfb, 0xfb, 0x06, 0xfa, 0xfa, 0xfa, 
    0xfe, 0xff, 0x01, 0xfd, 0xfa, 0x03, 0xf9, 0xff, 0x03, 0x04, 0x01, 0xfb, 
    0xfb, 0xff, 0x01, 0xfd, 0xfc, 0xfc, 0x02, 0x02, 0x06, 0x03, 0xf9, 0xf9, 
    0x06, 0x01, 0x06, 0x02, 0xf9, 0x05, 0x04, 0xfe, 0xfc, 0xfb, 0xf8, 0x01, 
    0x07, 0xfd, 0xfa, 0xfc, 0xfa, 0xff, 0xfd, 0x03, 0x02, 0xfb, 0xfa, 0x03, 
    0xfb, 0xfa, 0x04, 0x00, 0x06, 0x00, 0xff, 0x01, 0xf8, 0x02, 0x04, 0xf9, 
    0xfd, 0xfc, 0x00, 0x07, 0x01, 0xfb, 0xfa, 0x08, 0xff, 0xfb, 0xf8, 0xf9, 
    0x06, 0x07, 0x06, 0xfa, 0x05, 0xfb, 0x03, 0xfe, 0xf8, 0xfe, 0x08, 0xfc, 
    0xfb, 0x00, 0x04, 0x07, 0x04, 0xff, 0xfe, 0x07, 0x07, 0x04, 0xfb, 0x01, 
    0xfc, 0x03, 0x04, 0x04, 0x06, 0xf9, 0x05, 0xfc, 0x01, 0x01, 0x00, 0x07, 
    0xfa, 0xfa, 0x04, 0x07, 0x08, 0x05, 0xf8, 0x07, 0x04, 0x06, 0xfd, 0x06, 
    0xfe, 0x02, 0x02, 0x07, 0x01, 0xfe, 0x08, 0x05, 0xf8, 0xfc, 0x05, 0x04, 
    0x05, 0x07, 0xfb, 0xfb, 0x06, 0x06, 0x05, 0xff, 0xfe, 0x07, 0xf9, 0x00, 
    0xfb, 0x04, 0xfe, 0xfc, 0xfd, 0xfe, 0xfa, 0x03, 0xfa, 0xfe, 0x02, 0x03, 
    0x07, 0x04, 0xf8, 0xfd, 0xfd, 0x05, 0xfd, 0x04, 0xf8, 0xf8, 0x07, 0xfb, 
    0x06, 0x06, 0x01, 0xff, 0xfd, 0xff, 0x06, 0x08, 0x05, 0x06, 0xfd, 0x00, 
    0x07, 0xf8, 0x05, 0x07, 0xfb, 0xfd, 0xf9, 0x05, 0xf9, 0x08, 0xfc, 0xff, 
    0xfb, 0x06, 0x06, 0xf8, 0xfe, 0xf9, 0x03, 0x06, 0x08, 0x00, 0xff, 0xf9, 
    0x03, 0xfd, 0xf8, 0xfd, 0xfb, 0x00, 0xfa, 0x04, 0xfc, 0xfb, 0x04, 0xfb, 
    0xfb, 0x04, 0xfd, 0x08, 0x03, 0xfc, 0xfb, 0x03, 0x03, 0xfd, 0x02, 0x02, 
    0xff, 0x05, 0xf8, 0x08, 0x03, 0x06, 0xfe, 0x07, 0xfe, 0x03, 0x06, 0xfe, 
    0x04, 0xfa, 0x04, 0xfa, 0x06, 0xfc, 0xf8, 0x07, 0x03, 0x01, 0x00, 0x01, 
    0xfe, 0x06, 0x01, 0x07, 0x00, 0x07, 0xfc, 0x00, 0xf9, 0x08, 0x06, 0xff, 
    0x01, 0x00, 0x06, 0xf8, 0xf8, 0xf9, 0x06, 0xfc, 0x02, 0xfd, 0xfb, 0xfc, 
    0x04, 0xfc, 0x04, 0x03, 0xfd, 0xfb, 0xfd, 0x02, 0xf9, 0xfc, 0xf9, 0xf9, 
    0xfa, 0x03, 0xfa, 0x06, 0xfa, 0xfa, 0xfd, 0x08, 0x03, 0xfe, 0xfb, 0x03, 
    0x04, 0x00, 0xfc, 0xf8, 0xfe, 0xf9, 0x07, 0x00, 0xfa, 0x03, 0x00, 0x02, 
    0xf8, 0xfd, 0xfb, 0x01, 0xfd, 0xfe, 0x07, 0x03, 0x04, 0xfb, 0x00, 0xff, 
    0xfb, 0x03, 0xf8, 0xfd, 0x07, 0xfd, 0x05, 0xf9, 0x01, 0xfc, 0x06, 0x05, 
    0xfa, 0xf8, 0xfd, 0xf8, 0x04, 0xfa, 0xfa, 0x05, 0xff, 0x06, 0xfe, 0xff, 
    0xfd, 0xff, 0x04, 0xff, 0xf9, 0xfd, 0x01, 0x01, 0x02, 0x08, 0xf9, 0xf9, 
    0xfb, 0xfa, 0x06, 0xfe, 0xfd, 0xfe, 0xfa, 0x05, 0xfc, 0xff, 0xfa, 0xfa, 
    0x04, 0xff, 0x05, 0xfd, 0xf9, 0x04, 0xfb, 0x01, 0xff, 0x05, 0xfd, 0xf8, 
    0x08, 0xf8, 0x03, 0x02, 0x07, 0xff, 0xf9, 0x02, 0xfa, 0xfa, 0x05, 0xff, 
    0x00, 0x04, 0xfa, 0xfe, 0x08, 0x06, 0x03, 0xf9, 0x08, 0x02, 0xfc, 0xf9, 
    0x03, 0x04, 0x01, 0xf8, 0x03, 0x07, 0xf8, 0x01, 0xfe, 0x04, 0x03, 0xf9, 
    0x05, 0x02, 0x07, 0xfe, 0x04, 0xfb, 0x03, 0x04, 0xff, 0x04, 0x03, 0x06, 
    0x02, 0x07, 0xff, 0xfd, 0xfa, 0x07, 0xfd, 0x00, 0xfe, 0xfe, 0x05, 0x00, 
    0xf8, 0xfd, 0x05, 0xfb, 0xff, 0xfa, 0x02, 0x00, 0x04, 0xff, 0x06, 0x03, 
    0x05, 0xfe, 0xf9, 0xfb, 0x06, 0x07, 0xfe, 0xfa, 0x08, 0x06, 0xfd, 0x00, 
    0xf9, 0xfd, 0xfb, 0x06, 0x01, 0x04, 0x06, 0xf9, 0xfb, 0x08, 0xfe, 0x07, 
    0x02, 0xfa, 0x03, 0xfa, 0x06, 0x05, 0x02, 0x06, 0xfa, 0x04, 0x01, 0xfd, 
    0x08, 0xfe, 0x05, 0xfe, 0x00, 0x03, 0x02, 0x02, 0x02, 0x03, 0x05, 0xfe, 
    0x07, 0x07, 0xfa, 0xfc, 0x00, 0x03, 0x06, 0x06, 0x06, 0x03, 0xff, 0x07, 
    0xfb, 0xfb, 0xfa, 0x07, 0x00, 0x07, 0x02, 0xfa, 0xfc, 0x06, 0xfb, 0xff, 
    0x00, 0x06, 0x06, 0xfd, 0xf9, 0x05, 0xff, 0x01, 0x08, 0xff, 0x06, 0x04, 
    0x05, 0x00, 0xfe, 0xf9, 0x04, 0xfb, 0xfc, 0x04, 0x01, 0xfa, 0x07, 0x04, 
    0x05, 0x00, 0xfb, 0xfa, 0xfe, 0x05, 0xf9, 0x04, 0xfc, 0x06, 0xfa, 0x05, 
    0xfd, 0xf9, 0xfc, 0x00, 0x03, 0xfd, 0xfd, 0xfb, 0xfb, 0xfe, 0xfd, 0xfd, 
    0xff, 0x00, 0xf9, 0xff, 0x05, 0x05, 0x08, 0x02, 0x05, 0xfd, 0x06, 0x00, 
    0x03, 0x04, 0xfa, 0x05, 0xfd, 0xf9, 0x04, 0x06, 0x01, 0x02, 0x06, 0xff, 
    0x00, 0xfe, 0x02, 0xf8, 0xff, 0x04, 0xfa, 0xfb, 0x04, 0xf9, 0xfe, 0xfe, 
    0xfc, 0xf8, 0xfb, 0xf8, 0x07, 0xfc, 0xfe, 0x07, 0xf9, 0x02, 0x05, 0x03, 
    0x02, 0xfd, 0xfa, 0xfe, 0xfa, 0x05, 0xfc, 0x00, 0x04, 0x05, 0x04, 0x07, 
    0xfa, 0xfc, 0x06, 0x04, 0x01, 0x03, 0x08, 0xfa, 0x05, 0xfb, 0x04, 0x05, 
    0x04, 0x07, 0x07, 0xff, 0x03, 0xf8, 0x03, 0xff, 0x05, 0xfe, 0xfe, 0x07, 
    0xff, 0x04, 0x03, 0xf8, 0xff, 0xfc, 0xfe, 0xff, 0xfc, 0x04, 0xfe, 0xfd, 
    0xfe, 0xff, 0x08, 0xfa, 0xfd, 0x02, 0x01, 0xf9, 0xfa, 0x01, 0xfe, 0xfe, 
    0xfc, 0x07, 0x01, 0xfd, 0x04, 0x07, 0x05, 0x03, 0x03, 0xfa, 0xf8, 0xfc, 
    0xff, 0xf9, 0xf8, 0x01, 0x05, 0x08, 0x02, 0x02, 0x06, 0xff, 0xfa, 0x07, 
    0x06, 0x08, 0x03, 0x05, 0xfc, 0x05, 0x02, 0x08, 0x05, 0x00, 0xfd, 0x08, 
    0x03, 0xfc, 0x02, 0xff, 0x02, 0x01, 0x01, 0xff, 0x03, 0x07, 0x02, 0x06, 
    0x05, 0x01, 0x05, 0xfe, 0x07, 0xfe, 0x02, 0x04, 0xfe, 0x08, 0xfb, 0xfd, 
    0xfc, 0x05, 0xfa, 0x00, 0xfa, 0x00, 0x01, 0xfa, 0x04, 0xf9, 0xfd, 0xfe, 
    0xfd, 0x01, 0xf9, 0x01, 0x04, 0x02, 0x00, 0xfd, 0x00, 0xf8, 0x04, 0x02, 
    0xfe, 0xfd, 0xfb, 0x07, 0x00, 0x00, 0xfd, 0x07, 0x03, 0xfb, 0x08, 0x04, 
    0xfc, 0x06, 0xf8, 0xff, 0x07, 0x01, 0x06, 0x01, 0x07, 0xf8, 0xfd, 0x06, 
    0x07, 0xfe, 0x06, 0x07, 0xff, 0x06, 0xff, 0xff, 0x03, 0xf9, 0x05, 0x02, 
    0xfe, 0xfb, 0xf8, 0xfd, 0xfd, 0xfc, 0x01, 0x00, 0x07, 0xff, 0xfc, 0x04, 
    0xfd, 0xfd, 0xff, 0xfc, 0x00, 0x05, 0x05, 0x08, 0xfa, 0xf9, 0xfe, 0xfb, 
    0xf9, 0xf9, 0xf8, 0x02, 0x01, 0x02, 0x03, 0xff, 0x00, 0x04, 0x00, 0xfa, 
    0x06, 0xf9, 0x02, 0x06, 0x05, 0x00, 0xfa, 0x03, 0xff, 0xff, 0xfb, 0xf9, 
    0xfd, 0xfa, 0x07, 0xf9, 0xf8, 0x01, 0x00, 0xfc, 0x03, 0x08, 0x04, 0xf9, 
    0x05, 0xfd, 0xfe, 0x00, 0x00, 0xf8, 0x03, 0xfc, 0x02, 0xfc, 0x02, 0x04, 
    0x06, 0x06, 0xfd, 0xff, 0xfe, 0xfd, 0x06, 0x07, 0x03, 0xfa, 0xfd, 0xf8, 
    0x06, 0xfb, 0x03, 0x06, 0x03, 0xf9, 0x03, 0xff, 0xfc, 0xf8, 0xfd, 0x01, 
    0x06, 0x06, 0xf9, 0xff, 0x08, 0xff, 0xf9, 0xfa, 0xf9, 0x08, 0x01, 0x01, 
    0x04, 0xf8, 0xfa, 0xff, 0x08, 0x03, 0xf9, 0x01, 0xfd, 0x06, 0x00, 0xf8, 
    0x03, 0xfb, 0xfa, 0x05, 0xff, 0x02, 0x03, 0x03, 0xff, 0x07, 0xfd, 0x08, 
    0xfc, 0x06, 0x07, 0xfa, 0xfd, 0x04, 0x02, 0x05, 0x01, 0x00, 0xfb, 0x07, 
    0xf9, 0x08, 0xff, 0xfb, 0xf8, 0x07, 0x05, 0xf9, 0x04, 0x08, 0x06, 0x00, 
    0xfa, 0xf8, 0xfe, 0xfe, 0x07, 0x07, 0x04, 0x03, 0x06, 0x05, 0xf8, 0x04, 
    0xfe, 0xf8, 0x02, 0xf9, 0x06, 0x05, 0xfc, 0x00, 0xf9, 0x06, 0x01, 0x06, 
    0x06, 0x00, 0x03, 0xfa, 0xfc, 0xf9, 0x02, 0x00, 0x02, 0x08, 0x07, 0x03, 
    0x01, 0xfe, 0x03, 0xfb, 0xfe, 0x02, 0x03, 0xfc, 0x05, 0x08, 0x05, 0xf9, 
    0x00, 0x07, 0xf9, 0x06, 0x00, 0x03, 0x05, 0x00, 0xfe, 0xf9, 0xfe, 0xfe, 
    0xfb, 0x07, 0xfb, 0xfa, 0x06, 0x06, 0x03, 0x02, 0xf9, 0x00, 0xfa, 0x05, 
    0xfd, 0xfd, 0x00, 0x02, 0xf9, 0xfb, 0xfe, 0x02, 0x00, 0xfd, 0x02, 0xff, 
    0xf8, 0xfb, 0xfa, 0xfe, 0xf8, 0xff, 0x07, 0xfa, 0xfc, 0xf9, 0xf9, 0x05, 
    0x07, 0xf9, 0xff, 0x06, 0x02, 0x00, 0x08, 0x05, 0xf9, 0x05, 0x07, 0x00, 
    0xff, 0x06, 0xfe, 0xf9, 0xfa, 0xff, 0xf9, 0xf9, 0xfa, 0x05, 0x06, 0xfd, 
    0x01, 0x04, 0x06, 0xfe, 0x00, 0xfa, 0xfb, 0x01, 0xfe, 0xf8, 0xfe, 0xfc, 
    0x03, 0xff, 0x06, 0xfa, 0xfb, 0x00, 0x06, 0x01, 0x08, 0xfa, 0xfa, 0x04, 
    0x05, 0x02, 0xff, 0xfb, 0xfb, 0xf9, 0xfe, 0xfb, 0x04, 0xfb, 0x03, 0xfa, 
    0xfa, 0x03, 0xfb, 0x08, 0xfa, 0xfc, 0xfc, 0xfe, 0xfd, 0xfb, 0x03, 0xfa, 
    0xfa, 0x04, 0x07, 0x01, 0xff, 0x00, 0x04, 0xf8, 0x05, 0xfa, 0x07, 0x04, 
    0xf9, 0x03, 0xfd, 0xf8, 0xfd, 0xfd, 0x00, 0x04, 0xf9, 0x03, 0x01, 0x04, 
    0xf8, 0xf9, 0xfc, 0xfc, 0x00, 0x03, 0xfe, 0xff, 0xfb, 0x05, 0x07, 0x00, 
    0x00, 0xfe, 0x04, 0xfe, 0x03, 0x01, 0xff, 0x03, 0x00, 0x04, 0x06, 0x07, 
    0xfc, 0x01, 0x05, 0x04, 0xfe, 0xfb, 0xff, 0xfe, 0xfe, 0xfa, 0x08, 0x00, 
    0xfd, 0xfd, 0x06, 0xfd, 0x07, 0x04, 0x03, 0xfe, 0x02, 0xfc, 0xfe, 0xfa, 
    0x04, 0xfb, 0xf9, 0xfc, 0x02, 0x00, 0xf9, 0xfe, 0x07, 0x01, 0xf9, 0x06, 
    0xfb, 0xfd, 0xfd, 0x07, 0x04, 0x01, 0xfa, 0x07, 0x06, 0x06, 0xfe, 0xfd, 
    0x00, 0xfa, 0xfe, 0xfd, 0xfa, 0x03, 0xf9, 0x06, 0xfd, 0x04, 0x07, 0xf8, 
    0x04, 0xf8, 0x01, 0x03, 0xfa, 0xfb, 0x00, 0x07, 0x06, 0x07, 0xfe, 0x03, 
    0x06, 0x02, 0xfc, 0x03, 0xf9, 0x04, 0x02, 0x01, 0xfe, 0x00, 0xf9, 0xff, 
    0x02, 0x05, 0xf9, 0xfb, 0xff, 0x00, 0x08, 0xf9, 0x05, 0xf9, 0x05, 0xf8, 
    0x01, 0xfe, 0x08, 0x01, 0xf9, 0xf9, 0xf8, 0xf9, 0xfd, 0xfe, 0x01, 0xfc, 
    0x02, 0xfe, 0x00, 0xff, 0xfe, 0xf9, 0xf9, 0x01, 0x03, 0xfc, 0xf9, 0xff, 
    0xfa, 0xfd, 0x03, 0xff, 0xf9, 0xfd, 0xfc, 0xf8, 0x07, 0x08, 0x04, 0xfa, 
    0xfc, 0xfc, 0xfd, 0x05, 0x06, 0xfd, 0x03, 0xfe, 0xfe, 0xfd, 0x07, 0x08, 
    0x05, 0x03, 0xf8, 0xfb, 0x03, 0x00, 0xf8, 0x02, 0x00, 0xfe, 0x00, 0xfd, 
    0x07, 0x07, 0x05, 0x01, 0x07, 0xfa, 0x01, 0xff, 0xfc, 0xf8, 0xfb, 0xff, 
    0xfb, 0xff, 0x04, 0x07, 0x02, 0xf9, 0xfc, 0x06, 0xfc, 0xfc, 0xfd, 0x04, 
    0xff, 0x04, 0x04, 0x07, 0xfd, 0xfd, 0x01, 0xfe, 0x03, 0x08, 0x01, 0xff, 
    0xff, 0xfd, 0xf8, 0xfd, 0xf9, 0xf8, 0xfa, 0xfb, 0x01, 0x03, 0x06, 0x02, 
    0xfc, 0xff, 0xf9, 0x01, 0xf9, 0xfa, 0x07, 0x01, 0xfe, 0x00, 0xfa, 0x00, 
    0x07, 0x04, 0x07, 0xfe, 0xf8, 0x07, 0x01, 0x00, 0x00, 0xfe, 0x06, 0x06, 
    0x04, 0x08, 0xfa, 0xfe, 0xfb, 0xfe, 0x00, 0x03, 0x07, 0x07, 0x00, 0x02, 
    0xfb, 0x06, 0x02, 0x07, 0x04, 0x02, 0x02, 0x03, 0xfc, 0xfe, 0x05, 0xff, 
    0xfe, 0x04, 0x06, 0xfd, 0x02, 0xfe, 0xff, 0x06, 0x06, 0x00, 0xfa, 0x07, 
    0xfe, 0xfd, 0xfc, 0xfd, 0x06, 0x01, 0x04, 0xfc, 0xf9, 0x07, 0xfd, 0x08, 
    0xfa, 0xfb, 0x02, 0xff, 0x01, 0x07, 0x08, 0xfe, 0x01, 0xfa, 0xfe, 0xfb, 
    0x03, 0xf8, 0x00, 0x03, 0xfb, 0xfb, 0xf8, 0xf9, 0x02, 0xfd, 0x01, 0x02, 
    0x02, 0xfa, 0x02, 0xff, 0x06, 0xfc, 0xfc, 0xfd, 0x05, 0xf9, 0xfc, 0x04, 
    0xf9, 0x08, 0x05, 0xfb, 0xf8, 0x02, 0x04, 0x06, 0xfd, 0x04, 0x06, 0xf9, 
    0x03, 0x08, 0xfc, 0x01, 0x02, 0x05, 0xfc, 0x05, 0xfe, 0xfb, 0xfe, 0xf9, 
    0xff, 0xfd, 0x05, 0x06, 0xfe, 0xfd, 0xf9, 0xfb, 0xfe, 0x06, 0xfe, 0xfd, 
    0x07, 0xf9, 0x08, 0xfd, 0xfc, 0xfd, 0x02, 0xfc, 0x04, 0xfe, 0x07, 0x03, 
    0xfd, 0x03, 0xfb, 0xfb, 0xf9, 0x07, 0x00, 0x04, 0x02, 0x05, 0x04, 0x03, 
    0x07, 0xfa, 0x01, 0x03, 0x07, 0x02, 0x00, 0x07, 0x02, 0x07, 0x01, 0xff, 
    0x00, 0xfc, 0x05, 0x01, 0x00, 0xfb, 0xfe, 0xfe, 0xfd, 0xff, 0xfb, 0x05, 
    0xfc, 0x03, 0xfc, 0x08, 0xfb, 0xfd, 0x00, 0x00, 0x05, 0x07, 0x05, 0x06, 
    0x07, 0x08, 0xff, 0xf9, 0x04, 0x05, 0xfc, 0xfa, 0x01, 0xfe, 0x03, 0x00, 
    0x06, 0xfa, 0xfc, 0x06, 0x05, 0x01, 0x05, 0x03, 0x06, 0x06, 0xfe, 0x00, 
    0xfc, 0xf9, 0x07, 0x05, 0xfd, 0xfb, 0x08, 0x02, 0x01, 0xfb, 0xfd, 0x06, 
    0x04, 0xff, 0xf9, 0xfd, 0x08, 0x03, 0xfd, 0x03, 0x04, 0x00, 0x00, 0xfa, 
    0x04, 0xfe, 0xfa, 0x03, 0x02, 0x01, 0xff, 0xfb, 0xfa, 0xff, 0x07, 0x00, 
    0x05, 0x06, 0x03, 0xfc, 0xfb, 0x03, 0x03, 0xfd, 0x05, 0xfb, 0x00, 0xfa, 
    0xfa, 0x08, 0x03, 0x06, 0x01, 0xfc, 0x03, 0xfe, 0xfa, 0xfc, 0xff, 0x04, 
    0xfb, 0x04, 0xfb, 0xfe, 0x08, 0xfb, 0xfa, 0x01, 0x02, 0xfe, 0x05, 0x03, 
    0x05, 0xfd, 0x07, 0x07, 0x00, 0xf9, 0x00, 0xfe, 0x00, 0x02, 0xfa, 0x02, 
    0x07, 0x06, 0x02, 0xfc, 0x06, 0x07, 0x04, 0x01, 0xfc, 0x04, 0x01, 0xfb, 
    0x04, 0x04, 0x03, 0x03, 0xfc, 0x02, 0x07, 0x03, 0xfe, 0x03, 0x03, 0x02, 
    0x04, 0xfe, 0xff, 0x02, 0x03, 0x06, 0xff, 0xf8, 0x07, 0xfa, 0xfb, 0xfa, 
    0x01, 0xfc, 0xfa, 0xf8, 0x01, 0xfc, 0x02, 0xff, 0x02, 0xfe, 0xfb, 0x01, 
    0x01, 0x00, 0xf9, 0x02, 0xff, 0x03, 0xfe, 0x02, 0xfb, 0x08, 0x02, 0x06, 
    0xf9, 0x00, 0x01, 0x05, 0x02, 0x08, 0x00, 0x06, 0x01, 0xfb, 0xfe, 0x04, 
    0xfe, 0x06, 0x02, 0xfe, 0x05, 0x03, 0x04, 0x07, 0xfb, 0x01, 0xfd, 0x01, 
    0x00, 0xf8, 0x08, 0xff, 0xfb, 0x01, 0x00, 0xfd, 0x04, 0x00, 0xf9, 0xfc, 
    0xf8, 0xf8, 0xfd, 0x05, 0xfd, 0x05, 0x07, 0xfe, 0x02, 0x06, 0xfd, 0xf8, 
    0x05, 0x07, 0xfa, 0x06, 0x02, 0x02, 0x01, 0xfc, 0x04, 0x07, 0x07, 0xff, 
    0xfe, 0xf9, 0x00, 0x07, 0x06, 0x03, 0x02, 0xfc, 0xff, 0xfe, 0x03, 0x00, 
    0x05, 0xfd, 0x04, 0x02, 0xf9, 0xff, 0x05, 0xf9, 0x05, 0x01, 0x01, 0xfb, 
    0x04, 0x00, 0x08, 0xfd, 0x04, 0xf9, 0x08, 0xfe, 0xf9, 0x05, 0xfe, 0x05, 
    0x04, 0x04, 0xff, 0x01, 0x00, 0x00, 0x07, 0xf9, 0xfd, 0xfa, 0x04, 0xff, 
    0x03, 0x00, 0xfd, 0xf9, 0x06, 0xfb, 0xfd, 0xfe, 0x05, 0x05, 0x06, 0x08, 
    0xfc, 0x01, 0xf9, 0x02, 0x06, 0x00, 0xf8, 0xfc, 0xfe, 0x01, 0x05, 0xfb, 
    0x07, 0xfd, 0x00, 0xfb, 0xff, 0x03, 0xf8, 0x00, 0xfd, 0x07, 0xff, 0xfb, 
    0x06, 0xf9, 0xfc, 0x02, 0x01, 0x04, 0x03, 0x08, 0xfb, 0x07, 0xfc, 0xf9, 
    0x05, 0x05, 0xfd, 0x01, 0xff, 0xfe, 0xfc, 0xff, 0x02, 0xfe, 0x05, 0x08, 
    0xfa, 0x01, 0xff, 0x04, 0xfe, 0x05, 0xfb, 0x03, 0x03, 0x04, 0xff, 0x00, 
    0x00, 0xfa, 0x07, 0x00, 0x06, 0xf9, 0x01, 0x08, 0xfd, 0x01, 0xf9, 0x07, 
    0x02, 0x05, 0x06, 0x02, 0xf8, 0x00, 0xf9, 0xf9, 0x03, 0x00, 0x05, 0x05, 
    0xfb, 0x07, 0xff, 0xf8, 0xfa, 0xfe, 0x05, 0xf9, 0xfe, 0x05, 0xf8, 0xfe, 
    0x04, 0xfe, 0xff, 0xfb, 0xff, 0x05, 0xff, 0xf9, 0x06, 0x05, 0x07, 0xfa, 
    0x01, 0xfd, 0xfb, 0xfa, 0xfa, 0xfa, 0x04, 0xfa, 0x01, 0xf8, 0x03, 0xf8, 
    0x05, 0xf8, 0x04, 0xfd, 0xfa, 0xfd, 0x05, 0x03, 0xfb, 0xf9, 0xfb, 0xfc, 
    0x02, 0x00, 0x00, 0xfc, 0x05, 0xf9, 0x04, 0x08, 0xfe, 0xf8, 0x01, 0xf9, 
    0xfc, 0x03, 0x01, 0x01, 0xf9, 0x00, 0x02, 0xfc, 0xff, 0x00, 0x07, 0x04, 
    0x05, 0xfe, 0xf9, 0xf8, 0xf8, 0xfa, 0xfe, 0x07, 0x07, 0xf9, 0x05, 0x05, 
    0xfd, 0xfb, 0x06, 0x01, 0x02, 0xf8, 0x08, 0xff, 0xf9, 0xfd, 0x08, 0x06, 
    0xff, 0xf9, 0xfc, 0x01, 0x04, 0xfd, 0xfc, 0xf8, 0x00, 0x01, 0x01, 0x03, 
    0x06, 0x08, 0x03, 0xfc, 0x03, 0x06, 0x04, 0xf9, 0x01, 0x02, 0xfb, 0x05, 
    0xff, 0xf9, 0xfe, 0xf9, 0x00, 0xf9, 0x05, 0x06, 0xff, 0x08, 0xfe, 0x03, 
    0x02, 0x04, 0x00, 0xfe, 0x07, 0xfc, 0x05, 0x00, 0x06, 0xfc, 0xfa, 0xfb, 
    0x07, 0xfb, 0xfe, 0xf9, 0x08, 0xf9, 0x01, 0xf9, 0x01, 0xfb, 0xfa, 0x06, 
    0x08, 0x07, 0x00, 0xfb, 0x04, 0x05, 0xfa, 0x02, 0xf9, 0x07, 0xfe, 0xfe, 
    0x06, 0xfb, 0x05, 0x04, 0x07, 0x06, 0xff, 0xfe, 0xfb, 0xfd, 0x05, 0xfe, 
    0x03, 0xfd, 0xfa, 0xfa, 0x04, 0xff, 0xfd, 0xff, 0xfd, 0xf9, 0x02, 0xfc, 
    0xfc, 0x08, 0xff, 0x00, 0x02, 0xfb, 0x01, 0x04, 0x03, 0x03, 0x04, 0xfa, 
    0x02, 0xfa, 0xfe, 0xfb, 0xfb, 0xf9, 0xfd, 0x02, 0x06, 0x03, 0xfa, 0x01, 
    0xfa, 0xfd, 0xf9, 0x05, 0x00, 0x02, 0xfa, 0x05, 0xfe, 0x00, 0x04, 0xff, 
    0x07, 0xfa, 0x02, 0x01, 0x06, 0x06, 0x05, 0x07, 0xfc, 0x02, 0x07, 0xff, 
    0xfa, 0xf8, 0xfc, 0x02, 0x01, 0x05, 0x06, 0xfe, 0x03, 0x05, 0x05, 0xfd, 
    0x02, 0xfc, 0xff, 0xfb, 0xf9, 0xf8, 0xff, 0x05, 0x06, 0x05, 0xfe, 0xfc, 
    0xfe, 0xfb, 0xfe, 0xfe, 0x02, 0x07, 0x02, 0xfb, 0xff, 0x06, 0x05, 0x07, 
    0x04, 0x03, 0xfb, 0x07, 0x04, 0xfc, 0xfd, 0xf9, 0x03, 0x05, 0x03, 0xfc, 
    0x05, 0xfe, 0x06, 0xfe, 0x07, 0xff, 0x04, 0xfa, 0x05, 0xfa, 0xfd, 0xf9, 
    0xf8, 0xfe, 0x04, 0xff, 0xfe, 0xff, 0xfa, 0x05, 0x04, 0x06, 0xfc, 0x05, 
    0x03, 0x01, 0xfa, 0xfb, 0x03, 0xfc, 0xff, 0xfe, 0x07, 0xf9, 0xfd, 0xfc, 
    0x07, 0x06, 0xfd, 0xfb, 0xff, 0x03, 0xf8, 0xfb, 0x00, 0xfb, 0xff, 0xfa, 
    0xff, 0xfe, 0x00, 0x07, 0xf9, 0xf8, 0xf9, 0x01, 0xfa, 0x06, 0xfb, 0xff, 
    0xf8, 0x01, 0x01, 0xfe, 0xf9, 0xfe, 0xfb, 0xfb, 0xf8, 0xfd, 0x05, 0xfe, 
    0x05, 0x00, 0x04, 0xfe, 0x04, 0xfc, 0xfe, 0xf8, 0xfc, 0xff, 0x07, 0xfc, 
    0x02, 0xfe, 0xf9, 0xfe, 0xf9, 0x06, 0xfe, 0xff, 0xff, 0xf9, 0x03, 0x07, 
    0x00, 0xfe, 0xfe, 0x07, 0xfc, 0x02, 0x00, 0xfa, 0xff, 0xfe, 0x06, 0xfe, 
    0x02, 0x06, 0xfc, 0xfc, 0xfd, 0x02, 0xf9, 0x07, 0x03, 0x03, 0xfe, 0x01, 
    0x06, 0x00, 0xfa, 0xfc, 0xf9, 0x07, 0xf9, 0xfb, 0xfe, 0xfc, 0xf9, 0xfa, 
    0xfe, 0x04, 0x03, 0xff, 0xff, 0x02, 0x06, 0xf9, 0x08, 0x02, 0xfb, 0x01, 
    0xfc, 0x03, 0xfe, 0x08, 0x06, 0xfd, 0xfc, 0x08, 0xfd, 0xfb, 0xfc, 0x05, 
    0xfd, 0xfd, 0x05, 0x07, 0xfb, 0x07, 0x03, 0x00, 0x07, 0xfb, 0x03, 0xfb, 
    0xf9, 0xfe, 0x06, 0xf8, 0x06, 0xfa, 0x04, 0x07, 0xfb, 0xfe, 0x08, 0xfa, 
    0x07, 0x05, 0xff, 0x05, 0xfa, 0x02, 0xfb, 0x06, 0xfc, 0xfe, 0x04, 0x01, 
    0x03, 0x01, 0xfb, 0x06, 0x06, 0x03, 0x03, 0xfb, 0x01, 0x04, 0xf8, 0xfa, 
    0xfb, 0x06, 0xfc, 0x03, 0x03, 0x07, 0xff, 0xf8, 0x00, 0xf9, 0x00, 0xfb, 
    0xfd, 0x00, 0x05, 0xfb, 0x00, 0xf8, 0x08, 0x07, 0xfa, 0xfe, 0x07, 0x02, 
    0x01, 0xfa, 0x07, 0x03, 0x02, 0x05, 0xf9, 0xf8, 0xfe, 0xff, 0x03, 0x00, 
    0x06, 0xfa, 0xff, 0x01, 0x00, 0x07, 0x05, 0x07, 0x05, 0xfc, 0x07, 0xfe, 
    0x04, 0x00, 0x00, 0x01, 0x07, 0x01, 0x08, 0x01, 0xf9, 0x07, 0xfe, 0xfe, 
    0x04, 0x07, 0xfa, 0x02, 0xfb, 0xff, 0x05, 0x01, 0x06, 0x01, 0x00, 0xf9, 
    0x03, 0xfd, 0x06, 0x04, 0x01, 0xfe, 0xfc, 0x07, 0x02, 0x01, 0xfa, 0xfc, 
    0xf9, 0xfb, 0xf8, 0x05, 0xfd, 0x02, 0xfb, 0x05, 0xfc, 0xfb, 0xff, 0x07, 
    0xfb, 0x01, 0x04, 0x03, 0xfe, 0xff, 0x05, 0x04, 0x07, 0x05, 0x03, 0x02, 
    0x07, 0x02, 0x04, 0x06, 0x01, 0xfa, 0x07, 0xfe, 0xfc, 0xfa, 0x06, 0xf9, 
    0xfa, 0xf9, 0xfa, 0x07, 0xfc, 0x00, 0xf9, 0xfd, 0xfa, 0x02, 0xfd, 0xf8, 
    0x04, 0xf9, 0x00, 0xfc, 0xfa, 0x08, 0xfd, 0xff, 0xfb, 0x04, 0xfb, 0x05, 
    0xfd, 0xff, 0x08, 0xfc, 0x05, 0x06, 0x03, 0x05, 0xfb, 0xf8, 0x00, 0xff, 
    0xfb, 0x02, 0xfc, 0xff, 0x05, 0xfe, 0xfb, 0xfa, 0xf8, 0xff, 0x04, 0xfe, 
    0x01, 0xfe, 0xff, 0x04, 0x03, 0xfe, 0xf9, 0xfe, 0xf9, 0xf9, 0x00, 0x02, 
    0x04, 0xf9, 0x06, 0xff, 0x06, 0x01, 0x08, 0xff, 0x03, 0xfb, 0x03, 0x07, 
    0x06, 0x05, 0xfd, 0xfb, 0x07, 0xfa, 0xff, 0xfa, 0xf8, 0x06, 0xf9, 0xfa, 
    0xff, 0x04, 0xfd, 0xfc, 0xfd, 0x00, 0x07, 0xff, 0x06, 0x02, 0xfd, 0xf9, 
    0x06, 0x05, 0x05, 0x02, 0xf8, 0xfa, 0x06, 0xf8, 0x00, 0xfb, 0x04, 0x04, 
    0x07, 0x05, 0x05, 0x05, 0x03, 0xfe, 0x00, 0xf9, 0xfd, 0x04, 0x03, 0x01, 
    0x07, 0xfc, 0xfb, 0x07, 0xfd, 0x04, 0x03, 0x06, 0x07, 0x04, 0x05, 0x07, 
    0x03, 0x02, 0x01, 0xff, 0xfd, 0x04, 0x04, 0xfb, 0x06, 0x08, 0xfc, 0xfc, 
    0x02, 0x05, 0x03, 0x02, 0x02, 0x02, 0x07, 0xfe, 0xfc, 0x01, 0x05, 0x01, 
    0xfe, 0xf8, 0xfe, 0xff, 0x07, 0x06, 0xfa, 0x02, 0x06, 0x00, 0xfd, 0x07, 
    0xfe, 0x04, 0xfd, 0xfd, 0x05, 0x04, 0x07, 0x02, 0xfc, 0x00, 0xf9, 0x05, 
    0xff, 0xfb, 0xff, 0x03, 0xfa, 0xfa, 0x07, 0x02, 0x07, 0x06, 0x08, 0x04, 
    0x02, 0xf8, 0xf9, 0xfb, 0x00, 0x03, 0xff, 0x03, 0x04, 0x03, 0xfe, 0xfb, 
    0xfe, 0x00, 0xfb, 0xfa, 0xff, 0x08, 0x02, 0x08, 0xfd, 0xfd, 0x06, 0xfb, 
    0xfd, 0x03, 0x00, 0xf9, 0x00, 0xff, 0xfe, 0xff, 0xfd, 0x07, 0xfa, 0xfe, 
    0x04, 0xf9, 0x06, 0x06, 0x00, 0xfc, 0xfd, 0xf9, 0xfc, 0xfb, 0x00, 0x01, 
    0xfb, 0x05, 0xfc, 0xff, 0x00, 0x02, 0xfa, 0x07, 0x03, 0x00, 0xfc, 0xf8, 
    0xff, 0x02, 0x04, 0xf9, 0xf9, 0x02, 0x08, 0xfb, 0xfb, 0xfb, 0x00, 0x02, 
    0x00, 0xfd, 0xfb, 0x06, 0x04, 0xf9, 0x06, 0x01, 0x04, 0xfe, 0x00, 0x02, 
    0xfa, 0x05, 0x01, 0x01, 0x02, 0x04, 0x05, 0x07, 0xfa, 0x00, 0x05, 0xf8, 
    0xf9, 0x02, 0x02, 0x03, 0x08, 0x00, 0x00, 0xff, 0xf9, 0x07, 0x03, 0xfa, 
    0xfc, 0xfe, 0x03, 0xfc, 0xfc, 0x02, 0xfd, 0x00, 0x00, 0x06, 0x05, 0xfe, 
    0xff, 0x05, 0x02, 0x06, 0xfe, 0x02, 0xfd, 0x04, 0x00, 0x00, 0x06, 0xfe, 
    0xfd, 0xf8, 0xfa, 0x01, 0x07, 0x06, 0xfc, 0x03, 0xfd, 0xfe, 0x04, 0x04, 
    0xfd, 0xfe, 0x07, 0xfb, 0x00, 0xfe, 0xf8, 0xfb, 0x06, 0x00, 0x07, 0x06, 
    0xfc, 0xfc, 0x03, 0x04, 0xfe, 0x05, 0xfd, 0xff, 0xf9, 0x06, 0x04, 0x00, 
    0xfb, 0x07, 0x00, 0x05, 0xfc, 0xfb, 0x08, 0x03, 0x01, 0x06, 0x01, 0xf9, 
    0xf9, 0x01, 0xf8, 0xf9, 0x08, 0x07, 0xfa, 0x07, 0xf9, 0x01, 0xf9, 0xfe, 
    0xf9, 0x07, 0x06, 0xfd, 0xfb, 0x05, 0xfc, 0xff, 0xf8, 0xfd, 0xfd, 0x07, 
    0x02, 0xfb, 0x06, 0x01, 0x00, 0xfd, 0xf9, 0x07, 0xfd, 0xfa, 0x00, 0xfe, 
    0xfd, 0x06, 0xfb, 0x05, 0xfd, 0x06, 0x03, 0x05, 0xf8, 0xfc, 0x01, 0xfb, 
    0x01, 0x03, 0x03, 0xfb, 0xfc, 0xfb, 0xfb, 0xf9, 0x06, 0xfe, 0xff, 0x02, 
    0x07, 0x02, 0x00, 0xff, 0x06, 0xfc, 0xf8, 0x07, 0xfb, 0x06, 0x05, 0xfd, 
    0x06, 0x01, 0x01, 0x08, 0xfc, 0x06, 0x01, 0x06, 0x02, 0x05, 0xfc, 0x06, 
    0x01, 0x07, 0xfc, 0xfb, 0xff, 0x07, 0x02, 0x01, 0xfa, 0x03, 0x04, 0x04, 
    0xfc, 0x03, 0xfe, 0xfd, 0x04, 0xfc, 0xfb, 0x03, 0x02, 0x02, 0xfb, 0xfe, 
    0xfb, 0xfb, 0x03, 0xf9, 0xfc, 0xfc, 0x06, 0xfe, 0xfc, 0xfa, 0xfd, 0xfe, 
    0xf8, 0x04, 0xfc, 0x07, 0xfe, 0xfc, 0x05, 0xfd, 0x08, 0x00, 0x07, 0xfe, 
    0x01, 0x01, 0xfe, 0xfe, 0xf9, 0xf8, 0xfc, 0xfb, 0xfd, 0xfb, 0xfc, 0x02, 
    0x03, 0x03, 0x06, 0x06, 0xfc, 0x04, 0xfe, 0xff, 0x02, 0x04, 0xfc, 0xfb, 
    0xfe, 0x03, 0xfb, 0x04, 0x03, 0xfb, 0x04, 0x05, 0xfd, 0xf9, 0x06, 0x06, 
    0x05, 0xfc, 0xf9, 0xff, 0x00, 0x05, 0xfc, 0xff, 0xfb, 0xf9, 0xfe, 0xfb, 
    0xf8, 0xfe, 0xfe, 0xfd, 0x02, 0xfb, 0x01, 0xf8, 0xfc, 0x04, 0xf9, 0xfd, 
    0x01, 0x02, 0xfb, 0x00, 0xfb, 0x06, 0xfe, 0xff, 0xfc, 0x05, 0x04, 0xf9, 
    0x08, 0xfc, 0xfc, 0xfe, 0x07, 0xfc, 0x02, 0xfa, 0xfc, 0xfe, 0xfe, 0x05, 
    0xfb, 0x04, 0xfd, 0x06, 0xf9, 0x00, 0xfa, 0xfe, 0xfa, 0xfe, 0x03, 0x07, 
    0xfe, 0x06, 0x00, 0x05, 0xff, 0xfc, 0xfe, 0xfc, 0xfd, 0xf8, 0xfd, 0xfa, 
    0xfd, 0x07, 0xfe, 0x02, 0x01, 0xfa, 0x05, 0xfc, 0xfd, 0x02, 0x05, 0xf9, 
    0xf9, 0x08, 0xfa, 0x05, 0xfa, 0xfc, 0xfc, 0x05, 0x07, 0xfa, 0x03, 0x07, 
    0xfd, 0x06, 0x03, 0xfb, 0x05, 0xfb, 0x00, 0x03, 0x00, 0xfb, 0xfe, 0xf9, 
    0xfa, 0x02, 0x03, 0xfb, 0x07, 0x05, 0xff, 0xfd, 0xfb, 0xfb, 0xfa, 0xfd, 
    0xfb, 0x05, 0x05, 0xf9, 0x00, 0xfb, 0xfa, 0xfd, 0xfc, 0xfe, 0x03, 0xff, 
    0xfd, 0xf9, 0x02, 0x02, 0xff, 0x00, 0x05, 0x01, 0x05, 0x07, 0xf8, 0xfb, 
    0xf8, 0xfc, 0xfd, 0x02, 0x04, 0x08, 0xfb, 0x07, 0x06, 0xfe, 0x04, 0x03, 
    0x03, 0x04, 0x07, 0xfd, 0x04, 0xf9, 0xff, 0xf9, 0xfc, 0x03, 0x01, 0xfb, 
    0xf9, 0x05, 0x05, 0xfb, 0xfc, 0xfd, 0xfe, 0x05, 0xfe, 0x08, 0xfe, 0xfb, 
    0x02, 0xfc, 0xfc, 0x02, 0x06, 0x02, 0xfa, 0x07, 0xfd, 0xfe, 0x04, 0x03, 
    0xf9, 0x02, 0x01, 0x07, 0x08, 0x08, 0x05, 0xf8, 0xff, 0x03, 0xfc, 0xfb, 
    0xfe, 0xff, 0xf9, 0x01, 0xfa, 0xff, 0xf9, 0xfe, 0xfe, 0xfe, 0x04, 0x06, 
    0x02, 0x08, 0x03, 0x07, 0xfd, 0x01, 0x00, 0x04, 0xfb, 0xfe, 0xff, 0xfc, 
    0xff, 0xf9, 0x03, 0xf9, 0x07, 0x02, 0xf9, 0xff, 0x03, 0xff, 0x07, 0x04, 
    0xfe, 0x02, 0xfc, 0x00, 0x02, 0x07, 0xfb, 0xf9, 0x01, 0xf9, 0xfb, 0xfb, 
    0xfd, 0xfa, 0x02, 0xf9, 0x02, 0x01, 0x04, 0xfd, 0xf9, 0xfa, 0xfc, 0xfc, 
    0xf8, 0x03, 0x02, 0x08, 0x02, 0x08, 0xfc, 0xfa, 0x08, 0xf9, 0xf9, 0xfa, 
    0xff, 0xf9, 0xf9, 0xfd, 0xfa, 0xf9, 0x06, 0xfa, 0xf8, 0xfe, 0xfa, 0xfb, 
    0xf9, 0x03, 0xfb, 0x07, 0x01, 0x07, 0xf8, 0x07, 0xf8, 0xfa, 0xf9, 0xfa, 
    0x00, 0x08, 0xf8, 0xff, 0xfa, 0x00, 0xfa, 0xf9, 0x07, 0xfa, 0x07, 0xfe, 
    0xfa, 0x01, 0x03, 0x06, 0x07, 0xfe, 0xfd, 0xfb, 0xfb, 0xff, 0x05, 0x01, 
    0xfc, 0xfb, 0xfe, 0x01, 0xfc, 0x04, 0x04, 0x00, 0xfc, 0xff, 0x01, 0xfe, 
    0xfc, 0xfc, 0x08, 0x04, 0xfd, 0xfa, 0xfd, 0x01, 0xfe, 0xff, 0xfb, 0x05, 
    0xfa, 0x03, 0x04, 0x03, 0xfd, 0xf8, 0xff, 0x07, 0x07, 0x05, 0x02, 0xfc, 
    0xf9, 0xfa, 0xfb, 0x02, 0x06, 0xfd, 0xf8, 0xfe, 0x08, 0xfd, 0xfd, 0xfb, 
    0x07, 0x00, 0x05, 0xf8, 0x05, 0x01, 0x02, 0x02, 0xfb, 0x02, 0x07, 0x00, 
    0xfd, 0x08, 0xf9, 0x01, 0x00, 0xff, 0x06, 0x03, 0x06, 0x08, 0xfa, 0xfc, 
    0x00, 0x08, 0xfa, 0xff, 0x07, 0x01, 0x06, 0x01, 0xfe, 0x01, 0xfd, 0xf9, 
    0x04, 0xfb, 0x02, 0x02, 0x00, 0x03, 0x01, 0x00, 0x01, 0x03, 0xfe, 0x04, 
    0x07, 0xff, 0x04, 0x08, 0xfc, 0x00, 0x03, 0x02, 0x07, 0x02, 0xff, 0x07, 
    0xfa, 0xf9, 0xf9, 0x05, 0xfe, 0xf9, 0x07, 0x06, 0xfb, 0x05, 0x08, 0xfe, 
    0xf8, 0x08, 0x03, 0xf9, 0x06, 0x08, 0x07, 0xfb, 0x05, 0xfa, 0xfe, 0xfa, 
    0x02, 0x02, 0x05, 0xfd, 0x07, 0x02, 0x06, 0x06, 0x00, 0xfc, 0x03, 0x04, 
    0xfd, 0x06, 0xfd, 0xfa, 0x07, 0x05, 0xfd, 0xf8, 0x00, 0xfb, 0xfa, 0x01, 
    0x01, 0x05, 0xfc, 0x05, 0x02, 0xfa, 0x05, 0xfd, 0xfb, 0xfc, 0x07, 0x03, 
    0x04, 0x03, 0x03, 0x03, 0xff, 0x05, 0x04, 0xfe, 0x02, 0xfc, 0xfd, 0x08, 
    0x01, 0x08, 0x07, 0x07, 0x01, 0xf9, 0x05, 0x06, 0xfb, 0x06, 0x00, 0xfb, 
    0x01, 0xfe, 0x04, 0x01, 0xfb, 0x08, 0xfe, 0x04, 0xfd, 0xfb, 0x00, 0x01, 
    0x03, 0xf8, 0xfe, 0x07, 0x02, 0x01, 0xff, 0x00, 0xfd, 0x03, 0x08, 0x03, 
    0x00, 0xfd, 0xfb, 0x01, 0x06, 0x04, 0x03, 0xfb, 0xfb, 0xfc, 0xfd, 0xfa, 
    0x00, 0x02, 0xf8, 0xff, 0x02, 0x00, 0xf9, 0xfb, 0xfe, 0xf8, 0xfc, 0x06, 
    0x08, 0x07, 0x02, 0xf9, 0xf9, 0x07, 0x02, 0xf9, 0xfe, 0xf9, 0xff, 0x06, 
    0x05, 0x00, 0x02, 0xfe, 0xfa, 0x00, 0xff, 0x00, 0x06, 0x07, 0x02, 0x01, 
    0xfb, 0xf9, 0x07, 0xf9, 0xff, 0xf8, 0x06, 0x04, 0x08, 0x07, 0x00, 0xfe, 
    0xfe, 0xfc, 0xfd, 0x06, 0xfc, 0xfc, 0x02, 0x04, 0x01, 0xff, 0xff, 0x03, 
    0x06, 0xf9, 0xfc, 0xfd, 0xfe, 0xfe, 0x00, 0xf9, 0xfc, 0xfd, 0xfb, 0xff, 
    0x06, 0xfa, 0x06, 0xfd, 0x01, 0xfc, 0x01, 0x06, 0xf8, 0xfd, 0x02, 0x06, 
    0xfb, 0xf9, 0x05, 0x03, 0xfc, 0xff, 0xff, 0xff, 0x05, 0x04, 0x04, 0xfd, 
    0xfa, 0x01, 0x03, 0x06, 0xfe, 0x06, 0xfc, 0x03, 0x03, 0x02, 0xff, 0x04, 
    0x04, 0xf8, 0xfa, 0xfe, 0x01, 0x06, 0x05, 0x07, 0xff, 0xfa, 0x02, 0xfa, 
    0xfd, 0x06, 0x03, 0xf9, 0xff, 0x02, 0xfa, 0x04, 0xf9, 0x03, 0x03, 0x01, 
    0xff, 0xfb, 0x03, 0x04, 0x06, 0x03, 0xfc, 0x08, 0x04, 0xfa, 0x02, 0xff, 
    0x03, 0xfe, 0x03, 0x07, 0x06, 0xf9, 0xff, 0xfd, 0xfa, 0xf8, 0x02, 0xff, 
    0x01, 0xff, 0x07, 0xfc, 0xfc, 0xfb, 0x06, 0xfb, 0x00, 0xfe, 0x01, 0x06, 
    0x00, 0xff, 0xfb, 0x04, 0x05, 0x01, 0xff, 0x05, 0xfe, 0xfd, 0xfb, 0x02, 
    0xf9, 0xfb, 0x04, 0xfa, 0xfd, 0x06, 0x02, 0xfb, 0x04, 0x02, 0x04, 0x02, 
    0x00, 0x05, 0x04, 0xff, 0xfd, 0x06, 0xfe, 0xfc, 0x07, 0xfd, 0x00, 0x02, 
    0xfe, 0x06, 0x02, 0x02, 0xff, 0x05, 0xfd, 0x00, 0xf8, 0xfd, 0xfb, 0xff, 
    0xfd, 0x06, 0x01, 0x06, 0x07, 0xf8, 0xfb, 0xf8, 0xfa, 0xfe, 0x00, 0x04, 
    0x08, 0x01, 0x03, 0x05, 0xfa, 0x07, 0xfc, 0x02, 0xf9, 0xfd, 0x07, 0x06, 
    0x01, 0x07, 0x05, 0x00, 0x02, 0x03, 0x00, 0x00, 0x08, 0xfc, 0xf9, 0xfb, 
    0x01, 0x01, 0xfc, 0x02, 0x06, 0xfc, 0xf9, 0x02, 0x03, 0x00, 0x05, 0x01, 
    0x00, 0x00, 0x01, 0xff, 0x04, 0xfd, 0xfb, 0x00, 0x00, 0x00, 0x00, 0xfe, 
    0xfb, 0x05, 0x02, 0x02, 0xfe, 0xfb, 0xfa, 0x02, 0x06, 0x00, 0xff, 0xfd, 
    0xfc, 0xfd, 0xf9, 0xfb, 0xfa, 0xfd, 0x04, 0x06, 0xff, 0xfb, 0x04, 0x00, 
    0xfc, 0x00, 0xf8, 0x03, 0x06, 0xfc, 0x06, 0x05, 0xfa, 0x06, 0xf8, 0x00, 
    0xff, 0x04, 0xfd, 0xff, 0xfc, 0xfb, 0xfe, 0x04, 0x07, 0x05, 0x07, 0x02, 
    0x03, 0x04, 0xfa, 0x07, 0x03, 0xfa, 0x03, 0xfa, 0xfa, 0xfd, 0xff, 0x00, 
    0x08, 0xff, 0xfa, 0xfa, 0x04, 0xfa, 0x01, 0x02, 0xfe, 0x01, 0xf9, 0x00, 
    0x07, 0x02, 0x07, 0xff, 0xfc, 0xfd, 0xfb, 0x06, 0xf9, 0x06, 0xfe, 0xfd, 
    0xfd, 0xfc, 0x04, 0xf8, 0xfe, 0x08, 0x04, 0x06, 0xfa, 0x07, 0xff, 0x02, 
    0xfa, 0xfc, 0x02, 0xfd, 0x04, 0xfe, 0x08, 0xfe, 0xfe, 0xf8, 0xf8, 0x07, 
    0x06, 0xfb, 0x01, 0xfb, 0xfe, 0x02, 0xfe, 0x06, 0xfe, 0xfe, 0x01, 0x02, 
    0x04, 0x04, 0x07, 0x06, 0x02, 0xfc, 0x03, 0x03, 0xfb, 0x02, 0xff, 0xfb, 
    0xfd, 0x03, 0xf9, 0x06, 0x04, 0x03, 0x01, 0x08, 0xfc, 0x01, 0x05, 0xfb, 
    0xf8, 0x00, 0xfc, 0xff, 0x05, 0xf9, 0x02, 0xfa, 0xfd, 0xfe, 0xfe, 0xfb, 
    0x03, 0xfe, 0x03, 0xff, 0x01, 0xfa, 0x03, 0xfa, 0xf9, 0xfe, 0xfb, 0x07, 
    0xff, 0x04, 0x01, 0x04, 0xf9, 0xfb, 0xfb, 0xfc, 0x03, 0x00, 0xfd, 0x06, 
    0xfb, 0xfc, 0x03, 0xf9, 0xfb, 0xf8, 0xf9, 0x02, 0x06, 0x04, 0x05, 0xff, 
    0xfe, 0x07, 0xfa, 0xfc, 0x06, 0x02, 0xf9, 0xfd, 0x03, 0xfa, 0xfa, 0xfc, 
    0x06, 0xfa, 0x03, 0xfd, 0xfa, 0x06, 0xfa, 0x03, 0x08, 0xfd, 0x00, 0x03, 
    0x03, 0x07, 0x02, 0xfd, 0x03, 0x08, 0x04, 0xff, 0x01, 0xfb, 0xfd, 0x01, 
    0xf8, 0xf9, 0xf9, 0x06, 0x07, 0xfb, 0xff, 0x07, 0x07, 0xfe, 0xf9, 0x04, 
    0xfa, 0x05, 0x01, 0x01, 0xf8, 0xff, 0xfe, 0xf9, 0x07, 0x07, 0xfb, 0x01, 
    0xfc, 0x07, 0xff, 0xf9, 0x02, 0x01, 0x06, 0xff, 0xfd, 0x01, 0x06, 0xfa, 
    0xf9, 0x01, 0xfd, 0xff, 0x03, 0x06, 0xf9, 0x06, 0xfe, 0xfe, 0xfb, 0xfb, 
    0xf8, 0xf9, 0xfc, 0x05, 0xf9, 0xfa, 0xfa, 0x01, 0xfc, 0xfb, 0x03, 0x08, 
    0xfa, 0xf9, 0xff, 0x00, 0x01, 0xfc, 0x00, 0xfd, 0xfa, 0x06, 0xfe, 0x00, 
    0xfd, 0x04, 0xff, 0xfe, 0x05, 0xff, 0xfb, 0x05, 0x02, 0x04, 0x03, 0x04, 
    0xf9, 0xfc, 0x02, 0x04, 0x08, 0xfd, 0x03, 0xff, 0xf8, 0xfb, 0xfd, 0xfa, 
    0x07, 0x04, 0x06, 0x07, 0xf9, 0xff, 0x01, 0xfc, 0xfb, 0x04, 0xfd, 0x05, 
    0x07, 0xfd, 0x01, 0xff, 0x03, 0x03, 0xf8, 0xf8, 0xfd, 0xf9, 0x06, 0x02, 
    0x01, 0x04, 0x07, 0x05, 0x04, 0xfb, 0xf8, 0xfb, 0xfd, 0xf9, 0x06, 0x02, 
    0xfd, 0xf8, 0x01, 0x08, 0xf8, 0xfa, 0xf9, 0xf9, 0x03, 0xfa, 0x07, 0xf9, 
    0x01, 0xfc, 0xfa, 0xfb, 0x06, 0xfd, 0x00, 0xfe, 0xff, 0x05, 0x05, 0x07, 
    0xfa, 0x01, 0x00, 0xfd, 0xfd, 0xfc, 0x08, 0xfa, 0xfe, 0xfe, 0x02, 0x03, 
    0xf8, 0xfc, 0x02, 0xff, 0xfe, 0xfc, 0xfe, 0x08, 0xfa, 0x03, 0xfa, 0x02, 
    0x07, 0xf9, 0xfd, 0xf8, 0x03, 0xf9, 0xf8, 0xfc, 0xfb, 0x06, 0x05, 0x01, 
    0xfd, 0x01, 0x08, 0xf9, 0x05, 0x02, 0x02, 0x05, 0xf9, 0xfb, 0xfc, 0x03, 
    0x05, 0xfd, 0x07, 0x01, 0x01, 0x05, 0xfe, 0x05, 0xfb, 0xfd, 0xff, 0x05, 
    0x02, 0x07, 0xfc, 0x07, 0x01, 0xf8, 0x00, 0x00, 0x06, 0xfd, 0x02, 0x03, 
    0xfb, 0xf9, 0x04, 0xf9, 0xff, 0x04, 0x03, 0x05, 0x04, 0x02, 0x06, 0xff, 
    0xff, 0x03, 0xfa, 0xff, 0x01, 0x04, 0x00, 0x07, 0xf8, 0xfc, 0x05, 0xf8, 
    0x07, 0xfe, 0xfc, 0xfa, 0xfb, 0xfa, 0x03, 0xf9, 0xfe, 0x03, 0xfa, 0xff, 
    0xfe, 0x08, 0x04, 0xf9, 0xfd, 0x06, 0xfe, 0xff, 0xfe, 0xff, 0xfc, 0xff, 
    0xf9, 0x05, 0xfb, 0xfb, 0x00, 0xfb, 0x04, 0x01, 0xfa, 0xf8, 0x05, 0xf8, 
    0x04, 0x06, 0x03, 0x08, 0xfc, 0x02, 0xf9, 0x08, 0xfb, 0x00, 0xfe, 0x08, 
    0xfc, 0xfb, 0xfc, 0xfe, 0xf9, 0xf9, 0x01, 0xf9, 0x06, 0xfe, 0xfe, 0x05, 
    0xff, 0x04, 0x03, 0x04, 0x08, 0xfe, 0xfd, 0xff, 0x03, 0x06, 0xfd, 0x00, 
    0xfd, 0xfe, 0x03, 0x01, 0x04, 0x03, 0x02, 0x06, 0x04, 0xfd, 0x05, 0x03, 
    0xfd, 0xfc, 0xfb, 0xfb, 0xf8, 0x08, 0xfb, 0x06, 0xf9, 0x08, 0x00, 0x06, 
    0xfa, 0xfd, 0x04, 0xff, 0x05, 0xf9, 0xfd, 0xf9, 0xfc, 0x00, 0xfd, 0x06, 
    0xff, 0x03, 0xfa, 0xf8, 0xf8, 0xf9, 0x01, 0xfa, 0x01, 0xf9, 0x02, 0x02, 
    0x03, 0x03, 0x07, 0xff, 0xfe, 0x01, 0xf8, 0xfd, 0x00, 0x07, 0xf8, 0xfa, 
    0xf8, 0x02, 0x06, 0xfc, 0x07, 0x02, 0x07, 0xfc, 0x03, 0x02, 0xff, 0x06, 
    0x06, 0x01, 0xfd, 0xfa, 0xfd, 0x01, 0x03, 0xff, 0x05, 0xfe, 0xf9, 0xfd, 
    0xfc, 0x01, 0xfc, 0xf9, 0x00, 0x05, 0xf8, 0x06, 0x06, 0x06, 0x00, 0x03, 
    0xfc, 0x06, 0xff, 0x07, 0x05, 0xfa, 0xff, 0x00, 0x07, 0x01, 0x04, 0x06, 
    0xfc, 0xfa, 0x04, 0x04, 0x02, 0x02, 0xfc, 0x06, 0x03, 0xfd, 0x02, 0xfb, 
    0x02, 0xfc, 0xfb, 0xf8, 0x01, 0x01, 0xf9, 0x00, 0x04, 0x04, 0x05, 0x03, 
    0xfa, 0xfb, 0x05, 0xfd, 0x07, 0x02, 0x03, 0x03, 0x03, 0x04, 0xfa, 0xfc, 
    0x02, 0x07, 0x06, 0x01, 0x00, 0x03, 0x00, 0xf8, 0xfe, 0x08, 0x02, 0xf8, 
    0xff, 0x08, 0x08, 0x01, 0xff, 0xfa, 0x04, 0xff, 0x00, 0xff, 0x00, 0x05, 
    0xfa, 0x05, 0x01, 0x00, 0xfd, 0xff, 0x04, 0xfd, 0x03, 0x04, 0xfe, 0x00, 
    0x00, 0xfd, 0xfa, 0x05, 0xf8, 0x07, 0x05, 0xfc, 0x05, 0xfc, 0xfa, 0xff, 
    0x01, 0x07, 0xfd, 0x01, 0x02, 0xfa, 0xfd, 0x04, 0xfa, 0xfa, 0x01, 0x03, 
    0x03, 0x00, 0xf9, 0x03, 0x03, 0xfa, 0xff, 0xfc, 0x07, 0xfa, 0xfb, 0xfd, 
    0xfe, 0xff, 0xfb, 0xfb, 0x05, 0xfe, 0xfa, 0xfb, 0x04, 0xfa, 0xfa, 0xff, 
    0xf9, 0x01, 0xf9, 0x04, 0x05, 0xfb, 0xfd, 0x00, 0xf9, 0x03, 0x08, 0xfc, 
    0x05, 0xff, 0x02, 0x05, 0x00, 0xfc, 0xfb, 0xfe, 0xfe, 0x02, 0x03, 0xfe, 
    0xfe, 0x07, 0xfc, 0xf9, 0x01, 0xff, 0x04, 0x00, 0x06, 0x05, 0xfb, 0xf9, 
    0xf8, 0xff, 0x03, 0xf9, 0xff, 0x07, 0xfc, 0x05, 0xfa, 0x03, 0xfa, 0xfd, 
    0xf8, 0xfc, 0xf9, 0x00, 0x06, 0xfc, 0x08, 0x02, 0x02, 0x01, 0x06, 0x04, 
    0x00, 0xf8, 0x05, 0xff, 0x03, 0xfd, 0xfc, 0x01, 0xfc, 0x00, 0x00, 0x03, 
    0x06, 0xff, 0xfa, 0x07, 0xfc, 0x08, 0x06, 0x03, 0x06, 0xfb, 0x05, 0x03, 
    0xfc, 0x01, 0x00, 0x05, 0x04, 0x07, 0x07, 0xf9, 0xfb, 0x03, 0x04, 0x05, 
    0x00, 0xf8, 0xf9, 0xfc, 0x01, 0xfa, 0x03, 0x07, 0x06, 0xfe, 0x03, 0x04, 
    0x07, 0xff, 0x04, 0xfd, 0x05, 0xfc, 0x00, 0x03, 0xff, 0xf9, 0x03, 0x07, 
    0xfa, 0x02, 0x01, 0xfb, 0xfc, 0x07, 0x01, 0x00, 0xfb, 0xf8, 0x06, 0xfc, 
    0xfd, 0x05, 0x05, 0x06, 0x03, 0xf9, 0x03, 0xfa, 0xff, 0x05, 0xf8, 0xfe, 
    0xfa, 0x02, 0xf9, 0x01, 0xfb, 0x01, 0x02, 0x04, 0x05, 0xfa, 0x05, 0x02, 
    0xf8, 0xfb, 0x00, 0xf9, 0x04, 0xfc, 0x05, 0x00, 0x04, 0x01, 0xf9, 0x04, 
    0x06, 0xfc, 0x06, 0x06, 0x05, 0x04, 0x04, 0x03, 0xfd, 0x01, 0x04, 0x06, 
    0xf8, 0xfc, 0xfb, 0xf9, 0xfc, 0x01, 0x06, 0x02, 0xfe, 0xf9, 0x01, 0xfb, 
    0xfc, 0x03, 0xff, 0x05, 0xfe, 0x01, 0x03, 0x05, 0xfc, 0xf9, 0x05, 0x05, 
    0x04, 0xf9, 0x00, 0x03, 0xfc, 0xfe, 0xff, 0xfc, 0x01, 0x04, 0xfe, 0x06, 
    0xfc, 0xff, 0x00, 0x03, 0xf9, 0x03, 0x06, 0xfb, 0xfe, 0xfe, 0x04, 0x00, 
    0xfe, 0x01, 0xfc, 0xfe, 0x05, 0xf9, 0x03, 0x06, 0xfb, 0x07, 0x06, 0xfb, 
    0x01, 0x01, 0xfc, 0x01, 0x08, 0xff, 0xf9, 0x01, 0x07, 0xf9, 0x08, 0xfc, 
    0xf9, 0xfb, 0x00, 0xfc, 0x08, 0xff, 0x01, 0xfc, 0xff, 0x06, 0x06, 0xf8, 
    0x08, 0x06, 0x01, 0x00, 0xf8, 0x08, 0xf9, 0x06, 0x04, 0xf9, 0x04, 0x04, 
    0x07, 0x05, 0xf9, 0x06, 0x00, 0x03, 0xfd, 0xfd, 0x00, 0xf8, 0xff, 0x04, 
    0x04, 0x02, 0x08, 0x01, 0x03, 0xf9, 0x02, 0x05, 0x03, 0x03, 0x04, 0xf9, 
    0x00, 0x05, 0xfc, 0x07, 0x03, 0x05, 0x07, 0x03, 0xfb, 0xfc, 0xfb, 0xfa, 
    0xfe, 0xff, 0xf8, 0x04, 0x02, 0x04, 0x02, 0xfc, 0x06, 0x05, 0x00, 0x03, 
    0x06, 0x03, 0x02, 0xfe, 0xf9, 0x04, 0xff, 0x01, 0x04, 0xff, 0x05, 0x03, 
    0x08, 0x04, 0x05, 0x07, 0xfd, 0x08, 0x02, 0x02, 0xfd, 0xfd, 0xfb, 0xff, 
    0x01, 0x08, 0x04, 0x00, 0xff, 0x04, 0xff, 0xfe, 0xff, 0x04, 0xfc, 0xfc, 
    0xfa, 0xfb, 0x05, 0xfa, 0xff, 0xf9, 0x03, 0xf9, 0x02, 0xfc, 0xfb, 0xf8, 
    0x03, 0x00, 0x03, 0xff, 0x01, 0xfa, 0xfe, 0xfa, 0x00, 0xff, 0x04, 0x06, 
    0x01, 0x05, 0x07, 0xfa, 0x02, 0x01, 0x07, 0x00, 0x00, 0x05, 0x03, 0x00, 
    0x08, 0x06, 0xfb, 0xfd, 0xfb, 0x02, 0xf9, 0xfa, 0xff, 0xfc, 0xfc, 0x01, 
    0x00, 0x01, 0x07, 0x03, 0x07, 0xfd, 0xfd, 0xf9, 0xfb, 0x03, 0xfc, 0x06, 
    0xfd, 0x02, 0x03, 0xf9, 0xf8, 0xfc, 0xfc, 0x06, 0x06, 0xfa, 0xfd, 0xfc, 
    0xfa, 0x02, 0xfa, 0xfb, 0x06, 0x04, 0x02, 0xfa, 0xfa, 0x02, 0xf9, 0xfe, 
    0x08, 0xfe, 0x04, 0x00, 0xfa, 0x07, 0x04, 0xff, 0xfe, 0xfb, 0xfb, 0x07, 
    0x05, 0x07, 0xfe, 0x05, 0x06, 0xff, 0x08, 0xf8, 0x01, 0xff, 0xfd, 0xfe, 
    0xfb, 0x04, 0x03, 0x01, 0xfc, 0x06, 0x02, 0x05, 0x08, 0xfb, 0x06, 0xfe, 
    0x06, 0xf8, 0xfe, 0x01, 0x06, 0xfb, 0xfd, 0x02, 0xfc, 0x06, 0x01, 0xff, 
    0x06, 0x04, 0x00, 0x07, 0xf9, 0xfd, 0xfd, 0x04, 0x03, 0xfe, 0xfb, 0x01, 
    0xfa, 0xfc, 0xfe, 0x03, 0xfe, 0x02, 0xfb, 0xfe, 0x07, 0x02, 0x03, 0x03, 
    0xff, 0xf9, 0xf9, 0xfa, 0xfa, 0xfa, 0x02, 0xfc, 0x07, 0xfa, 0x01, 0xf9, 
    0x07, 0x08, 0xfd, 0x01, 0x06, 0xf9, 0x04, 0xf9, 0xf9, 0xfa, 0xfc, 0x06, 
    0x04, 0x06, 0x02, 0x07, 0x02, 0x01, 0xf9, 0xff, 0xfd, 0x06, 0xfb, 0x05, 
    0xfd, 0xfa, 0xfc, 0xf9, 0xf9, 0x00, 0xfc, 0x04, 0x00, 0xf8, 0xfc, 0xf9, 
    0x07, 0x03, 0x04, 0x05, 0x08, 0xfa, 0xfb, 0x05, 0xf9, 0x02, 0xf8, 0xfe, 
    0xfb, 0xf9, 0x01, 0xfc, 0x02, 0x05, 0x06, 0xfd, 0xfe, 0xff, 0xfd, 0xfa, 
    0xf9, 0xfc, 0x04, 0xfe, 0xfe, 0x03, 0xff, 0x00, 0xfc, 0x01, 0x04, 0xfb, 
    0x08, 0x06, 0x01, 0xf9, 0x00, 0xfe, 0x01, 0x02, 0x05, 0xff, 0xfb, 0x02, 
    0xfb, 0x07, 0xfc, 0xf9, 0x02, 0xfe, 0x07, 0xfe, 0x01, 0xfc, 0x08, 0x07, 
    0xff, 0x02, 0x00, 0xfc, 0x06, 0xfe, 0xfe, 0x06, 0x02, 0xff, 0x08, 0xfc, 
    0x06, 0xfb, 0x08, 0x05, 0x08, 0xfa, 0xf9, 0x08, 0x07, 0x06, 0xfc, 0xfa, 
    0x03, 0x00, 0x00, 0x04, 0xf8, 0xf9, 0x01, 0x04, 0x03, 0xf9, 0xfa, 0xfe, 
    0x05, 0xfc, 0x04, 0xfb, 0x05, 0xf9, 0xfc, 0xfb, 0xf9, 0x02, 0xfe, 0xf8, 
    0x02, 0x05, 0x00, 0x08, 0xff, 0xfd, 0xfe, 0xfa, 0x01, 0xfa, 0x02, 0x04, 
    0xf9, 0xff, 0xfa, 0x06, 0xfd, 0xf9, 0x00, 0xfc, 0xff, 0xfb, 0x06, 0xfa, 
    0xfa, 0x01, 0xfe, 0xff, 0x01, 0xfd, 0x07, 0xfc, 0xf9, 0xf8, 0x00, 0x06, 
    0x00, 0xff, 0x07, 0x04, 0xf8, 0x02, 0xff, 0xfb, 0xf9, 0x02, 0xfe, 0x06, 
    0xfa, 0x05, 0xfb, 0x00, 0x03, 0xfe, 0x08, 0xf9, 0xfa, 0xfd, 0x03, 0x05, 
    0xff, 0xff, 0xf8, 0x02, 0x05, 0xfc, 0xfe, 0xff, 0x04, 0x06, 0x04, 0x08, 
    0x01, 0xfb, 0x08, 0xfe, 0x04, 0x01, 0xfa, 0x07, 0x04, 0xf8, 0x05, 0xfc, 
    0xfa, 0xfb, 0x04, 0x02, 0xfa, 0x02, 0x00, 0x06, 0x08, 0x03, 0x05, 0xfb, 
    0x08, 0x05, 0xff, 0xfc, 0x01, 0x06, 0xf9, 0x03, 0x08, 0xfa, 0xfd, 0x03, 
    0xfc, 0x00, 0x00, 0xff, 0xf9, 0xfc, 0xfc, 0x00, 0xfb, 0xfd, 0x08, 0x05, 
    0xf8, 0x00, 0xff, 0x06, 0xf9, 0xfe, 0xfe, 0xfa, 0x07, 0xfd, 0xfd, 0x04, 
    0xfc, 0xff, 0x07, 0xf9, 0x01, 0xff, 0xfa, 0xfc, 0x03, 0xfe, 0xf9, 0x02, 
    0x03, 0x05, 0x08, 0x04, 0x03, 0xfe, 0xff, 0xfe, 0x08, 0xf8, 0x01, 0xfb, 
    0x07, 0x02, 0x08, 0x00, 0xf9, 0x05, 0x03, 0xfb, 0xfc, 0x07, 0x06, 0xfd, 
    0x08, 0xfe, 0xfa, 0x01, 0xfd, 0xf9, 0xfb, 0x07, 0x07, 0x07, 0xfc, 0x02, 
    0xfa, 0x07, 0x06, 0xfa, 0xfe, 0x04, 0x02, 0x03, 0x02, 0x05, 0x00, 0xff, 
    0xf8, 0xf9, 0xfa, 0xfa, 0xfc, 0xfd, 0x05, 0x02, 0x02, 0xfa, 0xfa, 0xfa, 
    0x08, 0x03, 0x05, 0xfc, 0xfc, 0xf9, 0x00, 0xf9, 0x07, 0x02, 0xfe, 0xf9, 
    0x02, 0x01, 0x01, 0x02, 0x02, 0x00, 0x04, 0xf8, 0x00, 0x00, 0x05, 0x05, 
    0xf8, 0x00, 0x02, 0x04, 0x07, 0x08, 0x01, 0x01, 0x04, 0x02, 0xfd, 0xfc, 
    0x06, 0xfa, 0x05, 0xfd, 0xfc, 0x05, 0xf9, 0x02, 0x02, 0x03, 0x08, 0xfb, 
    0xfe, 0xfb, 0xfd, 0x02, 0xf8, 0xfc, 0xfb, 0xfc, 0x03, 0xff, 0xf8, 0xf8, 
    0x08, 0x01, 0x05, 0xf9, 0xf9, 0xfd, 0x05, 0xff, 0x05, 0xfb, 0x00, 0x00, 
    0x03, 0x05, 0xfc, 0x00, 0x02, 0xfd, 0x03, 0xfe, 0xfc, 0x04, 0x00, 0xf9, 
    0x03, 0x02, 0xfa, 0x03, 0xf8, 0xf8, 0x07, 0x04, 0x04, 0x04, 0x02, 0x03, 
    0x06, 0x00, 0xfc, 0x01, 0xfa, 0xf8, 0xfa, 0x01, 0xf8, 0x06, 0x04, 0x07, 
    0xf9, 0xff, 0x03, 0xff, 0x01, 0x06, 0x01, 0x06, 0x04, 0xfc, 0xfd, 0x05, 
    0x08, 0xf9, 0x04, 0x01, 0x06, 0x07, 0xf9, 0x00, 0xfa, 0x00, 0x01, 0xfc, 
    0x03, 0xff, 0x03, 0xfc, 0xfd, 0x02, 0xfb, 0x06, 0xf9, 0x00, 0x06, 0x02, 
    0x01, 0x05, 0xf9, 0x03, 0x00, 0x00, 0xf9, 0x08, 0x07, 0xfc, 0x07, 0x04, 
    0x03, 0x03, 0xf8, 0xfc, 0x04, 0x08, 0x04, 0xf9, 0x06, 0xfc, 0x03, 0xfa, 
    0x07, 0x00, 0xfb, 0xff, 0x07, 0x04, 0x06, 0x06, 0x04, 0xfe, 0x08, 0xfe, 
    0xfa, 0xfc, 0xf9, 0xfb, 0x06, 0x03, 0xfa, 0x07, 0x08, 0xf9, 0x05, 0x04, 
    0xfe, 0x00, 0xfc, 0xfc, 0xf9, 0xfe, 0xff, 0xfb, 0xff, 0x02, 0xfa, 0xfa, 
    0x04, 0xf8, 0xfb, 0x04, 0xfc, 0x07, 0x00, 0xfb, 0x00, 0x00, 0xfa, 0x02, 
    0xf9, 0x05, 0x07, 0x03, 0x01, 0x01, 0x00, 0x06, 0xff, 0xfb, 0xfa, 0x01, 
    0x01, 0xff, 0x07, 0xff, 0xfb, 0xfb, 0xfe, 0x07, 0xfb, 0x05, 0x04, 0x05, 
    0xfc, 0x02, 0x02, 0xfc, 0x01, 0x08, 0xfb, 0x07, 0xfd, 0x07, 0x07, 0x02, 
    0x05, 0x03, 0xfe, 0xfe, 0x00, 0xff, 0xf8, 0x07, 0x05, 0xfb, 0x05, 0x05, 
    0xfb, 0xf9, 0x03, 0x03, 0x05, 0x02, 0x05, 0x03, 0x08, 0x07, 0x00, 0xfa, 
    0x01, 0xff, 0x06, 0xfb, 0x06, 0x01, 0x01, 0xfa, 0x04, 0xfb, 0x06, 0xfa, 
    0x02, 0x03, 0xf8, 0xf9, 0x06, 0x00, 0xfa, 0x05, 0x07, 0xff, 0xf9, 0x03, 
    0x08, 0xfe, 0x01, 0xf9, 0xf8, 0xf9, 0xf9, 0xfa, 0x02, 0x01, 0x05, 0x07, 
    0xf8, 0xf9, 0x08, 0x08, 0x07, 0x03, 0x07, 0xfe, 0x06, 0xf8, 0xfe, 0x02, 
    0x00, 0xf8, 0xff, 0x03, 0x01, 0xf8, 0x01, 0xfc, 0xfa, 0xf8, 0xfa, 0xfe, 
    0xf8, 0xff, 0x00, 0xfb, 0xff, 0xfe, 0xfe, 0xff, 0xff, 0x01, 0xff, 0x08, 
    0xff, 0x04, 0xfe, 0xfc, 0x05, 0xf8, 0x04, 0x03, 0x01, 0xf9, 0x01, 0x08, 
    0xfa, 0xf9, 0xf8, 0x02, 0xfa, 0xff, 0x02, 0xfa, 0xf9, 0xff, 0xf8, 0x07, 
    0xfc, 0xf9, 0xfa, 0xfb, 0x07, 0xfd, 0xfe, 0x03, 0xfe, 0xff, 0x02, 0xfb, 
    0x08, 0x02, 0x05, 0x05, 0x04, 0xff, 0x06, 0x04, 0x01, 0xfe, 0x03, 0x01, 
    0x07, 0xfa, 0xf9, 0xfb, 0xf8, 0xf9, 0x05, 0xfe, 0x02, 0xf9, 0xfa, 0x03, 
    0x04, 0xf9, 0xfb, 0xf9, 0x03, 0xf9, 0x07, 0xff, 0xfc, 0x04, 0x04, 0x02, 
    0x06, 0xff, 0x07, 0x01, 0xff, 0xfd, 0x05, 0x06, 0x05, 0xfc, 0x02, 0xfd, 
    0x05, 0xff, 0xfa, 0x07, 0x01, 0xfa, 0x06, 0xf8, 0xf9, 0x01, 0xfb, 0xfc, 
    0xfd, 0x08, 0xfe, 0xff, 0x07, 0x00, 0x03, 0xfc, 0x05, 0x01, 0xff, 0x01, 
    0x02, 0xf8, 0xf9, 0xfe, 0x06, 0x03, 0x07, 0x05, 0x04, 0x07, 0x05, 0xff, 
    0x07, 0x06, 0x07, 0x08, 0x04, 0x07, 0xfc, 0xfa, 0xff, 0x05, 0x04, 0xfe, 
    0xfb, 0xfc, 0xfe, 0x03, 0x02, 0x06, 0x00, 0x01, 0x07, 0xf9, 0x05, 0x05, 
    0x05, 0xf8, 0xfb, 0x05, 0xff, 0xff, 0x01, 0x05, 0x03, 0xfe, 0xf8, 0x03, 
    0x06, 0xfc, 0x05, 0x01, 0xfb, 0xfb, 0xfc, 0xf9, 0xfe, 0x07, 0x07, 0x05, 
    0xf9, 0x02, 0x04, 0x04, 0x03, 0x02, 0x01, 0xfd, 0x03, 0xfd, 0xff, 0xfb, 
    0x04, 0x05, 0x00, 0xfe, 0xf8, 0xfb, 0xfb, 0xfc, 0x02, 0xfc, 0x07, 0x05, 
    0xfd, 0xfa, 0x03, 0xf9, 0x04, 0x01, 0x06, 0x03, 0x01, 0x04, 0xfc, 0xfe, 
    0x03, 0xfd, 0xfd, 0x00, 0x07, 0x01, 0xfa, 0x04, 0xfa, 0x06, 0x00, 0x00, 
    0xfb, 0xf9, 0x04, 0x03, 0x03, 0xfa, 0x07, 0xfb, 0xfd, 0xff, 0x03, 0xff, 
    0xff, 0xfa, 0x03, 0xfd, 0xf8, 0x08, 0x07, 0xfe, 0xf9, 0xfe, 0x01, 0x07, 
    0xf9, 0xfe, 0x07, 0x05, 0xfd, 0x07, 0x08, 0xfc, 0xf9, 0x07, 0x07, 0x08, 
    0xf9, 0xff, 0x02, 0x01, 0x08, 0xfe, 0x00, 0xfc, 0xfb, 0x07, 0xfa, 0xfd, 
    0xfe, 0x05, 0x04, 0x06, 0xf9, 0xff, 0xfb, 0x04, 0xfd, 0xfd, 0x01, 0x05, 
    0x05, 0xfa, 0x03, 0xfe, 0x03, 0xfc, 0x01, 0x05, 0x04, 0x05, 0x00, 0x01, 
    0x00, 0xfa, 0xfb, 0xfe, 0xf9, 0xf9, 0x05, 0x01, 0x03, 0x02, 0x04, 0xf8, 
    0xff, 0xff, 0xfb, 0x04, 0x06, 0xfc, 0xf9, 0x06, 0x05, 0x04, 0xfb, 0x04, 
    0xfb, 0xff, 0xfd, 0xfd, 0x06, 0x02, 0x04, 0xff, 0xfa, 0xfc, 0xfe, 0xfb, 
    0x02, 0x03, 0x06, 0xf8, 0x05, 0x00, 0xf9, 0x02, 0xf9, 0x06, 0xfc, 0x03, 
    0xfe, 0xf8, 0x05, 0x00, 0x00, 0xf8, 0x02, 0x05, 0xfb, 0x04, 0xfb, 0xf8, 
    0x05, 0xf9, 0x08, 0xf9, 0xff, 0x07, 0x01, 0x02, 0x03, 0xfe, 0x06, 0x06, 
    0xfb, 0x03, 0xf9, 0x02, 0x04, 0x05, 0x02, 0xfd, 0xfe, 0x00, 0x02, 0xfa, 
    0xfd, 0xfb, 0xf9, 0x07, 0xfd, 0x00, 0xfb, 0x03, 0xfa, 0x08, 0x03, 0xf8, 
    0xfd, 0xfb, 0xfc, 0xfe, 0xfa, 0xf9, 0x01, 0xfd, 0xfb, 0x00, 0xff, 0x02, 
    0x04, 0x08, 0x01, 0xff, 0xfc, 0x00, 0xf9, 0x00, 0x04, 0x06, 0xf9, 0xfb, 
    0xfb, 0xfc, 0xfa, 0xfe, 0xfd, 0xff, 0xfb, 0xf8, 0xfe, 0x08, 0x04, 0x07, 
    0x02, 0xff, 0xfe, 0x01, 0x02, 0xfd, 0xfc, 0xfa, 0xfa, 0xfb, 0xfb, 0x06, 
    0x00, 0x08, 0xfe, 0x07, 0xf9, 0xfb, 0x04, 0x04, 0xf9, 0x04, 0xfa, 0x01, 
    0xfe, 0xfb, 0xf9, 0xfe, 0x06, 0xff, 0xfa, 0x04, 0x07, 0x08, 0x01, 0x00, 
    0x03, 0x03, 0x04, 0x06, 0xf9, 0x05, 0x01, 0xf9, 0x05, 0x06, 0x03, 0xff, 
    0x00, 0x00, 0xfd, 0x06, 0xfa, 0xfb, 0xfb, 0x05, 0xff, 0x04, 0xf9, 0x02, 
    0x05, 0x08, 0xfe, 0xf9, 0xfb, 0xfd, 0xfb, 0xfd, 0xfa, 0xfe, 0xff, 0x03, 
    0x03, 0xff, 0x06, 0xff, 0x02, 0x02, 0xf9, 0xfa, 0x01, 0x02, 0xfb, 0x06, 
    0x00, 0x00, 0x07, 0x02, 0xfc, 0x07, 0xfe, 0xfa, 0x02, 0xfa, 0x04, 0x06, 
    0x06, 0xfa, 0x04, 0xfb, 0xfb, 0xf8, 0x06, 0x06, 0xfb, 0xfd, 0xfc, 0xfd, 
    0xfe, 0xfc, 0x05, 0xf9, 0x08, 0x06, 0xfa, 0xfb, 0xfc, 0x03, 0xfe, 0xfc, 
    0x08, 0x04, 0xfb, 0x04, 0xfe, 0xfc, 0xfd, 0x00, 0xff, 0x05, 0x01, 0x06, 
    0x05, 0xfd, 0x07, 0x00, 0x02, 0x01, 0xf9, 0x03, 0xff, 0x03, 0x00, 0x05, 
    0x05, 0x05, 0x02, 0xf8, 0x07, 0x01, 0xfa, 0x00, 0x06, 0x00, 0xfd, 0xfc, 
    0xf9, 0x02, 0x02, 0xfd, 0x06, 0x06, 0x07, 0x00, 0x06, 0x07, 0x03, 0x07, 
    0x02, 0xfe, 0xfc, 0x05, 0x06, 0x05, 0xfd, 0x08, 0xfb, 0x01, 0xfb, 0xf8, 
    0x04, 0x08, 0x07, 0xfb, 0x07, 0x00, 0x01, 0x03, 0x01, 0xfd, 0x02, 0xfc, 
    0x02, 0x03, 0x00, 0x02, 0x06, 0xff, 0xf8, 0x04, 0x07, 0x05, 0x07, 0xfc, 
    0xfe, 0xfc, 0x02, 0xff, 0x07, 0xfc, 0x07, 0x03, 0x06, 0xff, 0x06, 0x05, 
    0x07, 0x06, 0xfd, 0x01, 0xfc, 0x01, 0x00, 0x04, 0xf8, 0x06, 0x07, 0x05, 
    0x06, 0x05, 0x05, 0x05, 0x07, 0x06, 0x06, 0xf9, 0x07, 0xff, 0x02, 0x04, 
    0xfc, 0x02, 0x06, 0x06, 0xff, 0xfd, 0x05, 0xfc, 0x06, 0xfa, 0xfa, 0xf9, 
    0x02, 0x07, 0x07, 0xfa, 0x07, 0xf9, 0x01, 0x00, 0x07, 0x08, 0xfb, 0x04, 
    0x02, 0x03, 0xfd, 0xfc, 0x08, 0xf9, 0x00, 0xf9, 0x01, 0x01, 0xfb, 0x06, 
    0x04, 0x04, 0xff, 0x01, 0x06, 0xfe, 0xfa, 0x04, 0x03, 0x05, 0xfd, 0xfb, 
    0x03, 0xfb, 0xfd, 0x04, 0xfe, 0xfd, 0xfd, 0x02, 0x04, 0xfe, 0xfc, 0x02, 
    0xfb, 0x03, 0x00, 0x00, 0xfa, 0x04, 0x01, 0x08, 0xfb, 0x05, 0x04, 0xff, 
    0xf9, 0xfd, 0xfa, 0x00, 0x01, 0xfc, 0xff, 0x07, 0x05, 0xfc, 0x01, 0xfe, 
    0x02, 0xfb, 0x05, 0xfb, 0x01, 0xfe, 0xf9, 0x05, 0x01, 0x07, 0x07, 0x07, 
    0xfa, 0x01, 0xfd, 0xfb, 0x00, 0x03, 0x08, 0x05, 0x06, 0xfb, 0x04, 0x07, 
    0x04, 0xfc, 0xf9, 0xfb, 0x00, 0x05, 0x07, 0x00, 0xfd, 0x04, 0xfc, 0x04, 
    0xf8, 0xfe, 0x08, 0xfc, 0xfc, 0xfd, 0x04, 0x05, 0xfa, 0x01, 0x02, 0x05, 
    0x00, 0x07, 0x00, 0xf8, 0x08, 0x03, 0x04, 0x04, 0x06, 0x01, 0xfc, 0x03, 
    0x03, 0x01, 0xfa, 0x03, 0x06, 0xfd, 0x05, 0x00, 0x06, 0x02, 0xf9, 0xfa, 
    0x00, 0x03, 0x08, 0xf8, 0x00, 0x01, 0x00, 0xfe, 0x04, 0xfc, 0x05, 0x03, 
    0xfa, 0x04, 0x01, 0x02, 0xf8, 0xf9, 0x02, 0x05, 0xff, 0xfb, 0x07, 0xfc, 
    0x03, 0x07, 0x06, 0xfb, 0x03, 0x00, 0xf9, 0x00, 0xfd, 0x03, 0x02, 0xfa, 
    0x02, 0x01, 0xfe, 0xfc, 0x01, 0xfb, 0xf8, 0xfd, 0x01, 0x05, 0xfa, 0x02, 
    0x05, 0x06, 0x08, 0xfb, 0x01, 0x05, 0x00, 0x02, 0x08, 0x07, 0xfb, 0x04, 
    0x01, 0x04, 0xfc, 0x05, 0xff, 0xfe, 0x00, 0x08, 0xf9, 0x06, 0x04, 0xfe, 
    0x02, 0x03, 0x02, 0x05, 0xfe, 0x00, 0xf9, 0x00, 0xff, 0x00, 0x05, 0xff, 
    0x01, 0x00, 0x00, 0xfb, 0x03, 0xfe, 0x03, 0xfd, 0xfd, 0xfa, 0x01, 0xfb, 
    0x05, 0x08, 0x04, 0xfb, 0xfd, 0xf9, 0xfe, 0xfb, 0x06, 0x05, 0x06, 0xfc, 
    0x02, 0xfd, 0x00, 0x08, 0xff, 0x03, 0x01, 0x00, 0x08, 0x07, 0xff, 0xff, 
    0xfd, 0xff, 0xfb, 0x05, 0x02, 0xfc, 0xff, 0x01, 0x07, 0xfd, 0x01, 0x00, 
    0x05, 0x08, 0xfa, 0xfa, 0xff, 0x02, 0x05, 0x01, 0x05, 0x05, 0xfb, 0x03, 
    0x06, 0x07, 0x01, 0x06, 0xfb, 0x05, 0x02, 0xfa, 0xfd, 0xf9, 0xfd, 0xfa, 
    0xfb, 0x01, 0xfc, 0x01, 0xfe, 0x03, 0x04, 0x00, 0x00, 0x03, 0x07, 0xfe, 
    0x05, 0xf8, 0xfc, 0x00, 0xfd, 0xfc, 0x03, 0xfe, 0x04, 0x06, 0x00, 0xfb, 
    0xfc, 0xff, 0xfd, 0x04, 0x05, 0x06, 0xff, 0x07, 0xf9, 0x06, 0x05, 0x00, 
    0xfc, 0x02, 0x04, 0x00, 0x00, 0xff, 0xff, 0xf8, 0x06, 0xff, 0x00, 0xfc, 
    0x02, 0xfb, 0x01, 0xfd, 0xf8, 0xfc, 0x07, 0xfd, 0x00, 0xfa, 0xf9, 0x07, 
    0xfc, 0x05, 0xff, 0xfb, 0xfc, 0x02, 0x01, 0xfe, 0xfc, 0xf9, 0x07, 0x01, 
    0x03, 0x05, 0xfc, 0x06, 0x05, 0x05, 0x00, 0x06, 0xff, 0x07, 0xff, 0x03, 
    0x05, 0x04, 0x03, 0x01, 0xfd, 0xfa, 0xff, 0xfb, 0x00, 0xfc, 0xfa, 0xfa, 
    0x04, 0x07, 0x02, 0x02, 0x07, 0xff, 0x00, 0xff, 0xfd, 0xf9, 0x02, 0x01, 
    0x06, 0x06, 0x00, 0x04, 0x01, 0x01, 0x06, 0x06, 0xff, 0x02, 0xff, 0xfc, 
    0x03, 0xfc, 0xfe, 0x00, 0x02, 0x03, 0x00, 0x07, 0xfa, 0xfb, 0xf9, 0x03, 
    0xff, 0x08, 0xfe, 0x01, 0xff, 0x03, 0xff, 0xfa, 0x02, 0xfa, 0x07, 0xfd, 
    0xfc, 0xfa, 0xff, 0xfe, 0xfc, 0xff, 0x04, 0x01, 0x06, 0x01, 0x04, 0x08, 
    0xf9, 0xfa, 0xfd, 0x00, 0x03, 0x04, 0xfa, 0x08, 0x03, 0x06, 0xf9, 0xfb, 
    0xfc, 0x00, 0x03, 0xf9, 0x07, 0x05, 0x07, 0xfb, 0x04, 0x06, 0x04, 0xfb, 
    0x00, 0x02, 0x05, 0xff, 0x03, 0xf9, 0x05, 0xfe, 0xfa, 0x02, 0xfc, 0x03, 
    0xfd, 0x04, 0x07, 0xff, 0x04, 0x06, 0x00, 0xfa, 0x03, 0x02, 0x01, 0x08, 
    0xfb, 0xf9, 0x04, 0x01, 0x07, 0x02, 0xff, 0xff, 0x03, 0xfc, 0x04, 0xfd, 
    0xfe, 0xfb, 0xfc, 0x06, 0x06, 0xff, 0x02, 0xff, 0x03, 0xfa, 0x06, 0xfb, 
    0xfd, 0x00, 0x02, 0xff, 0xf9, 0x05, 0xfd, 0xfb, 0x03, 0x07, 0x00, 0xfc, 
    0x06, 0xfd, 0x04, 0xfc, 0xff, 0x00, 0x08, 0xff, 0xfa, 0xf9, 0xfd, 0x05, 
    0x01, 0x05, 0xff, 0xfc, 0x06, 0x07, 0xfb, 0xfb, 0xf8, 0xfa, 0x00, 0xfa, 
    0x06, 0x01, 0x00, 0xfe, 0xfb, 0xfd, 0xff, 0x06, 0xfd, 0xfb, 0x01, 0xff, 
    0x04, 0xfa, 0xfa, 0xfa, 0x01, 0x05, 0x01, 0xf9, 0x06, 0xfc, 0xfb, 0x00, 
    0x06, 0xfa, 0x03, 0x02, 0x02, 0xfe, 0xfd, 0x06, 0x07, 0x07, 0x00, 0xfb, 
    0xf8, 0x06, 0xfc, 0x00, 0x07, 0xff, 0xfb, 0x03, 0x04, 0xfa, 0xfc, 0xfa, 
    0xfd, 0xfd, 0xfc, 0xfe, 0xfb, 0x06, 0x07, 0xfd, 0xf9, 0xff, 0xfe, 0x02, 
    0x00, 0x03, 0x02, 0x03, 0xf9, 0xfe, 0xff, 0x02, 0x06, 0x06, 0xfa, 0xfc, 
    0x00, 0x01, 0xf8, 0xfb, 0xfe, 0x08, 0x04, 0x04, 0x04, 0x05, 0x03, 0xfc, 
    0xfa, 0x02, 0x00, 0xf9, 0xf9, 0xfa, 0xf9, 0x00, 0xfb, 0x01, 0x07, 0x02, 
    0x06, 0xfb, 0xff, 0xfc, 0xfa, 0x00, 0x02, 0xff, 0x05, 0x06, 0xfc, 0xfa, 
    0x02, 0xfc, 0xfe, 0xfb, 0xff, 0x08, 0xff, 0x03, 0xfc, 0x00, 0x05, 0xfb, 
    0x02, 0x05, 0x00, 0x06, 0x06, 0xf8, 0x06, 0x06, 0x04, 0xf9, 0x04, 0x01, 
    0xfe, 0x01, 0xfc, 0x04, 0xfe, 0x02, 0x00, 0x02, 0xff, 0xf9, 0xf9, 0x01, 
    0x00, 0xfa, 0xfb, 0x02, 0xfe, 0x04, 0x05, 0xfe, 0xff, 0x03, 0x08, 0x06, 
    0xff, 0xfc, 0xf9, 0xff, 0x07, 0xfc, 0x07, 0xfc, 0x06, 0x05, 0xf9, 0x00, 
    0x06, 0x03, 0x06, 0xff, 0x08, 0x06, 0x04, 0xfa, 0xfb, 0xfd, 0xff, 0x04, 
    0xfd, 0xf9, 0xfb, 0x00, 0x07, 0x01, 0xfa, 0x07, 0xfa, 0x06, 0xfa, 0x00, 
    0xfa, 0xf8, 0xf9, 0x05, 0xfa, 0xfa, 0xfb, 0xfc, 0x04, 0xf8, 0x05, 0x05, 
    0x01, 0xfd, 0x03, 0xfd, 0xfb, 0x00, 0x04, 0xfd, 0x00, 0x05, 0x03, 0x01, 
    0xfd, 0xff, 0xff, 0xff, 0x02, 0x01, 0xfb, 0x05, 0xfd, 0x04, 0x00, 0x06, 
    0x03, 0x07, 0x01, 0xf9, 0xfb, 0x02, 0x06, 0xfa, 0x02, 0x01, 0xfb, 0xfd, 
    0x04, 0x03, 0xfd, 0xf9, 0x04, 0xfa, 0xfc, 0x07, 0xff, 0x04, 0x02, 0x04, 
    0x06, 0xfb, 0x06, 0x07, 0x08, 0xfb, 0x08, 0x03, 0xfc, 0x05, 0xff, 0x03, 
    0xfd, 0x08, 0xfb, 0xff, 0x04, 0xfb, 0x07, 0x07, 0xf8, 0xfc, 0xfb, 0xfc, 
    0x04, 0x06, 0x07, 0x02, 0xfc, 0xfe, 0xf8, 0x08, 0xfb, 0xff, 0x03, 0xfe, 
    0x07, 0xff, 0x02, 0xfb, 0xfc, 0xfc, 0x07, 0x01, 0xfa, 0xfc, 0x04, 0x08, 
    0x06, 0x01, 0xff, 0x03, 0xfc, 0x06, 0x01, 0xf9, 0x03, 0x05, 0xff, 0x00, 
    0xfb, 0x03, 0xfa, 0xfc, 0xfd, 0x00, 0x00, 0x04, 0xfa, 0x04, 0xfb, 0x02, 
    0x00, 0x01, 0xff, 0xff, 0x04, 0x01, 0x00, 0x07, 0xff, 0x04, 0x00, 0x08, 
    0xfb, 0xfb, 0x00, 0x00, 0x07, 0x07, 0xf9, 0xfa, 0xfa, 0x04, 0x04, 0xff, 
    0x00, 0xf9, 0xf9, 0xfe, 0x05, 0xff, 0x04, 0xfd, 0xff, 0xf9, 0xfe, 0xfe, 
    0xfe, 0xfb, 0x01, 0xfb, 0xf8, 0x00, 0x01, 0x02, 0xf9, 0xfb, 0x01, 0xfc, 
    0x08, 0x05, 0x00, 0x04, 0xfb, 0x08, 0xfe, 0x05, 0x06, 0xff, 0x03, 0x05, 
    0xfa, 0xf8, 0xfb, 0xfc, 0xff, 0xfc, 0xfd, 0xff, 0xfe, 0x03, 0xfb, 0x02, 
    0x00, 0xfa, 0xfd, 0x06, 0xf9, 0x00, 0xf9, 0x07, 0xff, 0xf9, 0xfb, 0x05, 
    0x01, 0x03, 0xf9, 0x04, 0x01, 0x05, 0x02, 0x04, 0xf8, 0xfe, 0x02, 0xfb, 
    0x04, 0xfe, 0x03, 0xfe, 0x04, 0x05, 0xfc, 0x01, 0x04, 0x00, 0xf9, 0x00, 
    0x04, 0x00, 0xfd, 0x00, 0xfd, 0x06, 0x03, 0xf8, 0xfa, 0x04, 0x06, 0xfb, 
    0xfa, 0xff, 0xfc, 0xf8, 0xff, 0x03, 0xff, 0xfa, 0x08, 0x06, 0x05, 0xfa, 
    0xff, 0x04, 0xfd, 0x02, 0xfc, 0xff, 0x04, 0xf9, 0x06, 0x02, 0x05, 0xff, 
    0xfa, 0xfc, 0xfd, 0x00, 0x02, 0xfd, 0xfb, 0xfa, 0xfc, 0x02, 0xfd, 0xfc, 
    0x07, 0x07, 0x01, 0xfa, 0x08, 0xf8, 0x06, 0xfe, 0x06, 0xfe, 0x02, 0x05, 
    0x05, 0xfd, 0xfd, 0xfa, 0xff, 0xf9, 0x00, 0xfb, 0xfe, 0x03, 0xfe, 0xff, 
    0x03, 0xf9, 0x02, 0x03, 0x04, 0xfc, 0x03, 0x01, 0xfb, 0x04, 0x05, 0xff, 
    0xfa, 0x03, 0x00, 0xfa, 0xff, 0xf8, 0x02, 0x04, 0x07, 0x01, 0xfa, 0x07, 
    0xfa, 0xfd, 0xfb, 0xfa, 0x01, 0xfe, 0x05, 0x04, 0x03, 0x06, 0xfc, 0xff, 
    0x06, 0x01, 0xfb, 0xf8, 0xfa, 0x00, 0xf8, 0x04, 0xfb, 0xfc, 0x05, 0xf9, 
    0xf9, 0xff, 0x08, 0xfc, 0x07, 0x03, 0xfd, 0x07, 0xf9, 0x02, 0xfd, 0x01, 
    0x01, 0x06, 0x05, 0xfe, 0x02, 0x07, 0x07, 0xf9, 0x04, 0xf8, 0xfb, 0xfe, 
    0x04, 0x07, 0x00, 0xff, 0xf9, 0x05, 0xff, 0xff, 0x01, 0x02, 0xfe, 0xfe, 
    0x01, 0xfa, 0x06, 0x03, 0x05, 0xf8, 0xfd, 0xfe, 0x00, 0x08, 0xff, 0x02, 
    0x06, 0x04, 0x07, 0xff, 0x08, 0x04, 0x07, 0x04, 0x04, 0xfa, 0xff, 0x02, 
    0x06, 0xfb, 0x03, 0x07, 0x01, 0xfb, 0x07, 0x06, 0xfd, 0x03, 0x02, 0x01, 
    0x05, 0xfb, 0xfd, 0x07, 0x01, 0x07, 0x05, 0x01, 0xfb, 0x04, 0x00, 0x04, 
    0x04, 0x06, 0x05, 0x06, 0x06, 0x07, 0x08, 0xf9, 0x02, 0x02, 0xfb, 0x03, 
    0x07, 0xfb, 0xfd, 0x04, 0xfa, 0x07, 0xf9, 0xfc, 0xfa, 0x05, 0x01, 0xfd, 
    0x04, 0xfd, 0x01, 0x00, 0x01, 0xfe, 0x01, 0x00, 0xfb, 0x03, 0xfb, 0xfd, 
    0xfd, 0x04, 0xfa, 0x01, 0xff, 0x00, 0xfb, 0x01, 0xfa, 0x01, 0xfb, 0x05, 
    0xf8, 0xf9, 0x02, 0xff, 0xf9, 0x00, 0x00, 0x02, 0x01, 0xf8, 0x01, 0x00, 
    0xf9, 0x01, 0xf9, 0x03, 0xf9, 0x01, 0xfd, 0xfa, 0x04, 0x03, 0xfc, 0x07, 
    0x04, 0x01, 0xfa, 0x02, 0xfa, 0x02, 0x06, 0xfe, 0x00, 0xf9, 0x07, 0x04, 
    0xfa, 0xfc, 0xf9, 0xff, 0x05, 0xf8, 0x07, 0x05, 0x00, 0xfe, 0x07, 0x07, 
    0xfe, 0x01, 0xfd, 0x01, 0xfb, 0x00, 0x05, 0xfe, 0x03, 0x05, 0x07, 0xfd, 
    0x03, 0x03, 0x02, 0x05, 0xfc, 0xfe, 0x05, 0xff, 0xff, 0xf8, 0xfe, 0x06, 
    0xfe, 0xfc, 0xfe, 0xff, 0xf9, 0xff, 0xff, 0xfc, 0xfe, 0xff, 0x05, 0x06, 
    0xfc, 0x02, 0x02, 0xfa, 0x01, 0xfd, 0xf9, 0x04, 0xfb, 0xfa, 0xfd, 0xf9, 
    0xfe, 0xf8, 0x00, 0x01, 0xfc, 0xfe, 0xfe, 0xfb, 0xfc, 0xfd, 0x04, 0xfb, 
    0xff, 0xfa, 0x04, 0x02, 0x05, 0xfc, 0xfd, 0x02, 0x02, 0x03, 0xf9, 0xfe, 
    0xfc, 0xfd, 0x01, 0xfa, 0xfc, 0xfb, 0x02, 0xfe, 0x03, 0xfd, 0x02, 0x00, 
    0x03, 0x02, 0x04, 0xf9, 0xfd, 0xf9, 0x02, 0x06, 0xfc, 0xfb, 0x03, 0xfd, 
    0x05, 0xfe, 0x05, 0x08, 0x05, 0x04, 0x07, 0xfe, 0x05, 0x07, 0x02, 0x00, 
    0xf9, 0xff, 0xfc, 0xff, 0x07, 0x03, 0x03, 0xfe, 0x06, 0xfc, 0xfc, 0x05, 
    0x07, 0xfb, 0x04, 0x04, 0x08, 0x06, 0xff, 0x05, 0x01, 0xfe, 0xfe, 0xff, 
    0xfe, 0x01, 0xfa, 0xfe, 0x03, 0x07, 0x04, 0x00, 0x03, 0xfe, 0x03, 0x02, 
    0x07, 0xf8, 0x03, 0x06, 0xf8, 0xfe, 0x03, 0xff, 0xfc, 0x07, 0x00, 0x02, 
    0xfd, 0xfd, 0x00, 0xf8, 0x07, 0x02, 0xfc, 0x03, 0xfe, 0x00, 0xfd, 0xfd, 
    0x06, 0x07, 0x04, 0xfb, 0x04, 0xfe, 0xff, 0xfe, 0x03, 0x03, 0xf9, 0xff, 
    0x05, 0xf8, 0xfd, 0x08, 0xfb, 0x00, 0xfd, 0xfc, 0xf8, 0x03, 0x05, 0x07, 
    0x07, 0x01, 0x06, 0x01, 0x00, 0x06, 0xfc, 0x05, 0x02, 0x08, 0x03, 0xfb, 
    0x08, 0x03, 0xf9, 0x07, 0x06, 0xfb, 0x01, 0xfc, 0xfe, 0xf9, 0xfd, 0xfb, 
    0x06, 0xfb, 0x06, 0x01, 0xfd, 0x07, 0xfc, 0x01, 0x06, 0xfe, 0xfa, 0xff, 
    0x08, 0xfb, 0x01, 0x06, 0x01, 0x08, 0xfa, 0x00, 0xfd, 0x02, 0xfe, 0xff, 
    0x06, 0xfb, 0xfa, 0x06, 0x02, 0x06, 0x00, 0x01, 0xfb, 0x07, 0x06, 0x02, 
    0xfd, 0x05, 0x01, 0x07, 0x01, 0x02, 0x04, 0xff, 0x08, 0xfd, 0xf9, 0xfd, 
    0xfa, 0xff, 0x02, 0x05, 0x05, 0xf9, 0xfa, 0x07, 0xfc, 0xfa, 0xff, 0x04, 
    0xf9, 0x06, 0x00, 0x05, 0x04, 0xfb, 0x08, 0x03, 0x03, 0x01, 0x00, 0xfc, 
    0xfc, 0x00, 0xff, 0x01, 0x00, 0x00, 0xfc, 0xfd, 0x05, 0x00, 0xfb, 0x05, 
    0x07, 0xfd, 0xfd, 0x00, 0x07, 0x05, 0xfe, 0xf8, 0xfd, 0xfc, 0xff, 0x01, 
    0xfa, 0xfd, 0x00, 0xfd, 0x04, 0x03, 0xff, 0x05, 0xf8, 0x01, 0xfe, 0x02, 
    0x01, 0xfc, 0x08, 0xff, 0xf9, 0x02, 0x03, 0xfe, 0x00, 0xf8, 0xfb, 0xfd, 
    0x01, 0x01, 0x00, 0x07, 0x04, 0xf9, 0xfe, 0xfd, 0x02, 0xfa, 0xff, 0xf9, 
    0x06, 0x00, 0xfa, 0x01, 0x04, 0x07, 0x08, 0xff, 0x06, 0xff, 0xfe, 0x04, 
    0x04, 0x07, 0x01, 0xfc, 0xfd, 0x04, 0xfd, 0xfa, 0xff, 0xfc, 0xfb, 0x07, 
    0x03, 0xff, 0xfb, 0x05, 0x06, 0x02, 0x04, 0x01, 0xfe, 0xfa, 0x00, 0x01, 
    0x00, 0x01, 0xfa, 0x06, 0x00, 0x05, 0x04, 0xfc, 0xfe, 0x01, 0xfd, 0xfe, 
    0xfc, 0xfa, 0xfc, 0x08, 0xff, 0x06, 0x07, 0x06, 0x03, 0x07, 0x03, 0x05, 
    0xfb, 0x01, 0x04, 0x05, 0x02, 0x04, 0xf8, 0x00, 0xfc, 0x07, 0x00, 0x00, 
    0x02, 0xfa, 0xfb, 0xfd, 0x05, 0xfe, 0xfd, 0xfb, 0xfb, 0x06, 0xfa, 0xfa, 
    0xfe, 0x04, 0x05, 0xf9, 0x03, 0xfa, 0x03, 0xf9, 0x05, 0x00, 0x00, 0xfc, 
    0xfc, 0x05, 0x03, 0xfe, 0xfe, 0xfe, 0xfd, 0x07, 0xfa, 0xfc, 0x05, 0xfc, 
    0x07, 0x03, 0xfd, 0xf8, 0xfb, 0xf9, 0xfb, 0x01, 0xfc, 0x00, 0x06, 0x06, 
    0xf9, 0xfd, 0x01, 0x02, 0xf9, 0xf9, 0x03, 0x08, 0xff, 0x00, 0x05, 0xff, 
    0xf9, 0xff, 0xf9, 0x01, 0x08, 0x04, 0xfe, 0x02, 0x03, 0x00, 0xfc, 0x06, 
    0x07, 0x07, 0x07, 0x00, 0x01, 0x02, 0x00, 0x04, 0xfc, 0x07, 0xfd, 0xfb, 
    0x00, 0xfa, 0x02, 0x00, 0xfd, 0x08, 0x01, 0x03, 0xfe, 0xf8, 0x00, 0x05, 
    0xfb, 0xff, 0x03, 0x03, 0x03, 0x01, 0x04, 0xfa, 0xf8, 0x08, 0xfb, 0xf9, 
    0x07, 0xfd, 0x07, 0xfa, 0xfc, 0xff, 0x05, 0xff, 0x03, 0xfe, 0xfd, 0x07, 
    0x07, 0x02, 0x08, 0xfb, 0xfa, 0xf9, 0x03, 0x01, 0xf9, 0xfb, 0xf8, 0x06, 
    0xfe, 0xfe, 0x05, 0xf9, 0x01, 0x07, 0x04, 0xff, 0x02, 0xfc, 0x08, 0xfc, 
    0xfc, 0x00, 0x04, 0x03, 0xf9, 0xf9, 0xf9, 0x07, 0x04, 0xf8, 0xfd, 0x03, 
    0x05, 0xf8, 0xfb, 0x01, 0xf8, 0xf9, 0x08, 0xfc, 0xfe, 0x03, 0x01, 0x07, 
    0xfc, 0xfc, 0xfd, 0x04, 0x01, 0x08, 0x08, 0x01, 0x06, 0x03, 0xfc, 0x05, 
    0x04, 0x06, 0x06, 0x04, 0xf8, 0xfc, 0x05, 0x07, 0xfb, 0xf8, 0x02, 0xff, 
    0xf9, 0x00, 0xfc, 0xf9, 0x08, 0x00, 0xfe, 0x06, 0xfc, 0xff, 0x03, 0x01, 
    0x05, 0x02, 0x04, 0xfa, 0x00, 0x03, 0x08, 0x04, 0xfc, 0x04, 0x03, 0x03, 
    0x04, 0x02, 0x05, 0x06, 0xfc, 0xfd, 0xf9, 0xf9, 0x05, 0xf9, 0xfa, 0xfd, 
    0xfc, 0xf9, 0x01, 0x01, 0x04, 0x07, 0x01, 0x07, 0xfb, 0xf9, 0xff, 0x07, 
    0x00, 0x03, 0x00, 0x04, 0xff, 0x04, 0xfc, 0xfc, 0x05, 0xfc, 0xfa, 0x02, 
    0x07, 0x02, 0x07, 0xfe, 0xf9, 0x02, 0x00, 0x00, 0xf8, 0x02, 0xfa, 0x03, 
    0xfe, 0xfa, 0xf9, 0xfd, 0x04, 0xfe, 0x01, 0xfa, 0xf8, 0xf9, 0x06, 0xfb, 
    0x00, 0xf8, 0xfe, 0x04, 0xfb, 0xfb, 0xff, 0x01, 0xf9, 0x00, 0x07, 0x01, 
    0x01, 0xfa, 0x02, 0x05, 0xff, 0x04, 0x00, 0x06, 0xfa, 0xf8, 0xfa, 0xfe, 
    0x04, 0xfb, 0xfb, 0x03, 0x07, 0x01, 0x03, 0xfb, 0xfa, 0x04, 0xfa, 0x01, 
    0x07, 0x03, 0xfb, 0xff, 0x01, 0x00, 0xfc, 0xf8, 0x02, 0x04, 0x04, 0xfa, 
    0xfa, 0x04, 0xfb, 0xfa, 0xff, 0x07, 0x01, 0xfa, 0xfe, 0xfb, 0xfb, 0xfe, 
    0xf9, 0x01, 0xfa, 0x08, 0x06, 0x03, 0x01, 0x03, 0x01, 0x08, 0xf8, 0x00, 
    0x03, 0x05, 0x03, 0xfa, 0xfd, 0x02, 0x03, 0x01, 0xfe, 0x04, 0xf9, 0xff, 
    0xfb, 0x05, 0x02, 0xfb, 0x08, 0xfe, 0x06, 0x06, 0xff, 0xfe, 0xfd, 0x00, 
    0xfd, 0x04, 0x07, 0x06, 0x03, 0xfe, 0x02, 0x08, 0x03, 0x05, 0x04, 0xf8, 
    0xfa, 0x06, 0xfb, 0xff, 0xf9, 0x04, 0xfb, 0xf9, 0x00, 0xf8, 0xfb, 0x05, 
    0xfe, 0x08, 0x06, 0x04, 0xfd, 0xf9, 0xfc, 0xfa, 0xfe, 0xfa, 0x08, 0x07, 
    0xfb, 0x04, 0x01, 0x01, 0x04, 0x00, 0x01, 0xff, 0xfa, 0xf8, 0x04, 0xfc, 
    0xfa, 0x03, 0xfc, 0xff, 0x01, 0xfa, 0x01, 0xff, 0xfe, 0x07, 0x04, 0xfa, 
    0x08, 0xfe, 0xf9, 0x04, 0xfe, 0xfd, 0xfc, 0xfe, 0xff, 0x01, 0x01, 0x00, 
    0x01, 0xf9, 0xfa, 0x01, 0xfe, 0x05, 0x00, 0x06, 0x02, 0x02, 0xff, 0x04, 
    0x01, 0xff, 0xf9, 0xf8, 0x02, 0x08, 0xfd, 0x03, 0xfe, 0xff, 0xfd, 0x00, 
    0x01, 0xff, 0xfb, 0xff, 0x02, 0xfe, 0x00, 0x03, 0xfd, 0xff, 0x05, 0xfa, 
    0x00, 0xf9, 0x08, 0x03, 0xfb, 0xfc, 0xfb, 0xf9, 0x04, 0xfd, 0xff, 0xfe, 
    0x07, 0x02, 0x02, 0xfe, 0xff, 0x01, 0xfb, 0x02, 0x01, 0x06, 0xf9, 0x01, 
    0x06, 0xff, 0x05, 0x05, 0xfa, 0x04, 0x05, 0x03, 0x07, 0xfd, 0x04, 0x00, 
    0xf8, 0x02, 0x03, 0x06, 0x01, 0xfe, 0xfb, 0x04, 0x03, 0x03, 0xfe, 0xfb, 
    0x04, 0x02, 0x00, 0xfd, 0x03, 0xf9, 0xfd, 0xfe, 0x07, 0x03, 0xfe, 0x05, 
    0x01, 0x04, 0xfb, 0xf9, 0xff, 0xfa, 0x01, 0x05, 0x04, 0xfc, 0xfc, 0xfc, 
    0x07, 0x01, 0xff, 0x01, 0xfe, 0x05, 0x03, 0xf9, 0x01, 0xfa, 0xfc, 0xfa, 
    0x05, 0xfd, 0xfb, 0xfe, 0xfc, 0x04, 0x02, 0xff, 0xfa, 0x05, 0xfa, 0xfb, 
    0x02, 0xff, 0xfa, 0xfc, 0x06, 0x00, 0x06, 0xff, 0x01, 0xfd, 0x01, 0xf9, 
    0xf8, 0x04, 0x02, 0xfb, 0x05, 0x06, 0xfd, 0x02, 0xfe, 0x01, 0xf9, 0xfd, 
    0x05, 0xfc, 0xfe, 0x01, 0x08, 0xfe, 0x07, 0x04, 0xf9, 0x02, 0x05, 0x06, 
    0xf9, 0x02, 0x04, 0xfb, 0xfe, 0x04, 0x06, 0xfe, 0x03, 0x05, 0x08, 0xfc, 
    0x04, 0xf9, 0x04, 0x03, 0xf8, 0x04, 0x07, 0xfe, 0x02, 0xfe, 0x03, 0x02, 
    0xf9, 0x07, 0xfb, 0x07, 0xff, 0xf9, 0x05, 0xfb, 0xfb, 0x03, 0xfe, 0x01, 
    0x02, 0xfb, 0x00, 0xfa, 0x05, 0x06, 0xf9, 0x04, 0xfb, 0xfe, 0xff, 0xf8, 
    0x00, 0x03, 0x00, 0xfe, 0x02, 0xfa, 0x03, 0x05, 0x02, 0x03, 0x02, 0xf9, 
    0xfe, 0xf9, 0x02, 0x01, 0x06, 0x07, 0x00, 0x04, 0xfb, 0x01, 0xf9, 0x08, 
    0xfa, 0xfe, 0x07, 0x02, 0xfc, 0x03, 0xfd, 0xfd, 0xfb, 0xf8, 0xfc, 0x03, 
    0x00, 0xfd, 0x04, 0x02, 0x06, 0x00, 0xfe, 0x05, 0x02, 0xfa, 0x01, 0xfd, 
    0x01, 0xf8, 0xf9, 0x06, 0x06, 0x07, 0x06, 0x00, 0x04, 0xfc, 0xfc, 0x00, 
    0xfc, 0xf9, 0x03, 0xfc, 0x00, 0xff, 0xfc, 0x03, 0xff, 0xf8, 0xfe, 0xfd, 
    0x04, 0xfa, 0xfd, 0x05, 0xfc, 0xfd, 0x00, 0xff, 0xfc, 0xfd, 0x00, 0x06, 
    0x03, 0xf8, 0xfd, 0xfb, 0x01, 0x00, 0x00, 0xfc, 0x04, 0x05, 0xff, 0xf9, 
    0xfa, 0x04, 0x06, 0x07, 0x01, 0xf9, 0xfe, 0xff, 0xfc, 0x01, 0x00, 0xfb, 
    0xfc, 0x02, 0x00, 0x05, 0x06, 0xf8, 0x00, 0xfd, 0xf8, 0x06, 0x00, 0xfa, 
    0x03, 0xff, 0xfd, 0x01, 0x00, 0x00, 0x05, 0xfc, 0xfc, 0x02, 0x03, 0xfb, 
    0x06, 0x07, 0xfb, 0xf9, 0x03, 0x00, 0xfc, 0x03, 0xfd, 0x01, 0x03, 0xfc, 
    0x02, 0xf9, 0x01, 0x06, 0x08, 0xf9, 0x00, 0xfc, 0xff, 0xfd, 0x07, 0x04, 
    0xfe, 0x04, 0xfb, 0xf8, 0x02, 0x01, 0x02, 0xfd, 0x05, 0xf9, 0x05, 0xfa, 
    0xfe, 0x06, 0x05, 0x04, 0xfc, 0x00, 0x01, 0x06, 0x07, 0x04, 0xfa, 0x06, 
    0xfc, 0x00, 0x00, 0xfc, 0xfe, 0x00, 0x01, 0x00, 0xfe, 0x08, 0x00, 0xfb, 
    0xff, 0xf9, 0xfa, 0x06, 0xfb, 0xfa, 0xfa, 0xfb, 0xfd, 0xfb, 0x04, 0x02, 
    0xfa, 0x00, 0xfd, 0x02, 0xff, 0xf9, 0x06, 0x03, 0xfb, 0xfe, 0x08, 0x03, 
    0xf9, 0xff, 0x03, 0xfc, 0x03, 0xfe, 0xfc, 0x04, 0x02, 0xfb, 0x01, 0xfe, 
    0xfb, 0xfa, 0x01, 0x01, 0x01, 0xf8, 0x03, 0xfa, 0x07, 0xfd, 0xf9, 0xfd, 
    0x02, 0x06, 0xfb, 0x01, 0x04, 0x06, 0x00, 0xfd, 0xff, 0x06, 0x07, 0x08, 
    0xfa, 0x02, 0xfb, 0x03, 0x07, 0xfb, 0xfe, 0xfb, 0xfc, 0xfa, 0x06, 0x02, 
    0x00, 0xfc, 0x05, 0x04, 0x07, 0xfa, 0x05, 0xff, 0x05, 0x07, 0xfc, 0xfc, 
    0xfc, 0x00, 0xfa, 0xf8, 0x02, 0x02, 0x07, 0x07, 0xfa, 0xff, 0x03, 0x01, 
    0x08, 0x00, 0xfe, 0x02, 0x02, 0x06, 0xfe, 0x04, 0xf8, 0x07, 0xfa, 0x01, 
    0xff, 0xf9, 0xfb, 0x00, 0xfa, 0xfb, 0xfb, 0xfe, 0x02, 0xfd, 0x02, 0xfa, 
    0x05, 0x05, 0xfb, 0x01, 0xfd, 0xfb, 0xfd, 0xfd, 0x02, 0x04, 0xff, 0x01, 
    0xf8, 0xfe, 0xfd, 0xfc, 0x01, 0xfc, 0xfa, 0xfd, 0x04, 0xfe, 0x03, 0xfa, 
    0x07, 0xfd, 0x00, 0x02, 0x02, 0x00, 0x03, 0xff, 0xfc, 0x06, 0xfc, 0xff, 
    0xfd, 0x00, 0xf8, 0xfa, 0x04, 0x08, 0xfa, 0xff, 0xf9, 0x02, 0x01, 0x02, 
    0x05, 0x00, 0x01, 0xf9, 0xfc, 0x04, 0xfc, 0x06, 0xf8, 0x01, 0xfe, 0x03, 
    0x06, 0x00, 0x03, 0xfd, 0xff, 0x04, 0xfa, 0xf9, 0xfc, 0xff, 0xff, 0x06, 
    0x06, 0x03, 0xfc, 0xfb, 0x03, 0xfa, 0x00, 0xfc, 0xf8, 0xfe, 0x02, 0xfa, 
    0x03, 0xfd, 0xfe, 0x05, 0x06, 0x06, 0xff, 0xfc, 0x02, 0x00, 0xfa, 0xfb, 
    0x03, 0x00, 0xfe, 0x02, 0x02, 0x00, 0x08, 0x04, 0xfc, 0x06, 0xfb, 0xf8, 
    0xfc, 0xfc, 0xfe, 0x06, 0xfc, 0xfa, 0xfe, 0x00, 0x06, 0x07, 0xfe, 0xff, 
    0x05, 0x00, 0x00, 0x01, 0xfb, 0xf9, 0xf8, 0xfb, 0x07, 0x07, 0xfa, 0x06, 
    0x07, 0xff, 0xf9, 0xff, 0xfb, 0x03, 0x06, 0xff, 0x06, 0x07, 0xfc, 0xfd, 
    0x05, 0xfd, 0x04, 0xfc, 0x07, 0x04, 0xfa, 0x00, 0x01, 0x07, 0x02, 0xfa, 
    0xf8, 0x07, 0x07, 0x07, 0xf8, 0xfd, 0xf9, 0xfa, 0xfd, 0x05, 0x07, 0x04, 
    0xfd, 0xff, 0x08, 0xfd, 0x01, 0xfd, 0x01, 0x05, 0x03, 0x06, 0xfd, 0x01, 
    0x01, 0x06, 0xf8, 0x01, 0x01, 0x02, 0xfc, 0x00, 0xfd, 0x01, 0xfd, 0x02, 
    0xfd, 0xfc, 0x01, 0xff, 0x01, 0xfd, 0x04, 0x07, 0x06, 0xfb, 0x00, 0xfb, 
    0x05, 0xfe, 0xfb, 0x08, 0x06, 0xfc, 0x06, 0x03, 0xfb, 0x04, 0x04, 0xfb, 
    0xfe, 0xf9, 0xf9, 0xff, 0x00, 0x02, 0xff, 0x01, 0x04, 0x07, 0x02, 0x00, 
    0x06, 0xf9, 0xf8, 0x06, 0x06, 0xff, 0x05, 0x03, 0x05, 0x06, 0xfd, 0x01, 
    0xfa, 0xff, 0x01, 0xfc, 0xfe, 0x01, 0x07, 0xfc, 0x07, 0x04, 0xfd, 0xf9, 
    0xfa, 0xff, 0xfe, 0x07, 0x04, 0x03, 0xf8, 0xfc, 0xfa, 0xfb, 0x01, 0x01, 
    0x04, 0xfa, 0xfd, 0xf9, 0x02, 0x01, 0x02, 0xfd, 0x03, 0xfa, 0x05, 0xfe, 
    0x02, 0xfd, 0x01, 0xfb, 0x00, 0x06, 0xfc, 0xfd, 0xfc, 0xfe, 0xf9, 0xfa, 
    0x06, 0x04, 0x06, 0xf8, 0x04, 0x07, 0xfb, 0x06, 0xfa, 0x00, 0x00, 0x01, 
    0x01, 0x01, 0x05, 0x04, 0x00, 0xfc, 0xfd, 0xfd, 0xfd, 0x00, 0x05, 0x03, 
    0x03, 0x02, 0x04, 0xf9, 0xff, 0xff, 0x03, 0x00, 0x02, 0xfc, 0x07, 0xfa, 
    0x03, 0xfb, 0xfe, 0xfb, 0x05, 0xfd, 0xfe, 0x08, 0xfc, 0xff, 0xff, 0xf9, 
    0xfd, 0xfe, 0xfc, 0xfd, 0xfd, 0x02, 0x07, 0xfa, 0x03, 0x05, 0xff, 0x00, 
    0xfa, 0xfc, 0x05, 0x00, 0x00, 0x00, 0xfd, 0x03, 0xfe, 0xff, 0x02, 0xfd, 
    0x02, 0x03, 0xfa, 0xfd, 0xfc, 0x06, 0x05, 0x04, 0x01, 0x07, 0x00, 0xfa, 
    0xf9, 0x03, 0x04, 0x06, 0x01, 0xf9, 0xff, 0xfb, 0x04, 0xfc, 0x04, 0x05, 
    0x03, 0xfd, 0x07, 0xff, 0x01, 0xfc, 0xfa, 0xf8, 0x08, 0xf9, 0x06, 0x03, 
    0xfb, 0x03, 0x00, 0xf9, 0xf9, 0x00, 0xfb, 0x07, 0x01, 0x04, 0xfe, 0x07, 
    0x03, 0x08, 0x02, 0xfc, 0x04, 0x04, 0xfc, 0x06, 0xfc, 0xfd, 0x03, 0x07, 
    0xfe, 0xf8, 0x03, 0x00, 0xfe, 0x06, 0xfc, 0xfb, 0x03, 0xfc, 0x00, 0xf9, 
    0x05, 0x02, 0xfc, 0xff, 0x00, 0x06, 0x01, 0xfa, 0x04, 0x01, 0x05, 0x04, 
    0x07, 0x07, 0x00, 0xff, 0x06, 0xfb, 0xff, 0xfa, 0x00, 0x02, 0xf9, 0x06, 
    0x02, 0xfb, 0x02, 0x03, 0xfc, 0x03, 0xfb, 0xfc, 0x05, 0x06, 0x01, 0xf8, 
    0xfd, 0xfe, 0xfe, 0xf9, 0xf8, 0xfb, 0x03, 0xfc, 0x07, 0xf8, 0x07, 0xfd, 
    0x08, 0x02, 0x08, 0x03, 0x07, 0x08, 0x01, 0xfd, 0xf9, 0x08, 0x03, 0xfa, 
    0x02, 0x07, 0x06, 0x05, 0xfd, 0xfe, 0xfe, 0x04, 0xfa, 0xfd, 0x00, 0x08, 
    0x06, 0x02, 0xfb, 0x04, 0x04, 0xfe, 0xfd, 0x00, 0x04, 0x00, 0xff, 0x05, 
    0xfa, 0xfb, 0x07, 0x07, 0xfd, 0x00, 0xfa, 0x06, 0xff, 0x08, 0x04, 0x07, 
    0x07, 0xfe, 0xfb, 0x06, 0x04, 0xfb, 0x01, 0xfd, 0xff, 0x03, 0x03, 0xfd, 
    0x05, 0x02, 0x04, 0x01, 0x00, 0x01, 0xfa, 0xfc, 0xfc, 0x06, 0x07, 0x00, 
    0x02, 0x07, 0x01, 0x06, 0x02, 0x01, 0x04, 0x03, 0xfa, 0x02, 0x04, 0xff, 
    0x04, 0x00, 0x00, 0xfa, 0x05, 0x05, 0xfc, 0x01, 0x03, 0x03, 0xfc, 0x01, 
    0x00, 0x06, 0xfd, 0xff, 0xfc, 0x04, 0xfc, 0xf8, 0xfb, 0xfd, 0xfa, 0x06, 
    0xfe, 0xfc, 0x03, 0x04, 0x02, 0xff, 0xfe, 0x02, 0x05, 0x04, 0xf9, 0x03, 
    0x07, 0x07, 0xff, 0xfe, 0x02, 0xfb, 0x07, 0x03, 0x07, 0xfe, 0xfd, 0xfd, 
    0x00, 0xfd, 0xf9, 0xfd, 0x06, 0x03, 0x05, 0x03, 0x04, 0xfb, 0xfb, 0x07, 
    0x05, 0x03, 0xfb, 0xfc, 0x02, 0x04, 0x02, 0x02, 0x06, 0xfc, 0xfd, 0x01, 
    0xfd, 0x06, 0x00, 0x01, 0x08, 0x05, 0x06, 0x07, 0x06, 0x03, 0x08, 0xfd, 
    0x02, 0x05, 0x01, 0xfc, 0x04, 0xfd, 0x07, 0x05, 0x01, 0x02, 0xfe, 0x07, 
    0x06, 0xfd, 0x04, 0x07, 0x08, 0xfb, 0x07, 0x07, 0x05, 0xfa, 0xff, 0x08, 
    0x02, 0x04, 0xfc, 0x02, 0xfe, 0xfa, 0x07, 0x04, 0xf9, 0x02, 0x04, 0xf9, 
    0x01, 0x04, 0xfe, 0x04, 0xf9, 0x07, 0x07, 0x00, 0x04, 0xfa, 0x04, 0x00, 
    0xfe, 0xfc, 0x04, 0xfb, 0xf9, 0xf9, 0xf8, 0xfd, 0xfd, 0x05, 0x00, 0xfc, 
    0x01, 0x04, 0xf9, 0x00, 0x00, 0x06, 0x05, 0x02, 0x05, 0xf9, 0x01, 0x04, 
    0xfe, 0xfa, 0xfc, 0xfc, 0xfc, 0xfb, 0xf9, 0x06, 0xfe, 0xfd, 0xff, 0xfe, 
    0xff, 0xff, 0xf9, 0xfb, 0xfa, 0xfb, 0x02, 0x00, 0x01, 0x04, 0x05, 0x02, 
    0x02, 0xf9, 0xff, 0xf8, 0xfc, 0xfe, 0xff, 0xfe, 0x02, 0xfa, 0x06, 0x03, 
    0xfe, 0x04, 0x04, 0xf9, 0x01, 0x05, 0xfa, 0x06, 0x04, 0xff, 0x03, 0xfd, 
    0x05, 0xfd, 0x02, 0xfb, 0x02, 0xf9, 0xfa, 0xfc, 0x00, 0xfe, 0x05, 0xf8, 
    0x06, 0x01, 0x05, 0xfa, 0x06, 0xfe, 0x07, 0xfb, 0xfb, 0x00, 0xff, 0xfc, 
    0xfb, 0xfb, 0xf9, 0xfb, 0x07, 0x06, 0xfb, 0x02, 0xfd, 0x03, 0x06, 0x04, 
    0xff, 0x06, 0xfb, 0x07, 0xfb, 0xfd, 0xff, 0xfe, 0xfc, 0xfe, 0x04, 0xf8, 
    0xf9, 0xff, 0xfc, 0xfc, 0x03, 0x03, 0xfc, 0x01, 0xfe, 0xfc, 0xfa, 0xfd, 
    0x08, 0xfa, 0xfb, 0xfb, 0x01, 0xfc, 0x05, 0xfa, 0x00, 0x07, 0x00, 0xf9, 
    0x07, 0x00, 0xfd, 0x05, 0x02, 0xfc, 0x07, 0xfd, 0xfe, 0x01, 0x06, 0xfa, 
    0xff, 0x04, 0x06, 0xff, 0xfd, 0xfb, 0x06, 0x02, 0x07, 0xfb, 0x06, 0x07, 
    0x03, 0xf8, 0xf8, 0x00, 0xfb, 0x05, 0x03, 0xf8, 0x05, 0xfd, 0x03, 0x02, 
    0xfd, 0x02, 0xfb, 0xfb, 0x08, 0x05, 0xfb, 0xfa, 0xfd, 0x02, 0x05, 0xf8, 
    0x01, 0xfe, 0x01, 0x03, 0xfe, 0xf9, 0xff, 0x01, 0x00, 0x00, 0xff, 0x03, 
    0x02, 0x03, 0xf8, 0x02, 0x08, 0xfc, 0xfd, 0x03, 0xff, 0x01, 0xff, 0xff, 
    0xfb, 0x04, 0x06, 0xfc, 0x07, 0x05, 0xfc, 0x02, 0x06, 0x05, 0x07, 0xfa, 
    0xfd, 0x00, 0x07, 0xfb, 0xfb, 0x07, 0x04, 0x03, 0x01, 0x02, 0x05, 0x07, 
    0xfa, 0xfa, 0x05, 0x05, 0x00, 0x03, 0xf8, 0xff, 0x06, 0x02, 0x08, 0xfe, 
    0x03, 0x07, 0x08, 0xfd, 0x06, 0x08, 0x02, 0x02, 0x00, 0x03, 0x07, 0xfb, 
    0xfb, 0x00, 0x00, 0xfb, 0x00, 0x01, 0xff, 0x07, 0xfa, 0x04, 0x02, 0xfd, 
    0x01, 0x02, 0xfb, 0xf9, 0xff, 0xfc, 0x05, 0x05, 0x00, 0x00, 0xfd, 0xf9, 
    0x04, 0x05, 0xfc, 0x02, 0xff, 0xfe, 0xfe, 0x03, 0xfe, 0x01, 0x03, 0x06, 
    0xfc, 0x00, 0x04, 0x03, 0xfe, 0xf9, 0x07, 0x03, 0x06, 0x03, 0xfd, 0xfc, 
    0x05, 0xf9, 0x07, 0xfa, 0x02, 0x05, 0x01, 0xfd, 0xf9, 0xfa, 0x07, 0x02, 
    0xfb, 0xfd, 0x05, 0xfb, 0x01, 0x01, 0xfe, 0xfd, 0xfe, 0x01, 0x07, 0x01, 
    0xf9, 0xf8, 0xfa, 0xf9, 0xfa, 0x07, 0x04, 0xfc, 0x07, 0x04, 0x03, 0xfb, 
    0x01, 0xfe, 0x03, 0xf9, 0xff, 0xff, 0xfb, 0x01, 0x03, 0xfb, 0x05, 0xf9, 
    0x07, 0x08, 0x02, 0x08, 0x03, 0xfb, 0xf9, 0xff, 0xf8, 0x06, 0x07, 0xfb, 
    0x05, 0xfb, 0x01, 0x00, 0xff, 0x05, 0xfe, 0xf9, 0xf8, 0xf9, 0x08, 0xff, 
    0x04, 0xf9, 0xfc, 0x00, 0x02, 0x06, 0xf8, 0x02, 0x02, 0xff, 0x04, 0xfb, 
    0xfd, 0x07, 0xfa, 0x00, 0x01, 0xff, 0x03, 0x07, 0x06, 0x02, 0x07, 0xf9, 
    0xfc, 0x06, 0x03, 0x02, 0x01, 0xfd, 0xff, 0x00, 0xfd, 0xfd, 0xfa, 0xfa, 
    0xf9, 0xfd, 0xfb, 0x00, 0xfc, 0x08, 0x05, 0xfa, 0xfb, 0xfc, 0xfd, 0x00, 
    0xfe, 0x01, 0x00, 0xfe, 0xf9, 0xfa, 0xfc, 0xfc, 0xfc, 0x06, 0xfc, 0x02, 
    0xfe, 0x04, 0x00, 0x08, 0x02, 0x02, 0x05, 0x04, 0x02, 0xfd, 0xfc, 0xff, 
    0x02, 0x04, 0xfb, 0xfb, 0x02, 0x08, 0xfd, 0xf9, 0xfc, 0x01, 0xfd, 0xfa, 
    0x04, 0xf8, 0x02, 0xfd, 0xfc, 0x06, 0x06, 0xf9, 0x04, 0x01, 0x04, 0x02, 
    0x00, 0xf8, 0x02, 0xff, 0xfd, 0x03, 0xfa, 0x01, 0x04, 0xfe, 0xfb, 0x04, 
    0xf9, 0xfe, 0xfd, 0xfa, 0x06, 0x05, 0xf8, 0x03, 0xfe, 0x03, 0xfe, 0x05, 
    0xff, 0xff, 0xf9, 0xfa, 0xf8, 0xfe, 0xfc, 0x05, 0xfc, 0x01, 0x08, 0x08, 
    0x08, 0xf9, 0xf9, 0x07, 0x04, 0x01, 0x00, 0xfe, 0x02, 0xff, 0xfb, 0x02, 
    0x00, 0x03, 0xf9, 0xfb, 0xff, 0x01, 0x08, 0x06, 0xfe, 0xfe, 0x01, 0xfa, 
    0xfe, 0xfa, 0x05, 0xfa, 0x02, 0x01, 0xfb, 0xfe, 0x02, 0xfc, 0xfc, 0x02, 
    0x03, 0xf9, 0x05, 0xfe, 0xfa, 0xf9, 0x05, 0xff, 0x04, 0xf8, 0x03, 0x07, 
    0x07, 0xfa, 0xf8, 0x02, 0xff, 0x03, 0x01, 0x04, 0x06, 0xfd, 0xfe, 0xfb, 
    0xfb, 0xfd, 0xfc, 0x02, 0xfe, 0x06, 0x02, 0x00, 0x05, 0xfd, 0xff, 0x06, 
    0xfe, 0x03, 0xfb, 0x01, 0x08, 0x01, 0xff, 0xfb, 0xfc, 0xfa, 0x07, 0xfc, 
    0xfd, 0xf9, 0x03, 0xfe, 0x06, 0x06, 0xfc, 0x03, 0x07, 0x07, 0xfc, 0xf9, 
    0xfb, 0x06, 0x07, 0xfd, 0x03, 0xfa, 0xfb, 0xf9, 0xfe, 0x06, 0x08, 0xfa, 
    0xfd, 0x07, 0xfe, 0x04, 0x07, 0xfc, 0x04, 0xfd, 0xf9, 0x01, 0x03, 0xfd, 
    0x06, 0x03, 0x02, 0x02, 0x08, 0xfe, 0x04, 0xfb, 0x00, 0x01, 0xfa, 0x05, 
    0x02, 0x06, 0x04, 0x03, 0xf9, 0x05, 0xfd, 0xfb, 0x07, 0xfa, 0xf9, 0xfe, 
    0xfe, 0x01, 0x02, 0x07, 0x07, 0xfe, 0x00, 0xfc, 0x06, 0x02, 0xfb, 0x02, 
    0xf9, 0x08, 0x08, 0x04, 0x03, 0xfd, 0xfe, 0xfe, 0xfa, 0xfe, 0xfc, 0xfb, 
    0xfe, 0xfa, 0xfb, 0x02, 0x07, 0xf9, 0xfa, 0xfc, 0x02, 0x07, 0x02, 0xfe, 
    0x07, 0xfb, 0x03, 0xff, 0x01, 0x04, 0x03, 0xfb, 0x07, 0xfe, 0x07, 0xfa, 
    0x03, 0xfd, 0xf9, 0xff, 0x05, 0xfd, 0x06, 0xff, 0xf8, 0x03, 0xfa, 0x00, 
    0x06, 0x04, 0x04, 0x07, 0x01, 0x00, 0xfc, 0xfc, 0x00, 0xff, 0x00, 0x07, 
    0x07, 0x03, 0x07, 0x03, 0x08, 0xfb, 0xfb, 0x04, 0xfa, 0x07, 0xff, 0xfd, 
    0x04, 0x05, 0x04, 0x00, 0xff, 0x06, 0xfb, 0xfc, 0xfd, 0xfd, 0xfc, 0xfe, 
    0x00, 0x07, 0xf8, 0x05, 0x07, 0xfb, 0x00, 0xf9, 0xfa, 0x07, 0x02, 0x01, 
    0xfd, 0xfa, 0x03, 0x02, 0x05, 0x02, 0x05, 0xf9, 0xf8, 0xfe, 0x08, 0xfb, 
    0xfd, 0xf9, 0x07, 0xfa, 0x05, 0xff, 0x03, 0xff, 0xfd, 0x05, 0x06, 0x05, 
    0xff, 0xfc, 0x04, 0x03, 0xfd, 0xf8, 0xfb, 0x06, 0x06, 0x04, 0xf9, 0xfc, 
    0x06, 0x04, 0xff, 0x01, 0x00, 0x03, 0x01, 0x06, 0x02, 0x05, 0xfb, 0xfc, 
    0x04, 0xfc, 0xfc, 0x06, 0xff, 0x02, 0x06, 0x06, 0x04, 0x01, 0x07, 0x05, 
    0xf8, 0x07, 0xfd, 0xfd, 0x05, 0x03, 0xf8, 0x04, 0xfc, 0x01, 0xfb, 0xfb, 
    0x02, 0x05, 0x02, 0xfa, 0x05, 0x01, 0xfd, 0x01, 0x06, 0xff, 0x03, 0xfe, 
    0x04, 0x07, 0xf8, 0xfe, 0x00, 0xfe, 0xfd, 0x00, 0xfd, 0xfc, 0xfb, 0x00, 
    0x01, 0xf9, 0xf9, 0xfd, 0x00, 0x03, 0x03, 0xfd, 0x01, 0xfc, 0x00, 0x05, 
    0x01, 0x06, 0xfc, 0x07, 0x06, 0x08, 0x01, 0xfe, 0xff, 0xfb, 0x01, 0x03, 
    0xfb, 0x06, 0x04, 0x06, 0xfe, 0x07, 0xfc, 0x06, 0x00, 0xfd, 0x01, 0xf8, 
    0x04, 0xfa, 0x02, 0x05, 0x03, 0x06, 0x07, 0x06, 0xfa, 0x05, 0x07, 0x02, 
    0x06, 0xf9, 0xfb, 0xfe, 0xff, 0x03, 0xfa, 0xfe, 0x00, 0x02, 0xf9, 0x03, 
    0xfa, 0xfd, 0x04, 0xfc, 0xfa, 0x07, 0x03, 0xfc, 0x01, 0x01, 0xf9, 0xfb, 
    0xfb, 0xfe, 0xfd, 0x03, 0x02, 0xfb, 0xfe, 0xfa, 0xff, 0x05, 0xfc, 0x03, 
    0x02, 0x00, 0x04, 0xfd, 0x01, 0xfa, 0xfd, 0xfa, 0xf8, 0x03, 0xff, 0x08, 
    0xff, 0xfb, 0x00, 0xfe, 0xfc, 0xfd, 0x08, 0xfb, 0xff, 0x01, 0xfa, 0x06, 
    0x01, 0xfe, 0xfa, 0x06, 0x07, 0xfb, 0xff, 0x08, 0xfe, 0x05, 0x02, 0xff, 
    0xff, 0xff, 0xf9, 0x08, 0x07, 0x05, 0xfc, 0x08, 0xfd, 0x06, 0xf8, 0xf8, 
    0x04, 0xf9, 0xfc, 0x00, 0xfe, 0xfe, 0xf9, 0x06, 0x02, 0x07, 0x08, 0xfc, 
    0x03, 0xfa, 0x03, 0x08, 0x03, 0x00, 0x04, 0x08, 0x06, 0xf9, 0x03, 0xfe, 
    0xfd, 0xfe, 0x06, 0xfa, 0x05, 0x03, 0x04, 0x05, 0x08, 0x07, 0x03, 0x07, 
    0x07, 0x03, 0x04, 0xfa, 0xf9, 0xf9, 0xfb, 0xfc, 0x01, 0xfc, 0xfc, 0x01, 
    0xfb, 0x08, 0x07, 0x01, 0xfd, 0x00, 0xff, 0x00, 0x08, 0x05, 0xf9, 0x02, 
    0xfc, 0xfb, 0xf8, 0xf9, 0xfe, 0xf8, 0xfe, 0x07, 0xfe, 0xff, 0xfd, 0xfa, 
    0xfc, 0xfd, 0xfe, 0x04, 0xff, 0xfe, 0x08, 0x04, 0x07, 0x04, 0xf9, 0x03, 
    0x04, 0xfc, 0xfe, 0xfb, 0xfb, 0xff, 0xfe, 0x06, 0xfb, 0xff, 0x00, 0xf9, 
    0xf9, 0x01, 0x07, 0x00, 0x04, 0xfa, 0x08, 0x04, 0x00, 0x07, 0xf8, 0x01, 
    0xf8, 0xf9, 0x08, 0x04, 0x01, 0x02, 0x00, 0xfe, 0x04, 0xf8, 0xfc, 0xfe, 
    0xfa, 0xfe, 0xfd, 0xf8, 0xfb, 0x05, 0xfd, 0xfc, 0xfc, 0xfa, 0xff, 0x06, 
    0x02, 0xfe, 0x07, 0x02, 0x06, 0xff, 0x03, 0x07, 0x05, 0xfd, 0x03, 0xf9, 
    0xfe, 0x08, 0xff, 0x03, 0xf9, 0x08, 0xf8, 0x07, 0xfb, 0x01, 0xfb, 0x03, 
    0x02, 0xfc, 0x06, 0x02, 0x02, 0xfd, 0x06, 0xfa, 0x05, 0xff, 0x03, 0x02, 
    0x01, 0xfb, 0x04, 0x02, 0xfb, 0x01, 0x04, 0xff, 0xfb, 0x05, 0x07, 0x05, 
    0xfa, 0x06, 0xfe, 0xf8, 0xf8, 0x00, 0x06, 0xfa, 0x05, 0x05, 0x07, 0xfc, 
    0x04, 0x01, 0x03, 0xfe, 0xfc, 0xfd, 0x03, 0xfc, 0xff, 0x02, 0xfc, 0x00, 
    0x00, 0xf9, 0xf9, 0x05, 0x06, 0x07, 0x03, 0xff, 0x08, 0x02, 0xff, 0x00, 
    0x01, 0xff, 0x03, 0x01, 0xfe, 0xff, 0xf9, 0x03, 0xfe, 0x07, 0x07, 0x01, 
    0x00, 0xfb, 0x04, 0x01, 0x02, 0x07, 0xff, 0x03, 0xfd, 0xf9, 0x01, 0x04, 
    0x04, 0x05, 0x04, 0x08, 0x06, 0x03, 0x07, 0x06, 0xfc, 0x04, 0xfa, 0x01, 
    0xfa, 0xfa, 0xfa, 0xf9, 0xfc, 0x00, 0xff, 0xfa, 0x02, 0xf9, 0xfc, 0x05, 
    0x06, 0xfe, 0x00, 0xfc, 0x02, 0x06, 0x05, 0x04, 0x00, 0xf9, 0x07, 0xfa, 
    0xfb, 0xfa, 0xfb, 0x03, 0x06, 0x07, 0xfa, 0x05, 0xfc, 0x06, 0xfc, 0x01, 
    0x07, 0x01, 0xf9, 0xfd, 0x02, 0x00, 0x06, 0xff, 0xfc, 0x07, 0xfd, 0xfd, 
    0xfb, 0x00, 0x01, 0x05, 0xf9, 0x03, 0xfe, 0xfe, 0x00, 0x00, 0x03, 0xf8, 
    0x06, 0xfa, 0x05, 0xf9, 0x03, 0x00, 0x04, 0x00, 0xf9, 0x05, 0xf8, 0xfe, 
    0x01, 0x03, 0x00, 0xfd, 0xfd, 0x00, 0x00, 0x01, 0x04, 0xfe, 0x02, 0x06, 
    0x00, 0xfc, 0x00, 0xfe, 0x01, 0x03, 0xfa, 0xfa, 0x03, 0xfa, 0x05, 0xf9, 
    0xfe, 0xfa, 0xfa, 0x02, 0xfa, 0xfc, 0x04, 0xff, 0x03, 0xff, 0xff, 0x02, 
    0xfe, 0xfb, 0xfe, 0x01, 0x02, 0x03, 0xf9, 0xfd, 0xff, 0xf9, 0x05, 0xfb, 
    0x06, 0x01, 0xfb, 0x07, 0x00, 0xf9, 0x07, 0xfa, 0x04, 0x01, 0x00, 0x05, 
    0x04, 0xfa, 0xff, 0x01, 0x00, 0xfc, 0x08, 0xf9, 0x05, 0xf9, 0xfa, 0xfb, 
    0xfb, 0xfc, 0xfa, 0x00, 0x04, 0x08, 0xfc, 0xff, 0x07, 0x05, 0x03, 0x02, 
    0x05, 0x06, 0x04, 0x03, 0x03, 0x08, 0x05, 0xf9, 0x05, 0x02, 0x04, 0x08, 
    0x07, 0xfd, 0xfe, 0xfc, 0xfc, 0x00, 0x02, 0xfb, 0x07, 0xfc, 0xf9, 0xf9, 
    0x04, 0x00, 0x03, 0xff, 0xfe, 0xfc, 0x06, 0x01, 0x06, 0xfd, 0xfe, 0xfa, 
    0x01, 0x05, 0x04, 0x05, 0x01, 0x03, 0x04, 0xfd, 0x07, 0xfd, 0xfc, 0x04, 
    0xfc, 0xf9, 0xfa, 0xf9, 0xfd, 0xfd, 0x03, 0xfb, 0x04, 0x05, 0xf9, 0xfe, 
    0x06, 0xfe, 0xfa, 0xfe, 0x08, 0x06, 0x00, 0xfc, 0x01, 0xf9, 0xfe, 0x06, 
    0xfe, 0x00, 0xfa, 0x08, 0x05, 0xfd, 0x06, 0x07, 0xfe, 0x01, 0xfd, 0x03, 
    0x04, 0xf8, 0x01, 0xff, 0xfb, 0xff, 0xff, 0x02, 0xfd, 0xfe, 0x07, 0xfd, 
    0x01, 0xf9, 0xfb, 0xfb, 0xfd, 0x05, 0xfe, 0x03, 0xf9, 0x07, 0xf8, 0x05, 
    0xff, 0x05, 0xf9, 0x04, 0xf8, 0x04, 0x02, 0x01, 0xf9, 0x04, 0x07, 0x05, 
    0xfd, 0x01, 0xfd, 0x01, 0x00, 0x06, 0x01, 0xfa, 0xfc, 0x04, 0x02, 0xfd, 
    0x05, 0x01, 0xfa, 0x02, 0xf9, 0x07, 0xfa, 0xfa, 0xff, 0xfb, 0xfe, 0x03, 
    0xfa, 0xfe, 0xfd, 0x08, 0x08, 0xfa, 0x01, 0x02, 0x06, 0xf9, 0x05, 0xf8, 
    0x01, 0x00, 0x03, 0xf9, 0x00, 0x00, 0x02, 0x07, 0x04, 0x03, 0xfe, 0xfa, 
    0xfa, 0x02, 0xff, 0x06, 0xfb, 0x00, 0xf9, 0x00, 0x02, 0x06, 0x01, 0x04, 
    0xf9, 0xfb, 0xfa, 0x05, 0x01, 0xfa, 0x03, 0xf8, 0x05, 0x07, 0xfb, 0xfe, 
    0x02, 0x00, 0x04, 0xf8, 0x08, 0xfa, 0xfd, 0x04, 0x04, 0x07, 0xfa, 0x03, 
    0x03, 0x07, 0xfb, 0x03, 0x03, 0x06, 0x05, 0xff, 0x02, 0x01, 0x00, 0xfd, 
    0xff, 0x01, 0xfa, 0x05, 0xf8, 0x05, 0x05, 0x06, 0xfb, 0xfb, 0x03, 0x00, 
    0xff, 0xfa, 0xff, 0x03, 0xff, 0x05, 0xff, 0xf8, 0xfd, 0xfa, 0x07, 0x05, 
    0x00, 0x02, 0xfa, 0x02, 0x04, 0xfd, 0xf9, 0xf9, 0x07, 0x04, 0xfb, 0xff, 
    0xfc, 0x02, 0xfd, 0x01, 0xfc, 0x07, 0xfc, 0xff, 0x04, 0x02, 0xfc, 0xfc, 
    0x00, 0xfb, 0x06, 0xfb, 0xfc, 0xfd, 0xfb, 0xfc, 0xf9, 0xfa, 0x03, 0xfe, 
    0x01, 0x07, 0x01, 0xf8, 0xf9, 0x01, 0xfe, 0xfa, 0x07, 0x08, 0xf9, 0xfe, 
    0x07, 0xf9, 0xfc, 0xfc, 0x00, 0x03, 0xfe, 0x01, 0xff, 0x04, 0xfa, 0x00, 
    0x05, 0xf8, 0x00, 0x07, 0x01, 0x01, 0x08, 0x02, 0x05, 0xfd, 0xfb, 0xfe, 
    0xfe, 0xff, 0x07, 0x06, 0xf8, 0x06, 0x04, 0x04, 0xfc, 0x08, 0x05, 0xfc, 
    0xfe, 0xfb, 0x07, 0xff, 0xfd, 0x00, 0xfc, 0x07, 0x04, 0x03, 0x00, 0x06, 
    0x07, 0xfb, 0x00, 0xf9, 0xfe, 0x00, 0x08, 0x00, 0x00, 0xf9, 0x04, 0x02, 
    0x07, 0x06, 0xfc, 0x03, 0xff, 0x02, 0xfc, 0xfa, 0x07, 0x04, 0xfb, 0xfd, 
    0x01, 0x02, 0x05, 0xfa, 0xfd, 0x01, 0xfb, 0x08, 0x06, 0x07, 0x08, 0x06, 
    0xfa, 0xfc, 0xfb, 0x00, 0x02, 0x05, 0x07, 0x07, 0xfe, 0x06, 0x06, 0xfc, 
    0x06, 0xff, 0xfe, 0xfa, 0xff, 0x06, 0x07, 0xf9, 0xfd, 0xfd, 0xff, 0xfc, 
    0x01, 0xf8, 0x04, 0x07, 0xfc, 0xfd, 0xfa, 0xfb, 0x01, 0x04, 0xfc, 0xf9, 
    0xff, 0xff, 0xf9, 0x03, 0x04, 0x01, 0xf8, 0xff, 0xfa, 0xf8, 0x07, 0x01, 
    0x06, 0xfa, 0x03, 0x01, 0xff, 0x03, 0x07, 0x07, 0xfc, 0x06, 0x00, 0xfc, 
    0x08, 0xf8, 0xf8, 0x00, 0xfd, 0xfd, 0xf8, 0x03, 0x05, 0xf8, 0xf9, 0xf9, 
    0x01, 0x01, 0xfa, 0x06, 0x03, 0xf9, 0x05, 0xfc, 0xfd, 0x03, 0xfb, 0x00, 
    0xfb, 0x00, 0xfc, 0x06, 0xfa, 0xfe, 0x05, 0xf8, 0xf8, 0x03, 0x05, 0x04, 
    0x06, 0xfd, 0xfd, 0xf9, 0x06, 0xff, 0x05, 0xfa, 0xfe, 0xff, 0xfa, 0x05, 
    0xfc, 0xfa, 0xf9, 0xfd, 0x05, 0xfe, 0x01, 0xfd, 0xf9, 0x03, 0x02, 0x00, 
    0x02, 0x05, 0x07, 0x07, 0x04, 0xff, 0xfe, 0xfd, 0x03, 0x07, 0xff, 0x04, 
    0x06, 0x05, 0x04, 0x04, 0x03, 0x01, 0x05, 0xfa, 0x07, 0xff, 0xfc, 0x03, 
    0x01, 0xfc, 0xfb, 0xfa, 0xff, 0x08, 0xfb, 0x02, 0x05, 0x06, 0xfd, 0x02, 
    0x05, 0x01, 0x04, 0x01, 0xfa, 0x05, 0xfa, 0x01, 0x00, 0x02, 0x05, 0xfd, 
    0xfe, 0x03, 0x06, 0xfa, 0x04, 0x01, 0xf8, 0xf9, 0xf9, 0x02, 0xfe, 0x08, 
    0x08, 0xf9, 0xf8, 0x02, 0x01, 0xf9, 0x06, 0xfe, 0x00, 0xfb, 0xff, 0xfd, 
    0xfa, 0xfd, 0xfb, 0x07, 0x06, 0x05, 0xfa, 0x03, 0x03, 0xf9, 0x03, 0x02, 
    0x03, 0x00, 0x07, 0x07, 0x03, 0x01, 0x03, 0x02, 0x02, 0xfc, 0xf9, 0xf9, 
    0xfb, 0x01, 0xff, 0xfa, 0xfa, 0x05, 0xfa, 0x01, 0x03, 0xfd, 0xfd, 0xfe, 
    0x03, 0xfc, 0xf8, 0x02, 0xfe, 0xfa, 0x04, 0x05, 0xfd, 0x05, 0x06, 0xf8, 
    0xfe, 0xff, 0xfa, 0xfc, 0xf8, 0x05, 0x06, 0x04, 0xff, 0x05, 0xf9, 0x07, 
    0x04, 0x04, 0xfa, 0x01, 0xfb, 0xfc, 0xfc, 0x07, 0x05, 0xfa, 0x03, 0x00, 
    0x02, 0x01, 0xf8, 0xf8, 0xff, 0x02, 0x07, 0xfd, 0x08, 0xfa, 0xf9, 0xff, 
    0x02, 0x07, 0x00, 0x08, 0x02, 0xfb, 0x03, 0xfa, 0xff, 0xfc, 0x06, 0x00, 
    0x08, 0x02, 0x05, 0x03, 0x07, 0x06, 0x07, 0xfc, 0xfe, 0xfe, 0x07, 0xf8, 
    0x06, 0xfb, 0x06, 0xf9, 0x01, 0xfd, 0x06, 0x06, 0x01, 0x01, 0x08, 0x06, 
    0x03, 0x05, 0xfc, 0x07, 0x08, 0x05, 0xfe, 0x05, 0x05, 0xfa, 0x01, 0x03, 
    0x05, 0x07, 0xfa, 0x03, 0x04, 0xfb, 0x02, 0x03, 0x05, 0xfc, 0x06, 0x08, 
    0x07, 0x05, 0xf9, 0x01, 0x05, 0xfb, 0x00, 0xfb, 0xf8, 0xf9, 0xfc, 0x07, 
    0x08, 0x03, 0x07, 0x04, 0x06, 0xfc, 0xfc, 0xfe, 0xfc, 0x07, 0x07, 0xfe, 
    0x04, 0x06, 0xfd, 0x07, 0x07, 0xfc, 0xf9, 0x07, 0x05, 0x05, 0x05, 0x00, 
    0xfa, 0xfe, 0x05, 0x06, 0xfe, 0xf9, 0x03, 0x07, 0x00, 0x04, 0x07, 0x05, 
    0xfc, 0xfe, 0xfe, 0x07, 0x02, 0xfb, 0xfb, 0x06, 0x07, 0x05, 0x01, 0xfa, 
    0xf9, 0x06, 0xf8, 0xf9, 0xfe, 0x03, 0x05, 0x00, 0xfc, 0xff, 0x02, 0x04, 
    0x06, 0x06, 0xf9, 0x05, 0xfb, 0xfc, 0xfc, 0xfa, 0x05, 0x00, 0xfd, 0x02, 
    0x03, 0x00, 0x01, 0xfc, 0x04, 0x00, 0xff, 0xf8, 0x07, 0x04, 0x02, 0x05, 
    0xff, 0x03, 0xfe, 0x03, 0x01, 0xfb, 0x05, 0xff, 0xfb, 0x02, 0x03, 0xf9, 
    0x05, 0xfb, 0x01, 0x01, 0xfa, 0x05, 0xff, 0xff, 0xf9, 0x07, 0x05, 0xfb, 
    0xfd, 0x04, 0x03, 0xfb, 0x05, 0xfc, 0x01, 0x01, 0x07, 0x04, 0xfc, 0x06, 
    0x05, 0x00, 0x01, 0xfc, 0x06, 0xfb, 0xfd, 0x02, 0xff, 0xf8, 0x00, 0xfe, 
    0xff, 0xfb, 0xfe, 0xfc, 0x02, 0x03, 0xfe, 0x00, 0x07, 0x04, 0xfe, 0xf8, 
    0xfb, 0xfc, 0xfe, 0x01, 0xf9, 0xf9, 0xfd, 0xfb, 0xfd, 0xf8, 0xfd, 0xff, 
    0x02, 0x04, 0x04, 0xf9, 0x04, 0x05, 0x07, 0x07, 0x02, 0x07, 0xfe, 0xfc, 
    0xfa, 0xfe, 0xfb, 0x01, 0x01, 0xff, 0x00, 0x08, 0xfc, 0xff, 0xfc, 0x00, 
    0x08, 0x01, 0xfd, 0x05, 0xfb, 0xfe, 0x02, 0x08, 0x02, 0x01, 0xfb, 0x04, 
    0x07, 0x02, 0xfa, 0x06, 0x02, 0xfd, 0x04, 0xfc, 0xfc, 0xf8, 0x00, 0x06, 
    0xff, 0xfc, 0x06, 0xff, 0x01, 0x02, 0xfd, 0x07, 0x01, 0xfd, 0x06, 0xf9, 
    0x00, 0x02, 0xf9, 0x08, 0xfd, 0x05, 0xff, 0xf8, 0x00, 0x08, 0x03, 0x01, 
    0xff, 0x06, 0x08, 0xf8, 0xff, 0x01, 0xfe, 0xf8, 0xfb, 0x01, 0x03, 0xfd, 
    0x06, 0x05, 0x07, 0xfc, 0x06, 0x03, 0xf9, 0xff, 0xfd, 0x05, 0x08, 0xfb, 
    0x03, 0x02, 0xf8, 0x05, 0x06, 0x01, 0x05, 0xfa, 0x07, 0x00, 0xfd, 0x05, 
    0xfc, 0xfe, 0xfa, 0xf8, 0x01, 0xfc, 0x03, 0x06, 0xfc, 0x04, 0xf9, 0x03, 
    0xfb, 0x02, 0xfc, 0xff, 0x04, 0x07, 0x08, 0xf9, 0x01, 0x07, 0xfa, 0xf9, 
    0x05, 0x00, 0x01, 0x07, 0xfd, 0xfa, 0x04, 0xfb, 0xfa, 0x02, 0xff, 0xfe, 
    0xfd, 0xf9, 0x05, 0x00, 0x04, 0x06, 0x08, 0xfb, 0xfc, 0xf9, 0x00, 0x02, 
    0xfd, 0xfc, 0xfc, 0xfb, 0x01, 0x03, 0x04, 0x01, 0x01, 0xfb, 0xfe, 0x03, 
    0xf9, 0x02, 0x03, 0xfc, 0x02, 0x07, 0xfd, 0x02, 0xfb, 0x00, 0xf9, 0x03, 
    0xfa, 0xfe, 0x04, 0xfd, 0xff, 0xfe, 0xfc, 0xff, 0xfa, 0x08, 0xf9, 0xfd, 
    0x05, 0xfc, 0xfa, 0x02, 0x05, 0xff, 0x01, 0xfe, 0x00, 0x05, 0x04, 0x06, 
    0xfe, 0x03, 0xf9, 0x00, 0x01, 0x04, 0x00, 0x07, 0xfc, 0x07, 0x06, 0xfa, 
    0x02, 0x02, 0x07, 0xff, 0xfd, 0x01, 0xfb, 0x02, 0x00, 0xf9, 0xfe, 0x03, 
    0xfc, 0x00, 0x01, 0xf9, 0x01, 0x06, 0x05, 0x06, 0xfd, 0xfd, 0x01, 0xf8, 
    0xfc, 0x01, 0x01, 0x04, 0xfe, 0xff, 0xf8, 0xf9, 0x06, 0xfc, 0x05, 0xff, 
    0x00, 0x07, 0x00, 0xf9, 0x04, 0xfb, 0x04, 0xf9, 0x04, 0x02, 0x01, 0x03, 
    0x02, 0xfa, 0x07, 0xfe, 0xfa, 0x02, 0x06, 0x06, 0x04, 0xfd, 0xfa, 0x05, 
    0xfe, 0x04, 0xfc, 0xfc, 0x03, 0x04, 0xfb, 0x00, 0x00, 0xf9, 0x00, 0x06, 
    0xfc, 0xfa, 0xfa, 0x06, 0x01, 0xf8, 0x06, 0x07, 0xfe, 0x04, 0xff, 0xfc, 
    0x07, 0xfc, 0xfa, 0xfe, 0xff, 0xfa, 0x00, 0x04, 0x05, 0xfc, 0x01, 0xff, 
    0xfd, 0x07, 0x06, 0xf9, 0x08, 0xff, 0x06, 0x04, 0x07, 0x03, 0x02, 0x04, 
    0xfa, 0x01, 0x02, 0xfc, 0xfc, 0x01, 0x05, 0x06, 0x06, 0xff, 0xfd, 0xfc, 
    0xf9, 0x04, 0xf9, 0x02, 0x02, 0x01, 0x06, 0xfe, 0xf9, 0x06, 0x03, 0x00, 
    0x02, 0x06, 0x00, 0xfa, 0x04, 0xf8, 0xfe, 0x03, 0x03, 0x06, 0x06, 0xfa, 
    0xfa, 0x07, 0x06, 0x01, 0x01, 0xff, 0x00, 0x06, 0x04, 0x00, 0xf9, 0x08, 
    0xfd, 0x00, 0x01, 0x00, 0xfc, 0xff, 0x08, 0x07, 0x01, 0xfa, 0x07, 0x04, 
    0xfe, 0xfa, 0xfc, 0xf8, 0x06, 0xfa, 0xff, 0x00, 0x08, 0x06, 0xfb, 0xf9, 
    0x08, 0x00, 0x03, 0xfb, 0x04, 0x02, 0xff, 0xfa, 0x05, 0x07, 0xfa, 0xfd, 
    0xfa, 0xf9, 0xfb, 0x07, 0x02, 0x01, 0xfe, 0xf8, 0xfc, 0x06, 0xf8, 0xff, 
    0xf9, 0xfc, 0xf8, 0x07, 0xfa, 0xff, 0xfa, 0x03, 0xfe, 0xfb, 0xfb, 0x05, 
    0xf8, 0x04, 0xff, 0x00, 0xfd, 0xfb, 0xfd, 0x04, 0xfd, 0xfc, 0xff, 0x01, 
    0xfb, 0xfb, 0x04, 0x06, 0x05, 0x02, 0xfa, 0x04, 0x08, 0x07, 0xf8, 0x04, 
    0x03, 0x01, 0x07, 0xf9, 0xfb, 0x02, 0x02, 0x06, 0xfa, 0x01, 0x06, 0xff, 
    0x06, 0x02, 0x08, 0x03, 0x02, 0x01, 0x03, 0x00, 0x04, 0x01, 0xfb, 0xf8, 
    0x07, 0x05, 0x05, 0xfd, 0xfa, 0xfa, 0x03, 0xfd, 0x02, 0xf9, 0xf8, 0xfe, 
    0x00, 0x00, 0x06, 0xfa, 0xf9, 0x00, 0xf9, 0x01, 0x02, 0x01, 0xfd, 0xfe, 
    0x03, 0xf8, 0x05, 0xfa, 0x02, 0x01, 0x07, 0x03, 0x03, 0xfd, 0x06, 0x01, 
    0xf9, 0x01, 0xfb, 0xfe, 0x08, 0xfd, 0xfc, 0xfc, 0xff, 0x01, 0x04, 0xff, 
    0xfd, 0x02, 0xfa, 0x07, 0x01, 0x05, 0xf9, 0x04, 0x07, 0x05, 0xfd, 0x02, 
    0xfc, 0x07, 0x00, 0x06, 0xf9, 0x03, 0xf9, 0x06, 0x03, 0xf9, 0xfa, 0xfe, 
    0x04, 0x07, 0x07, 0x01, 0xfe, 0xfc, 0xfb, 0xf9, 0x02, 0xfc, 0xfe, 0xff, 
    0x05, 0xff, 0xf9, 0x00, 0x00, 0x01, 0x04, 0xfd, 0x01, 0xf9, 0xfe, 0xfe, 
    0x05, 0xf9, 0xf9, 0xfb, 0xfc, 0xfe, 0x02, 0x04, 0xfd, 0xfc, 0x01, 0x08, 
    0x08, 0x03, 0x05, 0x08, 0x07, 0xff, 0x01, 0x04, 0x06, 0xfc, 0x03, 0xfb, 
    0xfe, 0x07, 0x04, 0x05, 0xfd, 0x08, 0xfd, 0xff, 0x05, 0xfc, 0xfb, 0x07, 
    0x01, 0x04, 0xfe, 0xf9, 0xfd, 0x03, 0xfe, 0xfc, 0xfe, 0xff, 0xfb, 0x03, 
    0xf9, 0x07, 0x00, 0xf9, 0x07, 0x00, 0xfc, 0xf9, 0xf8, 0x07, 0x06, 0xfc, 
    0xff, 0x04, 0x05, 0xfc, 0x00, 0x08, 0xfd, 0x03, 0xfb, 0x06, 0xff, 0x01, 
    0x05, 0xfc, 0x05, 0x02, 0x04, 0x06, 0x03, 0x04, 0xf9, 0x08, 0x00, 0xff, 
    0x04, 0x00, 0x04, 0xfc, 0xf9, 0x03, 0x06, 0xfb, 0x01, 0x02, 0x06, 0xfe, 
    0x05, 0x05, 0x05, 0xfa, 0xff, 0x01, 0x08, 0xfa, 0x07, 0x03, 0x01, 0x05, 
    0x01, 0xfd, 0xfa, 0x01, 0x05, 0xfd, 0xf9, 0xf9, 0xfe, 0xfe, 0x06, 0xfa, 
    0xfe, 0xf9, 0xfc, 0xfa, 0x00, 0xf9, 0x04, 0xfa, 0x01, 0x02, 0x04, 0x03, 
    0xfa, 0x04, 0x06, 0x02, 0xfc, 0x05, 0xf9, 0xfc, 0x06, 0xfc, 0xfe, 0x05, 
    0x01, 0x02, 0xfa, 0xff, 0x07, 0x06, 0x00, 0xfd, 0x01, 0x05, 0xf9, 0xfc, 
    0xfd, 0x08, 0xfb, 0x07, 0xfb, 0x00, 0xfe, 0x01, 0x00, 0x04, 0x07, 0x03, 
    0x00, 0xfc, 0xf9, 0xfb, 0x02, 0x03, 0xff, 0x07, 0xfd, 0xff, 0xf9, 0x05, 
    0xff, 0x06, 0xf9, 0xfc, 0x08, 0xfc, 0xfa, 0x06, 0x04, 0x02, 0xfa, 0xff, 
    0xff, 0x00, 0x05, 0x07, 0x00, 0xfd, 0xfd, 0x07, 0x03, 0x07, 0xf9, 0x06, 
    0xfa, 0xfa, 0x04, 0x06, 0xfb, 0x04, 0x03, 0xfa, 0xff, 0x04, 0xf9, 0x02, 
    0x04, 0x06, 0x07, 0x07, 0xfe, 0x02, 0xfa, 0x00, 0x05, 0xf9, 0xfa, 0xfa, 
    0x00, 0xfd, 0x05, 0xfc, 0xfd, 0xf9, 0xfb, 0x05, 0xfe, 0xfe, 0x05, 0xfc, 
    0xfb, 0x00, 0x02, 0xf9, 0x04, 0x00, 0xfd, 0xfd, 0x05, 0x00, 0x08, 0x06, 
    0x05, 0xfa, 0xfb, 0xfe, 0xfa, 0xfc, 0x05, 0x08, 0xfe, 0x07, 0xfd, 0x07, 
    0xf9, 0xfe, 0x05, 0x06, 0x01, 0x00, 0x00, 0x07, 0x04, 0xfd, 0x01, 0xf9, 
    0xf8, 0xfa, 0x06, 0xf9, 0x07, 0xfd, 0x05, 0x07, 0xf9, 0x01, 0xfb, 0x00, 
    0x00, 0x04, 0x07, 0x07, 0xfc, 0x04, 0xfa, 0x00, 0xf8, 0x00, 0x05, 0x08, 
    0x03, 0x01, 0xfa, 0x06, 0x01, 0xfb, 0x04, 0xf8, 0xfb, 0xf9, 0xfc, 0x06, 
    0x00, 0xfc, 0xfd, 0xff, 0xf8, 0x01, 0x01, 0xff, 0x07, 0xfc, 0xff, 0x02, 
    0xf9, 0x00, 0xf9, 0x07, 0x08, 0x04, 0xfa, 0xfb, 0xff, 0x01, 0x03, 0xfd, 
    0x05, 0xf8, 0xfd, 0x06, 0xfb, 0xfd, 0xfc, 0xfc, 0xf8, 0x07, 0x01, 0x02, 
    0xf9, 0xfe, 0xff, 0x00, 0x03, 0xff, 0xfd, 0x07, 0x05, 0xfc, 0xfa, 0x03, 
    0xfc, 0x00, 0xfb, 0x02, 0x01, 0x06, 0xfb, 0x03, 0xfc, 0xff, 0x04, 0xf8, 
    0xfe, 0xff, 0xf8, 0x04, 0x00, 0x04, 0xf9, 0x02, 0x08, 0x02, 0x02, 0x06, 
    0xfa, 0x01, 0xfc, 0x00, 0xfd, 0xfc, 0x05, 0xfc, 0xfc, 0xfb, 0x03, 0x06, 
    0xfd, 0x04, 0x00, 0xfe, 0x04, 0xfd, 0xf8, 0xf9, 0xff, 0x08, 0x06, 0x03, 
    0xfa, 0xff, 0xfa, 0xfc, 0xfc, 0x00, 0x05, 0xfb, 0xf9, 0x03, 0x06, 0xfd, 
    0xfb, 0xfe, 0x03, 0x06, 0xfd, 0xff, 0xfb, 0x04, 0xfc, 0xfb, 0x05, 0x05, 
    0xfc, 0x07, 0xff, 0xfa, 0x08, 0x05, 0xfd, 0xfe, 0xff, 0x08, 0x02, 0x06, 
    0xfa, 0xfa, 0x02, 0x02, 0xfb, 0xf9, 0xfd, 0xf9, 0x05, 0x04, 0x00, 0xf9, 
    0x05, 0x04, 0x00, 0xfd, 0xfc, 0x03, 0xfb, 0x05, 0x00, 0x00, 0xf8, 0xf8, 
    0xfc, 0x04, 0xf8, 0xff, 0x06, 0xfd, 0xfe, 0xfe, 0x03, 0x02, 0xfd, 0x04, 
    0x01, 0x07, 0x05, 0x04, 0xf8, 0xfa, 0x04, 0x02, 0x06, 0x05, 0xfb, 0xfc, 
    0xff, 0x04, 0xfc, 0x02, 0x03, 0xfc, 0x08, 0x03, 0x03, 0xfd, 0xfc, 0xf9, 
    0x06, 0xf8, 0x00, 0xfb, 0xfb, 0x07, 0x00, 0xfa, 0xfb, 0x03, 0x06, 0xfa, 
    0x04, 0x07, 0x07, 0x06, 0x01, 0x04, 0x05, 0x02, 0x00, 0xfc, 0x02, 0x08, 
    0x04, 0x02, 0xfd, 0xff, 0xff, 0x07, 0xfa, 0x04, 0x01, 0x03, 0xfa, 0xfe, 
    0x04, 0x06, 0x01, 0x03, 0x00, 0x00, 0x06, 0xf9, 0x06, 0xfb, 0xfe, 0x06, 
    0x01, 0x04, 0xfe, 0xfc, 0x05, 0x00, 0x04, 0xfe, 0x04, 0x04, 0xfc, 0x04, 
    0x07, 0x06, 0xfe, 0xfc, 0xfb, 0x02, 0x01, 0xff, 0x00, 0x07, 0x01, 0xfa, 
    0xfb, 0xfd, 0xf8, 0x02, 0xfe, 0x07, 0xfe, 0xfc, 0x01, 0xfd, 0x01, 0xf8, 
    0xfb, 0xfe, 0xf8, 0xfb, 0x08, 0x08, 0x03, 0x07, 0xfc, 0xfc, 0xfb, 0x02, 
    0x08, 0x06, 0xfe, 0x02, 0x05, 0x06, 0xfc, 0xfe, 0xff, 0x04, 0x00, 0x03, 
    0x04, 0x00, 0x02, 0x07, 0x01, 0xfe, 0x00, 0x01, 0xfc, 0xff, 0xfd, 0xfc, 
    0x05, 0xfd, 0xf8, 0xfa, 0x01, 0xff, 0x02, 0x04, 0x00, 0x07, 0xff, 0x01, 
    0x01, 0xfd, 0xfb, 0xfa, 0xfe, 0xf9, 0xf8, 0xfe, 0x06, 0xfd, 0x03, 0x00, 
    0x02, 0xfc, 0xfe, 0xfd, 0x08, 0xfc, 0x04, 0x03, 0xf9, 0x00, 0x02, 0xf9, 
    0x02, 0x00, 0x04, 0x04, 0x03, 0xfa, 0xfd, 0x03, 0x01, 0xfe, 0xfa, 0xfe, 
    0x08, 0xf9, 0xff, 0x00, 0xf8, 0xfa, 0x02, 0x08, 0x05, 0x00, 0x07, 0xfd, 
    0x03, 0x03, 0x07, 0xfe, 0xff, 0x04, 0xfc, 0x05, 0x03, 0xfc, 0x06, 0x04, 
    0x07, 0xff, 0xfc, 0xf9, 0xfe, 0x06, 0x02, 0xfa, 0x01, 0xfc, 0x07, 0xfe, 
    0x07, 0x00, 0xfb, 0x02, 0x05, 0x06, 0x01, 0xfc, 0xff, 0x02, 0x04, 0xfc, 
    0x08, 0xfb, 0xfb, 0xfa, 0x01, 0xfa, 0x05, 0x03, 0x06, 0xff, 0x00, 0x04, 
    0x04, 0xff, 0x02, 0xfa, 0x05, 0xf9, 0x01, 0xfb, 0xff, 0x01, 0xfe, 0xf9, 
    0x08, 0xfe, 0x03, 0x02, 0x06, 0xfb, 0xfb, 0x05, 0xf9, 0xff, 0xfc, 0x04, 
    0x03, 0xfd, 0xfd, 0xfd, 0xfd, 0x03, 0x05, 0x08, 0xff, 0xfb, 0x08, 0xfe, 
    0xfa, 0x06, 0xfa, 0x04, 0xfc, 0x04, 0x06, 0x03, 0xfe, 0x05, 0xfb, 0xfd, 
    0x07, 0xfc, 0x06, 0x04, 0xfa, 0xfe, 0x01, 0xfd, 0x04, 0xfc, 0x03, 0xfe, 
    0x00, 0x06, 0xfe, 0x03, 0xfb, 0xff, 0x01, 0x02, 0xff, 0x02, 0x05, 0xfc, 
    0x07, 0x05, 0x06, 0xfe, 0x03, 0x01, 0xfb, 0x05, 0x08, 0xfa, 0xfc, 0x05, 
    0xfc, 0xfb, 0xfd, 0x04, 0xf9, 0xf8, 0xfd, 0x06, 0xfe, 0x06, 0xff, 0x02, 
    0xff, 0xfd, 0xf9, 0xf9, 0x07, 0xff, 0x03, 0xfa, 0xfe, 0x04, 0x07, 0x06, 
    0xf8, 0xfc, 0x08, 0x08, 0xfb, 0xfe, 0x02, 0x06, 0xfb, 0x02, 0x03, 0xfd, 
    0xff, 0xff, 0xfa, 0xfe, 0x06, 0x05, 0x01, 0xfb, 0x00, 0xfa, 0x01, 0xfb, 
    0xfa, 0xfb, 0xf8, 0x07, 0x04, 0xf9, 0x06, 0x00, 0x07, 0xff, 0x07, 0xfe, 
    0x00, 0x00, 0xf9, 0x06, 0x00, 0xfd, 0x06, 0x00, 0x07, 0x03, 0x08, 0x07, 
    0x04, 0xfb, 0x03, 0xfa, 0xfe, 0x01, 0x01, 0x02, 0x01, 0xfc, 0x06, 0x07, 
    0xf8, 0x01, 0x06, 0x00, 0x03, 0x04, 0xf9, 0x00, 0x03, 0x00, 0x00, 0xf9, 
    0xfb, 0x02, 0x07, 0xff, 0xfd, 0xff, 0x04, 0x04, 0xfc, 0x08, 0xf9, 0x01, 
    0xfd, 0x02, 0xfa, 0xfa, 0x02, 0xfb, 0xfa, 0xfb, 0xfe, 0x00, 0xfb, 0xfd, 
    0xfc, 0xfd, 0x02, 0xfd, 0x08, 0xf8, 0x02, 0x05, 0x00, 0xfa, 0x04, 0x03, 
    0xff, 0x01, 0xf8, 0x06, 0xf8, 0x05, 0xfa, 0xfb, 0xfc, 0xfa, 0x01, 0x00, 
    0x04, 0x01, 0x02, 0xff, 0xfc, 0xfc, 0xff, 0xfa, 0x01, 0xfb, 0x02, 0x08, 
    0xff, 0xfc, 0x04, 0x00, 0x05, 0xfe, 0x01, 0x01, 0x02, 0xfe, 0xfe, 0xfe, 
    0x05, 0xfc, 0xfc, 0x07, 0x06, 0x05, 0x08, 0xfa, 0x00, 0xf9, 0xfa, 0xfe, 
    0x07, 0x08, 0x04, 0x06, 0xfe, 0x06, 0xfd, 0x04, 0x03, 0x04, 0xf9, 0x07, 
    0x07, 0x05, 0xf9, 0x06, 0x00, 0x03, 0x01, 0x04, 0x01, 0x05, 0x07, 0x04, 
    0x07, 0x01, 0x01, 0xfb, 0xff, 0xf9, 0xfa, 0x05, 0xfc, 0xff, 0x02, 0x01, 
    0x01, 0x00, 0xf9, 0x07, 0xff, 0xfc, 0xf8, 0x04, 0x03, 0xf9, 0xfc, 0xff, 
    0xfb, 0xfb, 0x08, 0xfa, 0x02, 0xfe, 0x01, 0xfa, 0xfd, 0x07, 0xf9, 0x06, 
    0x07, 0x05, 0x06, 0xff, 0x04, 0x07, 0xfa, 0x01, 0x00, 0xfe, 0x03, 0x07, 
    0x04, 0xfe, 0xfb, 0xff, 0xfa, 0xf9, 0xfb, 0xff, 0x03, 0xfc, 0xf9, 0x05, 
    0x02, 0xfd, 0x03, 0x05, 0xfd, 0xfd, 0xfa, 0x01, 0x06, 0x00, 0xfb, 0x01, 
    0x02, 0xfe, 0x06, 0x03, 0x08, 0x04, 0x02, 0xf9, 0xfb, 0x02, 0x01, 0xff, 
    0xf9, 0x04, 0xf9, 0xfa, 0x02, 0x01, 0xfc, 0x01, 0xfa, 0xf8, 0x05, 0xfb, 
    0xfb, 0xfe, 0x00, 0x05, 0x01, 0x04, 0xfe, 0xfe, 0x03, 0x08, 0x03, 0x06, 
    0x06, 0xfe, 0x04, 0x05, 0x07, 0xf8, 0x06, 0x06, 0x07, 0xfb, 0x05, 0x03, 
    0xfc, 0x05, 0xfa, 0xfc, 0xf9, 0x02, 0x04, 0xf9, 0x02, 0xf9, 0xfe, 0x05, 
    0x06, 0x01, 0x05, 0x08, 0x03, 0xfa, 0xfc, 0x06, 0x08, 0x07, 0xfa, 0xfc, 
    0x01, 0x02, 0x01, 0x06, 0xfa, 0xff, 0xf9, 0xfa, 0x08, 0xff, 0xfa, 0xfc, 
    0x01, 0xf9, 0xfe, 0xfa, 0x00, 0x08, 0x04, 0x07, 0x04, 0x07, 0xfc, 0xf8, 
    0xfc, 0x00, 0x02, 0x02, 0x05, 0xfd, 0x05, 0xfc, 0x01, 0x01, 0xf9, 0x06, 
    0x03, 0x04, 0x06, 0x01, 0xf8, 0xf9, 0x04, 0x08, 0xf8, 0x07, 0x06, 0x07, 
    0x02, 0x00, 0xfe, 0xff, 0xfb, 0xf9, 0x07, 0x04, 0x08, 0x02, 0x06, 0x06, 
    0xfe, 0x01, 0x03, 0xfa, 0x03, 0x08, 0x08, 0x05, 0x06, 0xf9, 0x01, 0x08, 
    0xff, 0x01, 0xfa, 0x03, 0xfe, 0x00, 0x03, 0x05, 0x04, 0xfb, 0xfd, 0x03, 
    0xfa, 0xff, 0xfa, 0x01, 0xf9, 0x08, 0x04, 0x07, 0xfe, 0xf8, 0xfb, 0x07, 
    0x05, 0xfa, 0x06, 0xf8, 0x00, 0xfe, 0x01, 0x03, 0x02, 0x00, 0xfb, 0x02, 
    0x02, 0xff, 0x00, 0xfc, 0xfe, 0xfa, 0xfd, 0x06, 0xfd, 0x08, 0x00, 0x00, 
    0xff, 0x08, 0xfc, 0xfa, 0x00, 0x06, 0x08, 0x06, 0xfe, 0xf9, 0xfa, 0x08, 
    0x04, 0xfd, 0x02, 0x05, 0x07, 0xfb, 0x06, 0xf9, 0x02, 0xfd, 0x05, 0x07, 
    0xfb, 0xfb, 0xfa, 0x01, 0xfe, 0xfc, 0xfb, 0xfb, 0x06, 0x02, 0xfd, 0xf9, 
    0xff, 0x03, 0x05, 0x08, 0xfe, 0x07, 0x00, 0xf9, 0x01, 0x08, 0xff, 0x03, 
    0xff, 0xf9, 0xfe, 0x03, 0xfd, 0xfb, 0xfd, 0x04, 0x07, 0x03, 0x06, 0xf8, 
    0x03, 0x01, 0x07, 0xfa, 0xff, 0x01, 0x05, 0x00, 0x04, 0x00, 0xfd, 0xfe, 
    0x01, 0x05, 0xfc, 0xfd, 0xfe, 0x01, 0x06, 0xfd, 0xfe, 0xff, 0xfe, 0x00, 
    0xfe, 0xfb, 0x05, 0x05, 0x01, 0x08, 0x00, 0x00, 0xfb, 0xfa, 0x01, 0x00, 
    0x01, 0x06, 0xfe, 0x05, 0xfa, 0xfa, 0x03, 0xfe, 0xfa, 0xfe, 0xfd, 0xf9, 
    0x03, 0x00, 0xf9, 0x08, 0x06, 0x01, 0xfe, 0xf8, 0x04, 0x07, 0xf9, 0xfc, 
    0xf8, 0x00, 0xfe, 0xf8, 0xfe, 0x05, 0xfb, 0x08, 0x04, 0x07, 0xfb, 0xfe, 
    0xfa, 0xfe, 0x00, 0x07, 0x02, 0xfc, 0xfb, 0xfb, 0xfa, 0xfc, 0x03, 0xfb, 
    0x00, 0x06, 0xfe, 0x04, 0xf9, 0xfd, 0x01, 0xfc, 0x04, 0x03, 0x03, 0x07, 
    0xfd, 0xf9, 0xfd, 0xfd, 0xfe, 0x06, 0xfe, 0x05, 0x05, 0x05, 0xff, 0xfd, 
    0x00, 0x00, 0xff, 0x03, 0x04, 0xfa, 0x07, 0x06, 0xfe, 0x06, 0x03, 0x00, 
    0xfe, 0xfa, 0xfc, 0x03, 0xfa, 0x01, 0x06, 0x02, 0x03, 0x06, 0xff, 0xfd, 
    0xf9, 0x07, 0x04, 0xff, 0xfd, 0xff, 0x00, 0x03, 0x01, 0x01, 0x01, 0x02, 
    0x02, 0x03, 0xff, 0x06, 0xfa, 0xfd, 0xfb, 0x06, 0x06, 0x06, 0x04, 0x01, 
    0x03, 0x03, 0x00, 0x02, 0xff, 0xff, 0xfb, 0x04, 0xfa, 0xfb, 0x06, 0x06, 
    0x00, 0xfc, 0x01, 0x06, 0xfe, 0x07, 0x08, 0x04, 0x06, 0x00, 0xff, 0xf9, 
    0x01, 0xf9, 0x04, 0x04, 0x08, 0xf9, 0x01, 0xfb, 0xf9, 0xfe, 0x02, 0x02, 
    0xf9, 0x04, 0x00, 0x00, 0x06, 0xf9, 0xfa, 0x01, 0xfb, 0x05, 0x05, 0x07, 
    0x08, 0xfe, 0xfb, 0x00, 0xff, 0x05, 0x02, 0xfe, 0x00, 0x01, 0xfc, 0xfd, 
    0xfa, 0x02, 0x05, 0xfa, 0xfd, 0x00, 0x02, 0x00, 0xfb, 0xfa, 0xfa, 0x02, 
    0xfa, 0xfc, 0xff, 0xff, 0x03, 0xf9, 0xff, 0xfd, 0x03, 0x08, 0x01, 0x02, 
    0x06, 0x06, 0xfe, 0xfe, 0xfb, 0x07, 0xfb, 0xfd, 0x02, 0xfb, 0x00, 0xfc, 
    0x01, 0xfa, 0x00, 0xf8, 0x03, 0xfc, 0x01, 0xf8, 0x02, 0xf8, 0x02, 0x05, 
    0xff, 0x01, 0x07, 0x07, 0x03, 0xfa, 0x08, 0x04, 0xf9, 0x05, 0x01, 0x05, 
    0x03, 0x01, 0xfd, 0x07, 0x03, 0x06, 0x08, 0xff, 0x01, 0x06, 0x06, 0x02, 
    0x00, 0xfd, 0xff, 0x05, 0x00, 0x03, 0xff, 0x04, 0x03, 0x08, 0x01, 0x03, 
    0x08, 0x05, 0xfd, 0x00, 0xff, 0x00, 0xfe, 0xf8, 0xfc, 0xf9, 0x06, 0xfa, 
    0x05, 0xfd, 0xfc, 0xfb, 0xfb, 0x01, 0x02, 0x04, 0xfe, 0x08, 0xfc, 0x03, 
    0xfe, 0xfd, 0x05, 0x08, 0x06, 0xfc, 0xfc, 0xfa, 0x07, 0xfb, 0x05, 0x02, 
    0x04, 0x06, 0x02, 0x06, 0xff, 0x03, 0x04, 0xfa, 0x08, 0xf8, 0xfa, 0xff, 
    0x08, 0xfa, 0xfe, 0xfe, 0xfc, 0xfb, 0x07, 0x03, 0x06, 0xfe, 0x07, 0x02, 
    0x02, 0x01, 0x05, 0x00, 0x02, 0xfa, 0xff, 0x05, 0x02, 0xff, 0x02, 0xfd, 
    0x06, 0xff, 0xf8, 0xfa, 0xfd, 0x06, 0xfd, 0x05, 0x01, 0xfc, 0xf8, 0xfb, 
    0x03, 0xff, 0xfc, 0x04, 0x05, 0xfe, 0x03, 0x06, 0xfb, 0x06, 0x04, 0xff, 
    0x05, 0x00, 0xfe, 0x01, 0xfe, 0x03, 0x01, 0xfc, 0x05, 0xf9, 0x07, 0xfc, 
    0xfc, 0x02, 0x05, 0xff, 0xfb, 0x03, 0xff, 0xf9, 0x03, 0xfc, 0x07, 0x03, 
    0xfb, 0x05, 0xf9, 0xfa, 0x03, 0xff, 0xfe, 0xfa, 0x03, 0x04, 0x05, 0x07, 
    0xfa, 0xfd, 0x00, 0x01, 0xfc, 0xf9, 0xfb, 0x07, 0xfe, 0x04, 0x02, 0xfe, 
    0x00, 0x03, 0x04, 0x02, 0xf8, 0x05, 0x06, 0xfc, 0x05, 0x00, 0x02, 0xfb, 
    0xfd, 0x01, 0xfd, 0x00, 0x04, 0xff, 0xfc, 0xfc, 0x00, 0xfe, 0x02, 0x00, 
    0x06, 0x01, 0xfa, 0xff, 0x05, 0xff, 0xf9, 0xfb, 0xff, 0xf9, 0x05, 0xf8, 
    0xfd, 0x02, 0x00, 0xfb, 0xf9, 0x02, 0x02, 0x00, 0x06, 0xf9, 0x04, 0x06, 
    0xfd, 0xff, 0xff, 0xff, 0xff, 0xfb, 0x00, 0x07, 0x06, 0x06, 0xff, 0xff, 
    0x02, 0x02, 0xf8, 0xf8, 0xf9, 0xfe, 0xfb, 0x03, 0xfb, 0xfb, 0xfa, 0x05, 
    0x02, 0xf8, 0xfc, 0x00, 0x02, 0xfb, 0x02, 0x00, 0xfb, 0x06, 0x02, 0x05, 
    0x05, 0xfc, 0x00, 0xfd, 0xfa, 0xfb, 0x01, 0x00, 0x03, 0xfc, 0x05, 0xff, 
    0xf9, 0x04, 0xff, 0x06, 0xfa, 0xff, 0x00, 0xfb, 0x02, 0xfa, 0x07, 0x04, 
    0xfb, 0xf9, 0x01, 0x02, 0x04, 0xfc, 0x03, 0x00, 0xfb, 0x07, 0xfc, 0xfe, 
    0xfa, 0xfc, 0x07, 0x01, 0x03, 0x05, 0xfc, 0x05, 0xff, 0x03, 0xfd, 0x01, 
    0x07, 0xfb, 0xfd, 0x05, 0xfe, 0xfb, 0xfb, 0xfc, 0x07, 0xff, 0xfc, 0x08, 
    0x04, 0xfe, 0x06, 0x00, 0x00, 0xf9, 0x04, 0x04, 0xfe, 0xfd, 0x00, 0xfa, 
    0x00, 0xfb, 0xfc, 0xfb, 0xf9, 0x08, 0xfc, 0xff, 0x04, 0xfe, 0x05, 0x00, 
    0xfe, 0xf8, 0x03, 0x05, 0x08, 0xfc, 0x08, 0x04, 0xfd, 0xfa, 0xfe, 0x05, 
    0xfe, 0x04, 0x04, 0x06, 0xfb, 0x05, 0xfc, 0x02, 0x04, 0xf9, 0xfd, 0xfa, 
    0x04, 0xf9, 0x06, 0xfa, 0x02, 0x05, 0x00, 0xff, 0xfd, 0x00, 0xf8, 0x05, 
    0x03, 0x03, 0xfb, 0xf9, 0x07, 0xfa, 0xff, 0xfd, 0x06, 0xff, 0xff, 0xf9, 
    0xff, 0x01, 0xfc, 0x00, 0x04, 0x01, 0x03, 0xf9, 0x01, 0xfc, 0x01, 0xfe, 
    0x01, 0xfc, 0xf9, 0x02, 0x02, 0xfe, 0x00, 0x01, 0xfb, 0xf9, 0x05, 0x08, 
    0x01, 0xfd, 0x07, 0x08, 0xff, 0xfb, 0xff, 0xfe, 0xfa, 0x04, 0xf9, 0x06, 
    0x05, 0xff, 0xfd, 0x02, 0x03, 0xfa, 0x05, 0xfa, 0x01, 0x07, 0xfe, 0xfc, 
    0xfb, 0x07, 0x07, 0x01, 0x03, 0x02, 0xf8, 0x00, 0xfd, 0x04, 0xfb, 0xfc, 
    0x08, 0xfc, 0x03, 0xfe, 0xff, 0xf8, 0xfe, 0xfa, 0x03, 0x02, 0x07, 0xff, 
    0xf9, 0x01, 0x02, 0xfe, 0xfb, 0xf9, 0xf8, 0x04, 0x07, 0xfa, 0x06, 0x00, 
    0x03, 0x03, 0x01, 0xf8, 0x03, 0xfe, 0xfb, 0xfc, 0xfa, 0xfa, 0xff, 0xf8, 
    0xfa, 0x08, 0x04, 0xfb, 0x06, 0x04, 0x07, 0x06, 0x00, 0x03, 0x03, 0xff, 
    0xfb, 0x03, 0xfc, 0xff, 0xfd, 0xff, 0x01, 0x06, 0xfe, 0x01, 0x07, 0x02, 
    0x05, 0x01, 0xfa, 0xfe, 0x00, 0xff, 0x05, 0x07, 0x01, 0x04, 0x07, 0xff, 
    0xf9, 0x06, 0xff, 0xfe, 0xfe, 0xfb, 0xfe, 0x05, 0x00, 0xf8, 0x04, 0x05, 
    0x07, 0xfb, 0xfa, 0x02, 0xfb, 0x00, 0xfb, 0xf8, 0x02, 0x04, 0x05, 0x06, 
    0x00, 0x07, 0x08, 0x02, 0xfb, 0x07, 0x05, 0x05, 0x06, 0x03, 0xff, 0xfb, 
    0xfe, 0x00, 0xfc, 0x01, 0xf9, 0xf8, 0x03, 0x06, 0xfa, 0x06, 0xfa, 0xff, 
    0x01, 0x07, 0xff, 0x00, 0xfe, 0x04, 0x03, 0x07, 0xf9, 0x02, 0x00, 0xfd, 
    0xff, 0x00, 0x03, 0xfb, 0x00, 0xf8, 0xfc, 0xfa, 0x02, 0xfc, 0x06, 0xfc, 
    0xfa, 0xf8, 0x04, 0x06, 0x07, 0xfe, 0x03, 0x06, 0xfb, 0xfe, 0x00, 0x05, 
    0xf9, 0x08, 0x03, 0x01, 0x04, 0x03, 0x03, 0xfe, 0x00, 0xf9, 0x05, 0xfc, 
    0xf8, 0x05, 0xf8, 0xfb, 0x06, 0xfb, 0xfb, 0xfb, 0x04, 0x05, 0xf9, 0xf9, 
    0xfb, 0xf9, 0xfc, 0x01, 0x03, 0x05, 0xf8, 0xfb, 0xfb, 0xfd, 0xfa, 0x06, 
    0xfb, 0x07, 0xfa, 0x06, 0x08, 0x03, 0xff, 0xff, 0x03, 0x02, 0xfc, 0x08, 
    0xfe, 0xfa, 0xf8, 0x07, 0xfd, 0xf9, 0x06, 0x00, 0x07, 0x04, 0x05, 0x02, 
    0x02, 0x07, 0xfc, 0x01, 0x01, 0xfc, 0xfb, 0xf8, 0x02, 0x00, 0xf8, 0x08, 
    0xf9, 0xfd, 0xfa, 0x04, 0x05, 0xfa, 0x01, 0xf9, 0x08, 0x02, 0xfa, 0x05, 
    0xfd, 0xfd, 0xff, 0x08, 0x02, 0xf9, 0x08, 0x07, 0xfc, 0xfb, 0x04, 0xf9, 
    0xfe, 0xfa, 0xff, 0xfb, 0x04, 0xff, 0xff, 0xfc, 0x02, 0x03, 0xf9, 0x07, 
    0xfe, 0xfc, 0x01, 0x02, 0x06, 0xff, 0x07, 0x01, 0x05, 0xfd, 0x07, 0xfe, 
    0x08, 0xfe, 0x04, 0x00, 0x07, 0xf9, 0x02, 0x08, 0xfa, 0xf9, 0x02, 0x01, 
    0x06, 0xf8, 0xfc, 0xfc, 0x03, 0x01, 0x00, 0x05, 0xff, 0xfb, 0xfc, 0x05, 
    0xf8, 0x07, 0xf9, 0x03, 0x00, 0x06, 0xfc, 0x04, 0x06, 0xff, 0xfb, 0x03, 
    0xf8, 0xf9, 0x07, 0x01, 0x04, 0xfd, 0xfa, 0xf8, 0xfb, 0x01, 0xf9, 0xfd, 
    0xff, 0x03, 0xfa, 0x05, 0xf8, 0xfb, 0x05, 0x05, 0x01, 0x04, 0xfa, 0xff, 
    0xff, 0x04, 0x02, 0x07, 0xfa, 0xfc, 0xfe, 0xfa, 0x02, 0xf9, 0x04, 0xfb, 
    0xfc, 0xfe, 0x01, 0x06, 0x05, 0x03, 0xff, 0xfb, 0x00, 0x00, 0x08, 0x04, 
    0x01, 0xf9, 0xfa, 0xfd, 0x03, 0x00, 0xf9, 0x05, 0xfa, 0xfb, 0x08, 0x02, 
    0xfb, 0xfb, 0xfe, 0x06, 0x04, 0xfb, 0xfc, 0xfd, 0x06, 0xff, 0xf8, 0xff, 
    0xfc, 0x01, 0x02, 0xfa, 0xfe, 0xf9, 0xf9, 0x05, 0xfe, 0x06, 0xfd, 0x04, 
    0x01, 0x04, 0xff, 0xf8, 0x06, 0x08, 0xf9, 0xf8, 0xfd, 0xf9, 0x05, 0x06, 
    0x05, 0x05, 0xfa, 0xfd, 0x02, 0xf8, 0x04, 0xf9, 0xf8, 0x06, 0xfb, 0xfc, 
    0xfb, 0x05, 0xf9, 0x06, 0xff, 0xff, 0x07, 0x02, 0x05, 0xfd, 0x03, 0x02, 
    0x00, 0x08, 0x04, 0x01, 0xf9, 0xfe, 0xfb, 0x02, 0xfc, 0x08, 0xfd, 0x02, 
    0xfa, 0x03, 0xfd, 0x08, 0x06, 0xfd, 0x00, 0xfd, 0x06, 0xfc, 0x04, 0x04, 
    0x04, 0xf8, 0xf8, 0x06, 0xfb, 0xfc, 0xfb, 0xfb, 0xfa, 0x04, 0x08, 0xff, 
    0xf8, 0xfa, 0x08, 0x02, 0x00, 0x00, 0x04, 0xfe, 0x05, 0x00, 0x06, 0x02, 
    0xfa, 0x01, 0x06, 0xfc, 0x04, 0x05, 0xfa, 0x01, 0xff, 0xff, 0x07, 0x08, 
    0xfd, 0x02, 0x02, 0x03, 0x03, 0x03, 0xfa, 0x07, 0x07, 0xfe, 0xfd, 0x02, 
    0xfd, 0xff, 0xfc, 0x05, 0x06, 0x03, 0x00, 0x03, 0x00, 0xfa, 0xfa, 0x00, 
    0x03, 0x04, 0x02, 0x07, 0x04, 0xfa, 0xfd, 0x08, 0x02, 0xf9, 0xfa, 0xfb, 
    0xfa, 0x04, 0xf8, 0x00, 0x04, 0x02, 0x03, 0xfe, 0x02, 0x08, 0x06, 0xff, 
    0xf8, 0x06, 0xfe, 0xfd, 0xfb, 0x08, 0xfa, 0xfd, 0x00, 0x07, 0x00, 0x04, 
    0x00, 0x01, 0xf9, 0x08, 0xfc, 0xff, 0x04, 0xf9, 0x04, 0xfb, 0x07, 0x03, 
    0xfd, 0x07, 0x04, 0xf9, 0xfa, 0x05, 0xfc, 0xfc, 0xfb, 0x05, 0x05, 0x03, 
    0x04, 0xf9, 0x04, 0xfa, 0x02, 0xf9, 0x04, 0xff, 0xfb, 0xfd, 0xfd, 0xf9, 
    0x05, 0xf9, 0xfa, 0xfc, 0x02, 0x03, 0xfe, 0xfb, 0xf9, 0xfd, 0xfd, 0x05, 
    0x04, 0x03, 0x00, 0xff, 0xfc, 0x01, 0x02, 0x03, 0xfd, 0xfd, 0x00, 0x00, 
    0x04, 0xff, 0x05, 0x07, 0xf9, 0x07, 0xfd, 0xfc, 0xf9, 0x02, 0x02, 0xf8, 
    0xfb, 0xfe, 0xf9, 0x04, 0x01, 0xfe, 0x01, 0x07, 0x00, 0x06, 0xf8, 0xfa, 
    0x07, 0x00, 0x02, 0x07, 0xff, 0x04, 0xfe, 0xfc, 0x03, 0xfd, 0xfd, 0xfc, 
    0x08, 0xfe, 0x05, 0x04, 0x02, 0x06, 0x04, 0x02, 0xfb, 0xf9, 0xfd, 0x06, 
    0x05, 0xfc, 0x06, 0x03, 0x05, 0x03, 0xfa, 0x03, 0xfa, 0x06, 0xf8, 0xfd, 
    0xfa, 0xfb, 0xfe, 0xfb, 0x03, 0xf9, 0xf9, 0x03, 0x05, 0x02, 0x01, 0x07, 
    0x07, 0x02, 0x01, 0x03, 0xf8, 0x06, 0x08, 0x06, 0xf9, 0xfe, 0xff, 0xfe, 
    0xff, 0xfa, 0x08, 0x08, 0xff, 0x03, 0x05, 0xfe, 0xf8, 0xfd, 0xfe, 0xf9, 
    0x07, 0x08, 0xfc, 0xf9, 0xf9, 0xfa, 0xf9, 0x05, 0x01, 0xfc, 0xfa, 0x06, 
    0x05, 0xfb, 0xff, 0xfb, 0xfd, 0xfd, 0xfa, 0xfb, 0xfb, 0xf9, 0x01, 0xff, 
    0xfc, 0xfd, 0x00, 0x05, 0x01, 0xf9, 0x05, 0x04, 0xfb, 0x01, 0xfd, 0x07, 
    0x00, 0xfb, 0x06, 0x03, 0xfd, 0x01, 0x02, 0x04, 0xf8, 0x01, 0xf8, 0xfb, 
    0xf9, 0xf9, 0x01, 0xfa, 0xf9, 0xfd, 0xfa, 0xfe, 0xfb, 0x07, 0xff, 0x07, 
    0x01, 0x06, 0xf9, 0xf8, 0x04, 0x00, 0x03, 0xfd, 0xf9, 0x02, 0xff, 0xf8, 
    0xfc, 0xfa, 0xf9, 0xfd, 0xfe, 0x08, 0x02, 0x05, 0xfb, 0x00, 0x07, 0xf9, 
    0x03, 0xfd, 0xf8, 0xfa, 0x02, 0xfd, 0xf8, 0x04, 0x07, 0xf9, 0xfa, 0xf9, 
    0x05, 0xff, 0xf9, 0x06, 0x08, 0xf9, 0x03, 0xfc, 0xfb, 0x06, 0xf8, 0xf8, 
    0xf8, 0xff, 0xfe, 0x03, 0xff, 0xfe, 0xfd, 0xfd, 0xfe, 0x04, 0x05, 0x05, 
    0xf9, 0x06, 0x01, 0x05, 0x00, 0xfd, 0x04, 0x01, 0xff, 0x07, 0xfc, 0xf9, 
    0x03, 0x03, 0x01, 0xff, 0x01, 0xff, 0x05, 0xfb, 0xf9, 0xfc, 0xf8, 0xfd, 
    0x08, 0xfb, 0x07, 0x08, 0xff, 0x03, 0x01, 0x08, 0x05, 0xff, 0x05, 0xff, 
    0xfc, 0x06, 0x04, 0xfb, 0x07, 0x02, 0xf9, 0xfb, 0x08, 0xfa, 0xfc, 0xff, 
    0x04, 0x05, 0x04, 0xfa, 0xfd, 0xfc, 0x07, 0x06, 0xf8, 0x00, 0x05, 0xff, 
    0x01, 0xf9, 0x06, 0xfd, 0xff, 0xfc, 0xfd, 0xfe, 0xfb, 0xfc, 0x04, 0x05, 
    0x03, 0xfa, 0x05, 0x05, 0x06, 0xfe, 0xfe, 0xf9, 0xfc, 0x04, 0x00, 0x06, 
    0x02, 0x03, 0xff, 0x07, 0x04, 0x04, 0xf9, 0xf9, 0x07, 0x07, 0x04, 0x05, 
    0x06, 0x03, 0xfa, 0xfc, 0xf8, 0x06, 0xfe, 0x01, 0xf8, 0x07, 0xfc, 0x07, 
    0xfc, 0x06, 0x00, 0x03, 0xfe, 0xfb, 0x00, 0x08, 0x01, 0x04, 0x00, 0x02, 
    0xfa, 0xfc, 0x01, 0x07, 0xfd, 0x02, 0x01, 0xfa, 0xfc, 0x03, 0xfd, 0xf9, 
    0xf8, 0xfb, 0xfd, 0x05, 0x07, 0x02, 0xfa, 0x03, 0x06, 0x04, 0x03, 0xfb, 
    0xf9, 0x07, 0xfc, 0x01, 0xf9, 0x05, 0xf9, 0x04, 0xfe, 0x00, 0xfe, 0x00, 
    0x07, 0xfe, 0x04, 0x07, 0x05, 0xfc, 0x00, 0xfc, 0x08, 0xff, 0x04, 0xfc, 
    0x05, 0x03, 0x03, 0x07, 0x01, 0xff, 0xf9, 0x01, 0x05, 0xfa, 0x07, 0x03, 
    0xfb, 0xff, 0x06, 0xf8, 0xff, 0x00, 0xff, 0x02, 0x03, 0x06, 0xf9, 0x01, 
    0x01, 0xfe, 0x00, 0x04, 0x04, 0x02, 0x00, 0x06, 0xfc, 0x04, 0x05, 0x01, 
    0x07, 0x07, 0x01, 0xff, 0x02, 0x05, 0x05, 0xfa, 0x01, 0x06, 0x05, 0xff, 
    0xfd, 0x00, 0xf8, 0x08, 0x04, 0x08, 0x04, 0xfd, 0x05, 0xfc, 0x05, 0xfa, 
    0x04, 0x05, 0x08, 0x04, 0x04, 0x06, 0x01, 0xf9, 0xfe, 0x04, 0xfd, 0x00, 
    0xfe, 0x05, 0x06, 0x05, 0x04, 0xfc, 0xf8, 0xfb, 0x03, 0xfc, 0x00, 0x07, 
    0x05, 0x08, 0x03, 0x06, 0x05, 0x02, 0xfd, 0xf8, 0xfd, 0xff, 0x05, 0xff, 
    0x00, 0xfe, 0x02, 0xfb, 0xfa, 0xfa, 0x03, 0x06, 0xff, 0x06, 0x04, 0xf9, 
    0xfc, 0x06, 0xfa, 0x07, 0x04, 0x01, 0xfb, 0x03, 0x01, 0xfe, 0x05, 0x05, 
    0x06, 0x03, 0x02, 0xff, 0x01, 0x07, 0x05, 0x00, 0x04, 0xff, 0xfc, 0xf9, 
    0x08, 0x00, 0xfd, 0xfb, 0x07, 0x02, 0x07, 0x02, 0xff, 0xfa, 0x00, 0x06, 
    0xf9, 0xff, 0xfe, 0xfa, 0x06, 0x02, 0x06, 0x02, 0xf9, 0x08, 0x07, 0xfa, 
    0xff, 0x04, 0x04, 0x05, 0x05, 0x01, 0x00, 0xfb, 0x05, 0xfc, 0xfa, 0xfe, 
    0x05, 0xfe, 0x00, 0xfa, 0x00, 0x05, 0x05, 0x00, 0x01, 0xfe, 0x02, 0xfe, 
    0xfe, 0x07, 0x00, 0x02, 0xfa, 0x02, 0x06, 0xfa, 0xfc, 0xfd, 0x06, 0xf9, 
    0xfa, 0xfb, 0xfd, 0x00, 0x02, 0xfb, 0xfc, 0xfe, 0xfc, 0x06, 0xfa, 0x00, 
    0xfe, 0x07, 0xff, 0x01, 0xfe, 0xfe, 0xfe, 0xfc, 0xfe, 0xf9, 0x01, 0xfc, 
    0x02, 0x01, 0x02, 0x00, 0x04, 0x02, 0x03, 0x07, 0xfc, 0xfa, 0xfb, 0x07, 
    0xfc, 0xf9, 0x04, 0x08, 0xff, 0xff, 0x06, 0x05, 0x04, 0x05, 0x05, 0xfc, 
    0x05, 0x01, 0x05, 0xf8, 0xfa, 0xfa, 0x00, 0xff, 0x04, 0x01, 0x07, 0x01, 
    0x04, 0x07, 0xfe, 0x06, 0x06, 0xff, 0xf9, 0xfd, 0x01, 0xfa, 0xfb, 0x03, 
    0x04, 0xf9, 0x03, 0x02, 0x02, 0x06, 0x05, 0x07, 0x08, 0xf9, 0x07, 0xfd, 
    0xff, 0x03, 0x08, 0x03, 0x02, 0xfd, 0x08, 0x08, 0xfa, 0x00, 0x02, 0x00, 
    0x00, 0x06, 0x03, 0xfe, 0xfe, 0xfc, 0x05, 0xff, 0x07, 0x04, 0xf8, 0x06, 
    0x03, 0xff, 0xfa, 0x05, 0xfc, 0xff, 0x05, 0x07, 0x06, 0x08, 0xfe, 0x00, 
    0xfa, 0xfd, 0x08, 0xfc, 0xf8, 0x04, 0x06, 0xf9, 0x03, 0x03, 0xfa, 0xfd, 
    0x01, 0xfb, 0x06, 0x01, 0xfe, 0x00, 0x02, 0xf9, 0xfc, 0x08, 0xfd, 0x07, 
    0x07, 0x07, 0xfb, 0x06, 0x05, 0x06, 0xfd, 0x07, 0xfe, 0xfb, 0xff, 0x06, 
    0xf9, 0xff, 0xfd, 0xfd, 0xf9, 0xfc, 0xff, 0xf9, 0x04, 0x06, 0x01, 0x05, 
    0x00, 0xfe, 0xfd, 0x03, 0xfb, 0x08, 0xfb, 0x07, 0x01, 0xff, 0x07, 0xfc, 
    0x05, 0xf9, 0xf9, 0xf8, 0xfc, 0xfd, 0x05, 0x07, 0xfa, 0x05, 0x05, 0xfc, 
    0x08, 0xfa, 0x01, 0xf9, 0x05, 0x00, 0x00, 0xff, 0xfa, 0x07, 0x03, 0x04, 
    0x06, 0x02, 0xff, 0x05, 0xff, 0x01, 0x04, 0xfa, 0xf9, 0xf9, 0x03, 0x03, 
    0xfa, 0xfb, 0x08, 0xf8, 0x08, 0x00, 0x03, 0x00, 0xff, 0xfe, 0xfa, 0x01, 
    0x07, 0xfd, 0x03, 0xf9, 0x04, 0x03, 0xfe, 0xff, 0x04, 0xff, 0xfa, 0xfe, 
    0x06, 0x03, 0xfe, 0x06, 0xff, 0xfe, 0x00, 0x05, 0x01, 0x05, 0x02, 0x07, 
    0x06, 0xff, 0xfd, 0x06, 0x02, 0xfd, 0x08, 0x01, 0x07, 0xff, 0xfe, 0xfc, 
    0xfe, 0x00, 0xf8, 0xf9, 0xf8, 0x04, 0xfe, 0x03, 0xf9, 0x06, 0xfb, 0xfb, 
    0x03, 0x03, 0x07, 0x00, 0xf9, 0xfc, 0x06, 0x06, 0x03, 0x08, 0xfa, 0x08, 
    0xff, 0xff, 0xff, 0x06, 0xff, 0xff, 0xfd, 0x07, 0x08, 0x07, 0xff, 0x03, 
    0xff, 0xfd, 0x03, 0xf8, 0x04, 0xf9, 0x03, 0xfd, 0x06, 0xfe, 0x01, 0xfb, 
    0x07, 0x00, 0x05, 0x05, 0x03, 0x00, 0xff, 0x06, 0xff, 0xf9, 0x08, 0x02, 
    0xff, 0x04, 0xfe, 0xfb, 0x02, 0xfb, 0xfb, 0xfe, 0x07, 0xf9, 0xff, 0xff, 
    0x01, 0xfe, 0xfa, 0xfc, 0x00, 0xfa, 0xfb, 0xfe, 0xfd, 0xff, 0x02, 0x04, 
    0x05, 0xf9, 0x04, 0xfb, 0xfd, 0xfd, 0xff, 0x03, 0x00, 0xfa, 0xfe, 0xfb, 
    0xf9, 0xfe, 0xfe, 0xfb, 0x07, 0xfc, 0x05, 0x03, 0x01, 0x04, 0x05, 0x03, 
    0xfe, 0xfd, 0xfa, 0x05, 0xfe, 0xfe, 0x00, 0x02, 0x08, 0xff, 0x01, 0x05, 
    0x01, 0xf8, 0x02, 0x03, 0xfd, 0x06, 0x08, 0x02, 0x06, 0xf8, 0xf8, 0xf9, 
    0xfb, 0x07, 0xfa, 0x05, 0x08, 0x04, 0x07, 0x03, 0x02, 0x02, 0x03, 0x04, 
    0x02, 0x07, 0x02, 0x04, 0x04, 0xf9, 0x08, 0x02, 0x02, 0xfc, 0x01, 0x04, 
    0xfb, 0xfa, 0xf9, 0xfa, 0x03, 0xfb, 0x02, 0xfb, 0x05, 0xfc, 0x07, 0x00, 
    0xff, 0x06, 0xfd, 0xfc, 0x01, 0x02, 0x06, 0x02, 0x03, 0xfc, 0xfb, 0xfb, 
    0x02, 0x03, 0xfa, 0x07, 0xfc, 0x08, 0xfd, 0xf9, 0xfd, 0x04, 0xfe, 0x06, 
    0xfd, 0x00, 0x06, 0xfb, 0x07, 0x01, 0xf9, 0xfe, 0xfb, 0x07, 0x00, 0x03, 
    0xf9, 0x07, 0x02, 0xfd, 0x08, 0xfe, 0x03, 0x08, 0x00, 0xff, 0xf9, 0x08, 
    0x01, 0xf9, 0x00, 0xf9, 0xfe, 0xfe, 0xff, 0x05, 0x07, 0xf9, 0xfc, 0x07, 
    0x03, 0xfb, 0xf9, 0x02, 0xfb, 0xfb, 0xf9, 0x02, 0x06, 0xfe, 0x03, 0x04, 
    0xfe, 0x06, 0x00, 0x04, 0x06, 0xfa, 0xfc, 0xfb, 0xfe, 0x07, 0xf9, 0xff, 
    0xfd, 0xf9, 0x01, 0xfe, 0xfb, 0x04, 0x07, 0x03, 0xff, 0xfa, 0x07, 0xff, 
    0x02, 0xfc, 0x03, 0x03, 0xf9, 0xfa, 0x07, 0x01, 0xff, 0xfd, 0x01, 0xfe, 
    0x02, 0xfd, 0xfa, 0x05, 0xfc, 0x04, 0xfa, 0x00, 0xfe, 0xfd, 0xfa, 0xff, 
    0xfc, 0x07, 0xf8, 0x05, 0x01, 0x03, 0xfd, 0xff, 0x03, 0x06, 0x02, 0xfe, 
    0x06, 0x05, 0x02, 0x00, 0xff, 0xff, 0x01, 0x07, 0xff, 0x03, 0x02, 0xfe, 
    0xfc, 0x01, 0x06, 0xfc, 0x00, 0xfd, 0xfb, 0x00, 0x01, 0x06, 0x06, 0x00, 
    0xfb, 0xfa, 0xfa, 0x03, 0x05, 0x01, 0xfa, 0xf9, 0x02, 0xfb, 0x02, 0xfd, 
    0xfd, 0x03, 0x05, 0x05, 0x00, 0xfe, 0xfb, 0x00, 0x05, 0x05, 0x06, 0xfe, 
    0x01, 0x01, 0x04, 0xfc, 0x06, 0x05, 0x05, 0x00, 0x04, 0xfa, 0xfa, 0xff, 
    0x05, 0xfb, 0xfc, 0x04, 0x05, 0x02, 0xfa, 0x07, 0xfa, 0x03, 0xfc, 0x07, 
    0x01, 0xfc, 0x06, 0x02, 0x03, 0x00, 0x01, 0x00, 0x08, 0x07, 0x03, 0x04, 
    0xff, 0xfb, 0x02, 0x02, 0x01, 0xfb, 0xfd, 0x03, 0x02, 0x05, 0xf8, 0xfc, 
    0xfa, 0x02, 0xf9, 0x01, 0xf9, 0xfb, 0x00, 0xfd, 0xfb, 0xfc, 0x07, 0x05, 
    0x01, 0xff, 0x03, 0x05, 0xfb, 0xfb, 0xff, 0xfd, 0x02, 0xfb, 0x03, 0x01, 
    0xf8, 0x02, 0xfd, 0xf8, 0x08, 0xfc, 0xf9, 0x08, 0x08, 0x03, 0x02, 0x03, 
    0xfb, 0xfd, 0xf8, 0xfe, 0xf9, 0xf8, 0xfa, 0x05, 0xfd, 0xfd, 0xf9, 0xfc, 
    0x02, 0xfd, 0xf9, 0xf9, 0x08, 0x07, 0xf9, 0xfc, 0xfb, 0x00, 0x08, 0x05, 
    0x03, 0x03, 0x02, 0xff, 0xf9, 0xfe, 0x04, 0xfb, 0x03, 0x00, 0x07, 0xff, 
    0xf9, 0xfb, 0x07, 0xfc, 0xf9, 0xfe, 0xf8, 0x03, 0x08, 0x01, 0x01, 0x04, 
    0x03, 0x07, 0xfd, 0x03, 0x06, 0xff, 0x02, 0xff, 0x03, 0x03, 0xfe, 0xff, 
    0x03, 0x06, 0x07, 0xff, 0x05, 0x04, 0xf9, 0xf8, 0xfe, 0xfa, 0xff, 0xfa, 
    0x04, 0xf8, 0x05, 0x06, 0x02, 0x01, 0xff, 0x06, 0x01, 0x06, 0xf8, 0xfd, 
    0xff, 0xf9, 0x06, 0xf9, 0x00, 0xf8, 0xfb, 0xfa, 0xff, 0x04, 0x02, 0x03, 
    0xfc, 0xfd, 0xff, 0x07, 0xff, 0xfc, 0xf9, 0x03, 0x03, 0xf9, 0xf9, 0xfc, 
    0x05, 0x03, 0x06, 0x08, 0xf9, 0xfb, 0xf9, 0xfb, 0xfc, 0xf9, 0xfe, 0x00, 
    0x04, 0xfa, 0xff, 0xf8, 0x04, 0xff, 0x02, 0xff, 0xfd, 0xfa, 0xfb, 0x00, 
    0x08, 0x00, 0x07, 0x05, 0x04, 0xff, 0xfa, 0x04, 0xfa, 0xfa, 0x02, 0xff, 
    0xfc, 0xfd, 0x00, 0x01, 0x06, 0x08, 0x06, 0x07, 0xfc, 0xf9, 0x00, 0x07, 
    0xff, 0xfb, 0x02, 0x02, 0x02, 0xfd, 0x04, 0x03, 0xfc, 0xfe, 0xff, 0xfd, 
    0x06, 0xff, 0x07, 0xf9, 0xfb, 0x03, 0x06, 0x02, 0x06, 0x06, 0x05, 0x01, 
    0xfa, 0xfe, 0xf9, 0xfe, 0xfb, 0xfa, 0xfa, 0xff, 0xff, 0xfa, 0x08, 0xf9, 
    0x04, 0xfc, 0xfe, 0x06, 0xfd, 0xff, 0xff, 0xff, 0xfc, 0xfc, 0x07, 0x05, 
    0xfb, 0x05, 0x03, 0x08, 0x05, 0x06, 0x07, 0x00, 0xfb, 0x04, 0x05, 0xfa, 
    0xfb, 0xfa, 0x07, 0x03, 0x05, 0x01, 0xff, 0x08, 0xf8, 0x01, 0xfb, 0xfd, 
    0xfb, 0x07, 0x08, 0x01, 0x06, 0x01, 0xff, 0x03, 0xfb, 0xfd, 0x03, 0x05, 
    0x05, 0xf8, 0xfb, 0x03, 0xfa, 0x06, 0x04, 0x01, 0x06, 0x08, 0xfd, 0x07, 
    0xfc, 0xf8, 0xfd, 0xfb, 0xf8, 0x03, 0xfd, 0xfa, 0x06, 0xf9, 0xfe, 0x05, 
    0x07, 0x04, 0xf8, 0x08, 0xf9, 0x03, 0x02, 0x03, 0x03, 0xfa, 0xff, 0x01, 
    0x05, 0x06, 0x06, 0x02, 0x08, 0x07, 0xff, 0x03, 0x02, 0xfd, 0x01, 0xfb, 
    0xff, 0xfc, 0xfe, 0x01, 0xfe, 0xf9, 0x03, 0xf8, 0xff, 0x03, 0xfe, 0x03, 
    0x05, 0x02, 0xf9, 0x03, 0xff, 0xf9, 0xff, 0xff, 0x04, 0x02, 0x04, 0x05, 
    0x06, 0x02, 0xfa, 0x03, 0x06, 0xf8, 0xfd, 0x07, 0x02, 0xf8, 0x05, 0xf9, 
    0x06, 0x06, 0x01, 0x08, 0x04, 0xf9, 0xfd, 0xfa, 0xff, 0x06, 0x06, 0x03, 
    0xfa, 0xfc, 0xfc, 0x08, 0xfc, 0xf9, 0xf9, 0x04, 0xfc, 0x08, 0xfa, 0xff, 
    0x02, 0x00, 0xff, 0x05, 0xfc, 0x05, 0x01, 0xfb, 0x04, 0x05, 0xfa, 0x07, 
    0x00, 0x04, 0x00, 0x01, 0xfb, 0xfa, 0x02, 0xfe, 0xff, 0x08, 0x04, 0xff, 
    0x05, 0x00, 0x06, 0x01, 0x04, 0xfd, 0xf9, 0x03, 0x06, 0x01, 0xfc, 0xfc, 
    0xfd, 0x08, 0xfa, 0x05, 0xfb, 0xfe, 0xfe, 0xfc, 0xfd, 0xf9, 0x00, 0x02, 
    0xf8, 0x00, 0xf9, 0x04, 0xff, 0xfa, 0xfb, 0xfa, 0x07, 0x03, 0x06, 0x01, 
    0x07, 0x00, 0x02, 0xfc, 0xfb, 0xff, 0xfb, 0x00, 0x07, 0x01, 0xfa, 0xfb, 
    0x03, 0xf8, 0x04, 0x03, 0xfd, 0x03, 0xfd, 0x04, 0xfa, 0x08, 0x01, 0xfa, 
    0x07, 0xff, 0x05, 0xfe, 0x04, 0xf9, 0xf9, 0xf9, 0x00, 0x02, 0xfe, 0xff, 
    0x02, 0x04, 0x06, 0xfa, 0x04, 0x06, 0x03, 0xff, 0x07, 0x07, 0x02, 0x06, 
    0x01, 0x02, 0x00, 0x03, 0x03, 0xfe, 0x03, 0xfa, 0xfe, 0xf9, 0x04, 0xfa, 
    0xfe, 0x08, 0x01, 0x02, 0x07, 0x01, 0x05, 0x03, 0x04, 0x06, 0x05, 0xff, 
    0x01, 0xfc, 0xfa, 0xfc, 0x06, 0xf9, 0x01, 0xfc, 0xfb, 0x01, 0xfc, 0xfa, 
    0x01, 0xfc, 0x04, 0x01, 0xfa, 0xfe, 0x00, 0xf9, 0x05, 0x03, 0xfc, 0x04, 
    0x07, 0x02, 0xff, 0x05, 0x05, 0x06, 0x05, 0xfd, 0x01, 0xfc, 0x05, 0xfb, 
    0x06, 0x03, 0xf8, 0x04, 0x00, 0xf9, 0xfd, 0x02, 0xfc, 0xf8, 0x01, 0xfb, 
    0x01, 0x05, 0xf9, 0xfc, 0x07, 0x07, 0x01, 0x02, 0xf9, 0xf8, 0x03, 0x02, 
    0x05, 0xf9, 0x03, 0xfb, 0xfb, 0xfd, 0xfe, 0x03, 0xfe, 0x02, 0x02, 0xf9, 
    0x07, 0x06, 0x06, 0xfd, 0x03, 0xf9, 0xfe, 0xf8, 0xff, 0xfe, 0xff, 0x01, 
    0xfa, 0x03, 0x06, 0xf8, 0x06, 0xfc, 0xfb, 0x02, 0xfa, 0x03, 0x06, 0x01, 
    0x06, 0xfd, 0x01, 0xfd, 0x01, 0xff, 0x06, 0xfb, 0xfd, 0x07, 0xff, 0xfd, 
    0x04, 0x05, 0x06, 0xfd, 0xfb, 0xf9, 0x07, 0xfd, 0x05, 0x07, 0x03, 0xfa, 
    0xfd, 0x00, 0x00, 0xfc, 0xfc, 0xff, 0x06, 0x01, 0xf9, 0xfe, 0xfd, 0xfa, 
    0xf9, 0xfd, 0x06, 0xfd, 0x05, 0xfc, 0x06, 0x06, 0x06, 0x00, 0x05, 0xff, 
    0xf9, 0x01, 0xf8, 0xfd, 0x00, 0xf8, 0x00, 0x02, 0x03, 0x05, 0x01, 0x06, 
    0x02, 0xfa, 0xf9, 0xfc, 0x00, 0x02, 0x00, 0xff, 0xfb, 0xfd, 0xfd, 0xff, 
    0x01, 0xfa, 0xfa, 0x03, 0x02, 0x04, 0xf9, 0xfd, 0xfb, 0x07, 0xff, 0xfd, 
    0x01, 0xfa, 0x07, 0xfe, 0xf9, 0x06, 0x05, 0xfc, 0xf8, 0x07, 0x06, 0x05, 
    0xf8, 0xfa, 0x06, 0xfa, 0x04, 0xfe, 0x05, 0x03, 0x04, 0x03, 0x00, 0xf9, 
    0xfc, 0xff, 0x03, 0x02, 0x08, 0xf8, 0xff, 0x07, 0x01, 0xfa, 0x01, 0x00, 
    0xf6, 0xf5, 0xff, 0xff, 0x04, 0x00, 0x00, 0x00, 0x00, 0x08, 0x00, 0x00, 
    0x09, 0x10, 0xc6, 0x3d, 0xd0, 0xdc, 0x1d, 0x3f, 0x9f, 0xb3, 0xc4, 0x3d, 
    0x1c, 0x11, 0x56, 0x3f, 0x4d, 0x4a, 0xd1, 0x3d, 0xa2, 0x6c, 0x65, 0x3e, 
    0xbb, 0xd9, 0x09, 0xbf, 0x2a, 0x38, 0x13, 0xbf, 0xb7, 0x4b, 0x11, 0x3e, 
    0x9e, 0xa4, 0xfc, 0xbe, 0x9f, 0x44, 0x52, 0x3e, 0x34, 0x41, 0xfa, 0xbe, 
    0x42, 0x2a, 0x0d, 0xbf, 0xbd, 0x4b, 0x9a, 0xbe, 0x7b, 0x83, 0x02, 0x3f, 
    0x65, 0x07, 0xc7, 0xbe, 0x50, 0x47, 0xff, 0xbc, 0x10, 0x6a, 0x77, 0x3e, 
    0xe1, 0x87, 0x3f, 0x3e, 0x25, 0x3a, 0xd7, 0xbe, 0x1b, 0x54, 0xd8, 0xbe, 
    0x3b, 0xbc, 0xd6, 0x3e, 0x8a, 0xdc, 0xd9, 0x3e, 0x69, 0xe0, 0xa2, 0x3e, 
    0x0b, 0x1f, 0x44, 0xbf, 0x23, 0x80, 0x31, 0xbe, 0xfb, 0x05, 0x2c, 0xbf, 
    0xb3, 0xc7, 0x1e, 0x3f, 0x25, 0x00, 0x08, 0x3f, 0xd9, 0xa6, 0x06, 0xbf, 
    0x74, 0xf3, 0x0b, 0xbf, 0xc4, 0x62, 0xb3, 0x3e, 0xcc, 0x7f, 0xe2, 0x3e, 
    0x3b, 0xb5, 0x33, 0xbf, 0xcf, 0xdb, 0xa0, 0x3e, 0x6f, 0x37, 0x6c, 0xbe, 
    0x26, 0x4d, 0xb8, 0xbe, 0x30, 0xb1, 0xf4, 0xbe, 0xcf, 0x90, 0xb3, 0x3e, 
    0x95, 0xbf, 0xe6, 0xbe, 0xb9, 0x5a, 0x29, 0xbf, 0xd8, 0x73, 0x3c, 0x3e, 
    0xeb, 0x39, 0x03, 0xbb, 0xe2, 0x0d, 0x46, 0x3f, 0xc3, 0xb0, 0xd6, 0xbe, 
    0xc2, 0xa2, 0x12, 0xbf, 0xfe, 0x9e, 0x60, 0xbd, 0x6e, 0xbf, 0xb9, 0xbe, 
    0xed, 0xa9, 0x5b, 0xbd, 0xe2, 0x0f, 0x2b, 0x3f, 0x58, 0x64, 0xce, 0xbe, 
    0x9d, 0x04, 0x96, 0x3e, 0xed, 0x43, 0x17, 0x3f, 0x1a, 0x9d, 0x11, 0xbf, 
    0xd2, 0x98, 0x38, 0xbf, 0xac, 0xc0, 0xc8, 0xbe, 0xf3, 0xda, 0x02, 0x3f, 
    0xa1, 0x49, 0x3d, 0x3f, 0x9c, 0x20, 0x1f, 0x3e, 0x63, 0x82, 0x12, 0xbf, 
    0xe1, 0x09, 0x09, 0x3f, 0xd7, 0x31, 0xf7, 0x3e, 0x62, 0xb6, 0x9c, 0x3e, 
    0x68, 0xcd, 0x79, 0x3e, 0x0f, 0xda, 0x16, 0xbf, 0x58, 0xfe, 0x2c, 0x3f, 
    0xfc, 0x5b, 0xc0, 0xbe, 0xd6, 0x6b, 0x2d, 0x3e, 0xfd, 0x17, 0x2f, 0x3f, 
    0x34, 0x66, 0x83, 0x3d, 0xd8, 0x20, 0xcc, 0xbe, 0x0a, 0xbc, 0x0c, 0xbe, 
    0x75, 0xd5, 0x93, 0xbe, 0xae, 0x32, 0x1f, 0xbf, 0xbb, 0x3d, 0x2d, 0x3e, 
    0x5c, 0x26, 0xa4, 0xbd, 0x51, 0xd1, 0x09, 0xbf, 0xc3, 0x9b, 0xf5, 0xbe, 
    0x0b, 0x9c, 0x12, 0x3f, 0xfe, 0xe9, 0xaa, 0xbe, 0x88, 0xa4, 0xe8, 0xbd, 
    0xf8, 0x2b, 0x56, 0x3b, 0x91, 0x11, 0x4a, 0x3e, 0xe4, 0xf7, 0x05, 0xbf, 
    0x6f, 0x8d, 0xe2, 0xbe, 0xd4, 0x62, 0x20, 0x3f, 0xab, 0xb9, 0x37, 0x3e, 
    0xda, 0xde, 0xff, 0x3e, 0x0d, 0xcb, 0x42, 0xbe, 0x1b, 0x63, 0x0a, 0xbe, 
    0x03, 0x40, 0x87, 0xbe, 0x7d, 0x55, 0x1c, 0x3f, 0x11, 0xe2, 0x0a, 0x3f, 
    0x92, 0x6d, 0x3d, 0xbe, 0x85, 0x7c, 0x3c, 0xbe, 0x65, 0x65, 0x2c, 0x3f, 
    0xfe, 0x47, 0xed, 0xbc, 0xa8, 0xe4, 0x64, 0x3e, 0xb2, 0x76, 0x91, 0xbe, 
    0xec, 0x2a, 0x66, 0x3d, 0x8c, 0x99, 0xa3, 0x3e, 0xe8, 0x70, 0x38, 0x3e, 
    0x4a, 0xab, 0x08, 0xbf, 0xda, 0xc7, 0xdc, 0xbe, 0x64, 0x4a, 0xb2, 0xbe, 
    0xd2, 0x4e, 0x40, 0xbe, 0x17, 0xa9, 0x65, 0x3e, 0xc8, 0xb7, 0x47, 0xbe, 
    0x11, 0x9a, 0x1b, 0xbf, 0x82, 0x1c, 0xc3, 0xbe, 0xde, 0x7a, 0x0f, 0x3f, 
    0x4a, 0xb1, 0xd4, 0xbe, 0xd9, 0x3d, 0x16, 0xbf, 0xc5, 0xc1, 0x35, 0x3e, 
    0x92, 0xe6, 0x0d, 0x3f, 0x12, 0x0a, 0x2c, 0xbf, 0xb2, 0xbd, 0x0a, 0xbf, 
    0x3e, 0xbd, 0x14, 0x3f, 0xc4, 0xb7, 0xb8, 0x3d, 0xf2, 0x0e, 0xb1, 0xbe, 
    0x6b, 0x94, 0x93, 0xbe, 0x9e, 0x51, 0x24, 0xbf, 0x01, 0x88, 0xfc, 0xbe, 
    0x90, 0xe9, 0x0b, 0x3f, 0xb9, 0x8f, 0xb1, 0x3e, 0xa7, 0x8e, 0x00, 0xbf, 
    0x3d, 0x5e, 0x50, 0xbe, 0xb2, 0x74, 0x50, 0x3e, 0xe4, 0x8e, 0x9c, 0x3d, 
    0x3b, 0x8a, 0x6e, 0x3e, 0x83, 0x60, 0xf6, 0xbb, 0xfe, 0x51, 0xcc, 0x3e, 
    0xfe, 0xaf, 0xb1, 0x3e, 0x63, 0x39, 0x18, 0x3d, 0xf7, 0x44, 0x3b, 0xbf, 
    0x48, 0x1b, 0xd0, 0x3d, 0x9f, 0xc5, 0x82, 0x3d, 0x96, 0x1d, 0xcd, 0xbd, 
    0xbf, 0x8d, 0x1c, 0x3d, 0x2c, 0xfa, 0x50, 0xbe, 0x54, 0x29, 0x15, 0xbf, 
    0x5e, 0x78, 0xa6, 0xbe, 0x84, 0xe8, 0x70, 0x3f, 0x7f, 0x51, 0x00, 0xbf, 
    0xf5, 0x41, 0x95, 0xbd, 0x29, 0x1a, 0x97, 0x3e, 0xbf, 0x36, 0xff, 0x3d, 
    0xfe, 0x9d, 0x33, 0xbf, 0x6d, 0x4b, 0xd1, 0xbe, 0x6e, 0x45, 0x3c, 0x3f, 
    0xd1, 0x66, 0xa8, 0x3e, 0x2d, 0x7f, 0xe3, 0x3d, 0x2f, 0xeb, 0xfd, 0xbe, 
    0xc5, 0x34, 0x30, 0xbe, 0x65, 0x0d, 0x75, 0xbf, 0x26, 0x2b, 0xbf, 0x3e, 
    0x36, 0x2e, 0x15, 0x3f, 0xf1, 0xb3, 0x57, 0xbe, 0xa5, 0xd5, 0x25, 0xbf, 
    0x27, 0x60, 0xe8, 0x3e, 0x54, 0x2e, 0xba, 0x3e, 0x2c, 0xc6, 0x31, 0xbf, 
    0x21, 0x23, 0x12, 0x3f, 0xa1, 0x7e, 0x2c, 0xbf, 0x61, 0x5b, 0xda, 0xbe, 
    0xb8, 0x59, 0x2f, 0xbf, 0xac, 0x6d, 0xa2, 0x3d, 0xd8, 0x67, 0x45, 0x3d, 
    0x9b, 0xea, 0x7d, 0xbe, 0x86, 0x7a, 0x73, 0x3e, 0xb8, 0x77, 0xbe, 0xbe, 
    0x2f, 0x9e, 0x35, 0x3f, 0xe3, 0x45, 0x90, 0x3d, 0x28, 0xf8, 0x24, 0x3b, 
    0x3d, 0xac, 0x38, 0xbf, 0xdb, 0x22, 0x9b, 0xbe, 0x8f, 0x01, 0x0c, 0xbf, 
    0x8f, 0xea, 0x0d, 0x3f, 0xeb, 0x3d, 0x3d, 0x3d, 0xb4, 0x83, 0x65, 0x3d, 
    0x7f, 0x61, 0xb1, 0x3e, 0xc7, 0x3f, 0x91, 0xbe, 0xbb, 0xba, 0xf3, 0xbe, 
    0x7e, 0x57, 0xd7, 0xbe, 0x03, 0x92, 0xb1, 0x3e, 0xc9, 0xde, 0xf3, 0x3e, 
    0xc0, 0x9a, 0x38, 0x3f, 0x08, 0x85, 0xec, 0xbe, 0x84, 0xdb, 0x43, 0x3d, 
    0xc0, 0xa1, 0x5f, 0x3e, 0x57, 0x2c, 0x2c, 0x3f, 0x3d, 0x15, 0x13, 0xbe, 
    0x1f, 0xe0, 0x5b, 0x3e, 0x4b, 0x85, 0xad, 0xbe, 0x81, 0x08, 0xe1, 0x3e, 
    0x9b, 0xd2, 0xbe, 0xbe, 0x10, 0x12, 0x8c, 0x3e, 0xd9, 0xca, 0x95, 0xbe, 
    0x0a, 0x87, 0xd2, 0xbd, 0x98, 0xbc, 0x00, 0x3f, 0x3c, 0xdf, 0x86, 0x3e, 
    0x90, 0xc7, 0xff, 0x3c, 0x71, 0x70, 0x16, 0xbf, 0x18, 0x8c, 0x03, 0xbf, 
    0xae, 0x2e, 0x09, 0x3f, 0x00, 0xc2, 0x83, 0x3d, 0xee, 0x81, 0x86, 0xbe, 
    0xed, 0xe6, 0x06, 0x3f, 0xc6, 0x31, 0xee, 0x3e, 0xa7, 0xed, 0x19, 0xbf, 
    0x73, 0x8f, 0xb6, 0x3e, 0x1f, 0xb9, 0x9b, 0x3e, 0x88, 0x08, 0x12, 0x3e, 
    0xc9, 0x3b, 0x0a, 0x3f, 0x0f, 0x80, 0x0b, 0x3f, 0x6a, 0xf6, 0x6c, 0x3e, 
    0x57, 0xc9, 0x17, 0x3f, 0x48, 0xc4, 0x16, 0x3f, 0x44, 0x83, 0x2b, 0xbc, 
    0xf4, 0x4c, 0xed, 0x3e, 0xc0, 0x59, 0x68, 0xbe, 0xc8, 0xcd, 0x80, 0xbe, 
    0x4a, 0xaf, 0x8b, 0x3d, 0x6c, 0x95, 0xa3, 0x3d, 0x04, 0x71, 0x96, 0x3e, 
    0x95, 0xdd, 0x21, 0x3e, 0xd6, 0xb9, 0x84, 0x3e, 0x7f, 0xe5, 0x02, 0xbf, 
    0x2c, 0xfb, 0xb9, 0x3e, 0xef, 0xae, 0xe2, 0x3e, 0x9b, 0x9f, 0xe4, 0xbe, 
    0xf6, 0x79, 0xea, 0xbc, 0xa6, 0x86, 0xd3, 0xbd, 0x90, 0x2e, 0xd6, 0xbe, 
    0xd2, 0x30, 0x17, 0xbe, 0xee, 0x3c, 0x05, 0xbe, 0x33, 0xe5, 0x02, 0x3f, 
    0xe7, 0x69, 0x91, 0xbc, 0xdb, 0xef, 0x07, 0xbe, 0x33, 0x23, 0x45, 0x3d, 
    0x60, 0x5d, 0xfc, 0x3e, 0x7c, 0xe4, 0x71, 0xbe, 0xde, 0x41, 0x00, 0x3f, 
    0x58, 0x20, 0xaa, 0xbb, 0x5c, 0x57, 0x30, 0xbe, 0xfd, 0xab, 0x17, 0x3f, 
    0xc2, 0x4e, 0xc0, 0x3d, 0x73, 0xf9, 0x0b, 0x3d, 0x9c, 0x59, 0x5f, 0x3e, 
    0x93, 0x4d, 0x9e, 0xbc, 0x92, 0x04, 0x6f, 0x3e, 0x46, 0x97, 0x06, 0x3f, 
    0x5c, 0x12, 0x0e, 0xbf, 0xfc, 0x42, 0x0f, 0xbf, 0x8d, 0x6a, 0x13, 0xbe, 
    0xb2, 0xa6, 0xa1, 0xbe, 0x31, 0xb5, 0xed, 0x3e, 0x6e, 0x97, 0xe4, 0xbe, 
    0xad, 0x02, 0x02, 0x3f, 0xda, 0xb6, 0x10, 0xbf, 0x61, 0x7b, 0x3b, 0x3e, 
    0x1a, 0xf1, 0x16, 0x3e, 0x8d, 0xe7, 0x03, 0xbf, 0x73, 0x14, 0x76, 0x3e, 
    0xf4, 0xd3, 0x5f, 0x3c, 0xe8, 0xa5, 0x0f, 0xbf, 0x95, 0xc0, 0x00, 0xbf, 
    0x9f, 0xbf, 0x0d, 0xbe, 0x4f, 0x21, 0xa0, 0x3e, 0x5d, 0xbf, 0xcc, 0x3e, 
    0x8e, 0x9e, 0xd9, 0xbb, 0x4d, 0x34, 0xbd, 0x3e, 0x3d, 0x44, 0x13, 0x3f, 
    0x8e, 0xf3, 0xd5, 0xbe, 0xa9, 0xa0, 0x90, 0x3e, 0x16, 0x5e, 0xa5, 0x3e, 
    0x4a, 0xcc, 0x07, 0x3f, 0x76, 0x13, 0x05, 0x3f, 0xb6, 0x59, 0xc8, 0x3e, 
    0x60, 0x22, 0xee, 0x3e, 0x6e, 0x92, 0x8d, 0x3e, 0xa4, 0xd7, 0x17, 0x3c, 
    0x2c, 0x80, 0xcc, 0x3e, 0xa1, 0x46, 0xa9, 0x3e, 0x32, 0x6e, 0x8c, 0xbe, 
    0x5c, 0x47, 0xf9, 0xbe, 0x6e, 0x48, 0x0f, 0x3f, 0x0f, 0x5c, 0x11, 0xbf, 
    0xa5, 0x88, 0x9a, 0x3d, 0xcb, 0xbc, 0x60, 0xbf, 0x71, 0xe2, 0x23, 0x3f, 
    0xe2, 0x5a, 0x33, 0xbe, 0x5c, 0xb2, 0x4c, 0xbe, 0xb2, 0x13, 0x25, 0xbf, 
    0x68, 0x87, 0x3a, 0x3f, 0x26, 0x46, 0x0e, 0xbf, 0x07, 0xd4, 0xc8, 0xbe, 
    0xed, 0x48, 0x41, 0x3f, 0xe5, 0x3c, 0xf7, 0xbd, 0x94, 0x3c, 0x59, 0x3f, 
    0x6f, 0xc1, 0xb9, 0xbd, 0x7f, 0xd0, 0xe3, 0xbe, 0x0f, 0x1b, 0x1d, 0xbf, 
    0x18, 0x77, 0x96, 0xbe, 0xcb, 0xf8, 0xcb, 0xbe, 0x74, 0x42, 0x89, 0x3e, 
    0xba, 0x1e, 0x89, 0xbe, 0xef, 0x67, 0x89, 0x3d, 0xad, 0x6b, 0x5e, 0x3f, 
    0x8d, 0x24, 0x19, 0xbf, 0x81, 0xe6, 0xfb, 0xbe, 0x2e, 0x2f, 0x8b, 0xbe, 
    0xd2, 0x4a, 0xe0, 0x3e, 0x27, 0xd5, 0x08, 0x3f, 0x20, 0xc9, 0xbf, 0x3e, 
    0x89, 0xd1, 0x2b, 0xbf, 0xa3, 0x69, 0x00, 0x3f, 0xb0, 0xab, 0x49, 0x3f, 
    0x8b, 0x2d, 0xdc, 0x3e, 0xde, 0xa2, 0x01, 0xbe, 0x5f, 0x2a, 0xb2, 0xbe, 
    0x85, 0x46, 0xf1, 0x3e, 0x62, 0xbe, 0x0f, 0x3e, 0x3a, 0x48, 0xfc, 0x3e, 
    0xa6, 0xe6, 0xa2, 0x3e, 0xb8, 0xc9, 0x90, 0x3e, 0x4b, 0x7b, 0x3f, 0xbf, 
    0xfb, 0xa4, 0xed, 0xbd, 0xf3, 0x6a, 0xdd, 0x3d, 0x23, 0xca, 0xd7, 0xbd, 
    0x78, 0xfb, 0x61, 0x3e, 0xdc, 0x52, 0x2e, 0xbe, 0x41, 0x34, 0x14, 0xbf, 
    0xdf, 0x81, 0x0f, 0xbf, 0x7f, 0x75, 0x21, 0x3f, 0x44, 0x93, 0x9d, 0xbe, 
    0x16, 0x13, 0x8b, 0xbe, 0x19, 0x5c, 0x84, 0x3e, 0x0b, 0x80, 0xa2, 0x3e, 
    0x59, 0x09, 0x8c, 0xbe, 0x67, 0xa5, 0x39, 0xbe, 0x38, 0x8d, 0x1a, 0x3f, 
    0x62, 0x86, 0x1b, 0x3f, 0x3f, 0x58, 0xc4, 0x3e, 0x93, 0x75, 0x47, 0xbf, 
    0xdb, 0x0a, 0x2b, 0xbf, 0x5f, 0x3f, 0x8f, 0xbe, 0x72, 0x80, 0xc3, 0x3e, 
    0x0d, 0xf9, 0xb9, 0x3e, 0x1c, 0xc5, 0x03, 0xbf, 0x04, 0x57, 0x2e, 0xbf, 
    0xb3, 0xff, 0x30, 0x3f, 0x6f, 0x68, 0x07, 0x3f, 0xe8, 0x22, 0x11, 0xbf, 
    0xec, 0x61, 0xa4, 0x3e, 0xb7, 0xba, 0x08, 0xbf, 0x82, 0xb2, 0xc7, 0x3e, 
    0x69, 0xa3, 0xe0, 0x3a, 0xb8, 0xd3, 0x19, 0xbe, 0xf7, 0xf0, 0x01, 0x3f, 
    0xf5, 0x92, 0x69, 0xbe, 0x64, 0xb7, 0x82, 0xbe, 0x38, 0x02, 0xc7, 0xbe, 
    0x49, 0x55, 0x04, 0xbf, 0x4e, 0x5a, 0x16, 0x3f, 0x69, 0x9e, 0x07, 0x3f, 
    0x1d, 0xaa, 0xca, 0xbe, 0x5f, 0x8f, 0x9a, 0x3e, 0x68, 0xbb, 0x17, 0x3f, 
    0xd4, 0x86, 0xdd, 0xbd, 0xad, 0x76, 0xa4, 0x3e, 0x2c, 0xeb, 0xa4, 0x3c, 
    0xbd, 0xef, 0x90, 0x3e, 0xed, 0x72, 0x83, 0x3e, 0x6f, 0xf1, 0x1d, 0x3e, 
    0x51, 0xf0, 0x96, 0x3e, 0x47, 0x6d, 0x10, 0x3d, 0x7a, 0xcf, 0x47, 0x3e, 
    0xae, 0x2f, 0x14, 0x3e, 0xa9, 0xd0, 0xfc, 0x3e, 0x68, 0x93, 0x21, 0xbf, 
    0x8a, 0xd8, 0x1b, 0xbe, 0x1b, 0x1a, 0x0e, 0x3f, 0x05, 0x01, 0x0d, 0x3d, 
    0x82, 0x67, 0xe0, 0x3e, 0xcc, 0x71, 0x43, 0x3e, 0xf2, 0x53, 0xaf, 0x3e, 
    0xc7, 0xd7, 0x71, 0x3e, 0x6d, 0xd5, 0xd9, 0x3e, 0xe9, 0xe0, 0x11, 0x3f, 
    0xc3, 0xef, 0x26, 0xbf, 0x32, 0x52, 0x81, 0xbe, 0xc0, 0x57, 0xae, 0xbe, 
    0x83, 0xf2, 0x24, 0xbf, 0x06, 0xba, 0x12, 0x3e, 0x72, 0xd5, 0x3b, 0xbf, 
    0xbc, 0xca, 0xbc, 0x3d, 0x71, 0x1d, 0xdf, 0x3a, 0x27, 0x20, 0xf6, 0x3e, 
    0x29, 0x1e, 0xef, 0x3b, 0xfa, 0x7d, 0x5f, 0xbd, 0xd8, 0x33, 0x4a, 0xbe, 
    0xea, 0xd7, 0x94, 0x3e, 0x21, 0xfe, 0x06, 0xbf, 0x89, 0xa0, 0xd7, 0xbd, 
    0x27, 0x6f, 0x3c, 0x3f, 0x80, 0x5b, 0x39, 0x3f, 0xd0, 0x09, 0x36, 0x3e, 
    0x1a, 0xb4, 0x42, 0xbf, 0xc7, 0x0c, 0xe7, 0xbd, 0x1d, 0xdb, 0x03, 0xbf, 
    0x70, 0xa6, 0x71, 0x3e, 0x9c, 0x83, 0x3e, 0xbd, 0x4a, 0x8e, 0x35, 0xbf, 
    0xb2, 0xe8, 0x21, 0xbf, 0xa5, 0xe8, 0xd8, 0x3e, 0xc4, 0xbc, 0x82, 0x3d, 
    0xb9, 0x3c, 0x0f, 0xbe, 0xf0, 0x11, 0xf7, 0x3e, 0xf9, 0xa7, 0xf2, 0x3b, 
    0xeb, 0xe2, 0x22, 0xbf, 0x98, 0xbe, 0x26, 0xbf, 0x3a, 0xf1, 0x33, 0x3f, 
    0xe4, 0x23, 0x1a, 0xbf, 0x80, 0x7e, 0xe3, 0xbe, 0x59, 0x30, 0x8c, 0x3e, 
    0xda, 0xa0, 0xea, 0x3e, 0x8f, 0xd7, 0x32, 0x3e, 0x2b, 0x63, 0xed, 0xbd, 
    0x1d, 0x12, 0x1c, 0xbf, 0xd0, 0x3b, 0x91, 0xbe, 0xf8, 0x61, 0x08, 0xbf, 
    0x31, 0x83, 0x09, 0xbf, 0x70, 0x8f, 0x08, 0x3f, 0x8e, 0xe7, 0xc7, 0x3e, 
    0xec, 0x99, 0xa6, 0xbe, 0xe1, 0xd3, 0x27, 0xbd, 0x0b, 0xfe, 0x34, 0xbe, 
    0xd8, 0x67, 0x2a, 0xbf, 0xa8, 0x58, 0x0e, 0xbf, 0x0a, 0x98, 0xe6, 0x3e, 
    0x2e, 0x1f, 0x17, 0x3f, 0x8d, 0x57, 0x02, 0x3f, 0x8e, 0xb9, 0x13, 0xbf, 
    0x5d, 0xc2, 0x57, 0x3e, 0x64, 0x5d, 0x26, 0x3f, 0xe2, 0xdb, 0x56, 0xbe, 
    0xcb, 0x88, 0x85, 0x3e, 0x9c, 0xaf, 0xd8, 0x3d, 0xd2, 0x13, 0x9f, 0x3c, 
    0x84, 0x94, 0x91, 0x3e, 0x8d, 0x7c, 0x22, 0xbf, 0x1c, 0xcb, 0xa2, 0x3e, 
    0x52, 0xd2, 0x77, 0x3d, 0x0b, 0x9b, 0x2a, 0xbf, 0x2d, 0xbc, 0xbf, 0x3d, 
    0xb1, 0x8e, 0x3c, 0x3d, 0x4e, 0xa2, 0xe8, 0xbe, 0xe2, 0x28, 0xaa, 0xbe, 
    0xf2, 0xf8, 0x1b, 0xbf, 0x7b, 0xfe, 0x0d, 0x3f, 0xb5, 0x52, 0x08, 0x3f, 
    0x0f, 0x1f, 0xd2, 0xbe, 0xd0, 0x92, 0x1c, 0x3f, 0x41, 0x4b, 0x33, 0x3e, 
    0x03, 0xd5, 0x27, 0xbd, 0x99, 0x72, 0x5c, 0x3e, 0x4e, 0x32, 0x12, 0x3f, 
    0x69, 0xdf, 0x32, 0x3e, 0xe9, 0x03, 0x02, 0x3f, 0x24, 0x5e, 0x60, 0x3e, 
    0xf8, 0x70, 0xfe, 0x3e, 0x11, 0xf0, 0x1f, 0x3f, 0x87, 0xa8, 0x69, 0x3e, 
    0x74, 0xda, 0x1d, 0x3f, 0xf0, 0x34, 0xdc, 0x3e, 0xce, 0x39, 0xea, 0xbe, 
    0x04, 0x80, 0x16, 0xbf, 0xa0, 0xd0, 0x9a, 0x3e, 0x2d, 0xcb, 0x1f, 0xbe, 
    0xe9, 0x0d, 0xda, 0x3e, 0x28, 0x68, 0xef, 0xbe, 0xed, 0x51, 0xfe, 0x3e, 
    0x40, 0x7c, 0x23, 0xbe, 0xdf, 0xa0, 0x9b, 0x3d, 0x07, 0xf6, 0x35, 0xbf, 
    0xdc, 0xe0, 0x16, 0xbd, 0x90, 0x20, 0x6a, 0x3e, 0x26, 0x66, 0xa6, 0xbc, 
    0x9a, 0x7d, 0x10, 0x3d, 0x16, 0xb9, 0xe7, 0xbe, 0x6f, 0x0e, 0xf6, 0xbe, 
    0xd9, 0xc3, 0x38, 0x3e, 0x1f, 0x83, 0x88, 0x3e, 0xe0, 0xd5, 0xa1, 0xbc, 
    0xba, 0x0a, 0x17, 0x3f, 0xcf, 0x4f, 0x90, 0x3e, 0x9c, 0x34, 0xba, 0xbe, 
    0x66, 0x43, 0x0b, 0x3f, 0xd9, 0x00, 0x0c, 0x3e, 0x0b, 0x27, 0xd3, 0x3e, 
    0x09, 0x13, 0x08, 0x3f, 0xa3, 0xae, 0xaf, 0xbe, 0x52, 0x4e, 0x2f, 0x3e, 
    0xfc, 0x57, 0x05, 0x3f, 0x5e, 0xa6, 0xa2, 0x3d, 0x0e, 0x08, 0x02, 0x3f, 
    0xb4, 0xcf, 0xa8, 0x3e, 0x74, 0x7d, 0x26, 0xbe, 0x32, 0x25, 0x5c, 0xbe, 
    0xcc, 0xf1, 0xcc, 0x3e, 0xe5, 0xce, 0x0b, 0xbf, 0x02, 0xfe, 0xff, 0xff, 
    0x04, 0x00, 0x00, 0x00, 0xc0, 0x00, 0x00, 0x00, 0x7d, 0x0b, 0x67, 0x3f, 
    0x7c, 0x49, 0x0d, 0xbf, 0x1e, 0xa7, 0x6b, 0x3f, 0x1a, 0x62, 0x65, 0x3f, 
    0xea, 0x63, 0x72, 0x3f, 0xa0, 0x39, 0x7f, 0xbf, 0x3a, 0xe6, 0x09, 0xbf, 
    0x62, 0x82, 0xbf, 0x3d, 0x76, 0x8b, 0x17, 0xbf, 0xab, 0x39, 0x56, 0xbf, 
    0xb5, 0x85, 0x51, 0x3f, 0xae, 0xb0, 0xe3, 0xbe, 0x45, 0x47, 0xd1, 0x3e, 
    0xd6, 0xa2, 0xb3, 0xbd, 0x48, 0x64, 0x20, 0xbd, 0xb6, 0x05, 0x04, 0xbf, 
    0x41, 0xb3, 0x3e, 0xbf, 0xff, 0x56, 0x63, 0x3f, 0x53, 0x1b, 0x1d, 0xbf, 
    0x6b, 0x4b, 0x9e, 0xbe, 0x10, 0xca, 0x6d, 0xbf, 0x86, 0x29, 0x46, 0x3f, 
    0xa0, 0x24, 0xe5, 0xbe, 0x2f, 0x76, 0x5d, 0xbf, 0x99, 0x0e, 0x42, 0xbf, 
    0xcf, 0x31, 0x43, 0x3e, 0x03, 0x5b, 0x23, 0xbf, 0xfd, 0x0c, 0x32, 0xbf, 
    0x28, 0xda, 0x33, 0xbf, 0x55, 0x61, 0x60, 0x3f, 0x97, 0xba, 0x0f, 0xbe, 
    0x5e, 0x9d, 0x8d, 0x3d, 0xb1, 0xec, 0x0f, 0xbe, 0x07, 0x9f, 0x1a, 0xbf, 
    0x2d, 0xff, 0xea, 0xbe, 0xef, 0x11, 0x64, 0xbf, 0x80, 0x51, 0x8e, 0xbf, 
    0xd7, 0xb0, 0xae, 0xbe, 0x85, 0xc8, 0x38, 0x3f, 0xd8, 0x94, 0x48, 0x3f, 
    0x3e, 0x9a, 0x16, 0x3f, 0x9b, 0x62, 0x43, 0xbf, 0xa7, 0x38, 0x88, 0xbe, 
    0xff, 0x8e, 0x43, 0x3f, 0x8a, 0xe7, 0x50, 0x3e, 0xec, 0x39, 0x47, 0xbf, 
    0xbb, 0xde, 0x47, 0x3f, 0xcd, 0xfc, 0x1b, 0x3f, 0xce, 0xfe, 0xff, 0xff, 
    0x04, 0x00, 0x00, 0x00, 0x0c, 0x00, 0x00, 0x00, 0x56, 0x84, 0x87, 0x3c, 
    0xac, 0xf0, 0x8b, 0x3d, 0x4d, 0x4f, 0xc9, 0xbd, 0xe6, 0xfe, 0xff, 0xff, 
    0x04, 0x00, 0x00, 0x00, 0x40, 0x00, 0x00, 0x00, 0x3a, 0xef, 0x83, 0x3d, 
    0xd3, 0x84, 0x01, 0x3e, 0x99, 0x12, 0xa9, 0x3d, 0xf3, 0x51, 0x02, 0x3e, 
    0x43, 0x63, 0x97, 0x3c, 0x62, 0x73, 0xfe, 0x3d, 0x63, 0x33, 0x00, 0x3e, 
    0xb7, 0x9a, 0x84, 0x3d, 0xfe, 0xb8, 0x96, 0x3d, 0x96, 0xa0, 0x61, 0x3e, 
    0xa5, 0xdb, 0x07, 0x3e, 0x74, 0x19, 0x57, 0x3d, 0xd0, 0x3e, 0x15, 0x3e, 
    0xa7, 0x77, 0x26, 0x3e, 0xf9, 0xe1, 0x09, 0x3e, 0xdc, 0xba, 0x24, 0x3e, 
    0x32, 0xff, 0xff, 0xff, 0x04, 0x00, 0x00, 0x00, 0x04, 0x00, 0x00, 0x00, 
    0xe8, 0x03, 0x00, 0x00, 0x42, 0xff, 0xff, 0xff, 0x04, 0x00, 0x00, 0x00, 
    0x04, 0x00, 0x00, 0x00, 0x01, 0x00, 0x00, 0x00, 0x52, 0xff, 0xff, 0xff, 
    0x04, 0x00, 0x00, 0x00, 0x04, 0x00, 0x00, 0x00, 0x00, 0x00, 0x00, 0x00, 
    0xc0, 0xf4, 0xff, 0xff, 0xc4, 0xf4, 0xff, 0xff, 0x0f, 0x00, 0x00, 0x00, 
    0x4d, 0x4c, 0x49, 0x52, 0x20, 0x43, 0x6f, 0x6e, 0x76, 0x65, 0x72, 0x74, 
    0x65, 0x64, 0x2e, 0x00, 0x01, 0x00, 0x00, 0x00, 0x14, 0x00, 0x00, 0x00, 
    0x00, 0x00, 0x0e, 0x00, 0x18, 0x00, 0x14, 0x00, 0x10, 0x00, 0x0c, 0x00, 
    0x08, 0x00, 0x04, 0x00, 0x0e, 0x00, 0x00, 0x00, 0x14, 0x00, 0x00, 0x00, 
    0x1c, 0x00, 0x00, 0x00, 0x4c, 0x02, 0x00, 0x00, 0x50, 0x02, 0x00, 0x00, 
    0x54, 0x02, 0x00, 0x00, 0x04, 0x00, 0x00, 0x00, 0x6d, 0x61, 0x69, 0x6e, 
    0x00, 0x00, 0x00, 0x00, 0x0a, 0x00, 0x00, 0x00, 0x14, 0x02, 0x00, 0x00, 
    0xe0, 0x01, 0x00, 0x00, 0xa0, 0x01, 0x00, 0x00, 0x58, 0x01, 0x00, 0x00, 
    0x24, 0x01, 0x00, 0x00, 0x00, 0x01, 0x00, 0x00, 0xcc, 0x00, 0x00, 0x00, 
    0x88, 0x00, 0x00, 0x00, 0x40, 0x00, 0x00, 0x00, 0x04, 0x00, 0x00, 0x00, 
    0x92, 0xff, 0xff, 0xff, 0x1c, 0x00, 0x00, 0x00, 0x00, 0x00, 0x00, 0x09, 
    0x1c, 0x00, 0x00, 0x00, 0x20, 0x00, 0x00, 0x00, 0x08, 0x00, 0x00, 0x00, 
    0x00, 0x00, 0x06, 0x00, 0x08, 0x00, 0x04, 0x00, 0x06, 0x00, 0x00, 0x00, 
    0x00, 0x00, 0x80, 0x3f, 0x01, 0x00, 0x00, 0x00, 0x12, 0x00, 0x00, 0x00, 
    0x01, 0x00, 0x00, 0x00, 0x11, 0x00, 0x00, 0x00, 0xc6, 0xfe, 0xff, 0xff, 
    0x14, 0x00, 0x00, 0x00, 0x00, 0x00, 0x00, 0x08, 0x10, 0x00, 0x00, 0x00, 
    0x14, 0x00, 0x00, 0x00, 0x07, 0x00, 0x00, 0x00, 0x94, 0xf5, 0xff, 0xff, 
    0x01, 0x00, 0x00, 0x00, 0x11, 0x00, 0x00, 0x00, 0x03, 0x00, 0x00, 0x00, 
    0x10, 0x00, 0x00, 0x00, 0x06, 0x00, 0x00, 0x00, 0x05, 0x00, 0x00, 0x00, 
    0x00, 0x00, 0x0e, 0x00, 0x1a, 0x00, 0x14, 0x00, 0x10, 0x00, 0x0c, 0x00, 
    0x0b, 0x00, 0x04, 0x00, 0x0e, 0x00, 0x00, 0x00, 0x1c, 0x00, 0x00, 0x00, 
    0x00, 0x00, 0x00, 0x08, 0x1c, 0x00, 0x00, 0x00, 0x20, 0x00, 0x00, 0x00, 
    0x07, 0x00, 0x00, 0x00, 0x00, 0x00, 0x06, 0x00, 0x08, 0x00, 0x07, 0x00, 
    0x06, 0x00, 0x00, 0x00, 0x00, 0x00, 0x00, 0x01, 0x01, 0x00, 0x00, 0x00, 
    0x10, 0x00, 0x00, 0x00, 0x03, 0x00, 0x00, 0x00, 0x0f, 0x00, 0x00, 0x00, 
    0x07, 0x00, 0x00, 0x00, 0x04, 0x00, 0x00, 0x00, 0x4a, 0xff, 0xff, 0xff, 
    0x14, 0x00, 0x00, 0x00, 0x00, 0x00, 0x00, 0x1b, 0x10, 0x00, 0x00, 0x00, 
    0x14, 0x00, 0x00, 0x00, 0x06, 0x00, 0x00, 0x00, 0x18, 0xf6, 0xff, 0xff, 
    0x01, 0x00, 0x00, 0x00, 0x0f, 0x00, 0x00, 0x00, 0x02, 0x00, 0x00, 0x00, 
    0x0e, 0x00, 0x00, 0x00, 0x02, 0x00, 0x00, 0x00, 0x3a, 0xff, 0xff, 0xff, 
    0x0c, 0x00, 0x00, 0x00, 0x10, 0x00, 0x00, 0x00, 0x05, 0x00, 0x00, 0x00, 
    0x01, 0x00, 0x00, 0x00, 0x0e, 0x00, 0x00, 0x00, 0x01, 0x00, 0x00, 0x00, 
    0x0d, 0x00, 0x00, 0x00, 0x9a, 0xff, 0xff, 0xff, 0x14, 0x00, 0x00, 0x00, 
    0x00, 0x00, 0x00, 0x17, 0x10, 0x00, 0x00, 0x00, 0x14, 0x00, 0x00, 0x00, 
    0x04, 0x00, 0x00, 0x00, 0x68, 0xf6, 0xff, 0xff, 0x01, 0x00, 0x00, 0x00, 
    0x0d, 0x00, 0x00, 0x00, 0x02, 0x00, 0x00, 0x00, 0x08, 0x00, 0x00, 0x00, 
    0x0c, 0x00, 0x00, 0x00, 0xca, 0xff, 0xff, 0xff, 0x14, 0x00, 0x00, 0x00, 
    0x00, 0x00, 0x00, 0x62, 0x10, 0x00, 0x00, 0x00, 0x14, 0x00, 0x00, 0x00, 
    0x03, 0x00, 0x00, 0x00, 0x98, 0xf6, 0xff, 0xff, 0x01, 0x00, 0x00, 0x00, 
    0x0c, 0x00, 0x00, 0x00, 0x03, 0x00, 0x00, 0x00, 0x0a, 0x00, 0x00, 0x00, 
    0x0b, 0x00, 0x00, 0x00, 0x09, 0x00, 0x00, 0x00, 0x00, 0x00, 0x0e, 0x00, 
    0x18, 0x00, 0x14, 0x00, 0x10, 0x00, 0x0c, 0x00, 0x0b, 0x00, 0x04, 0x00, 
    0x0e, 0x00, 0x00, 0x00, 0x14, 0x00, 0x00, 0x00, 0x00, 0x00, 0x00, 0x0b, 
    0x10, 0x00, 0x00, 0x00, 0x14, 0x00, 0x00, 0x00, 0x02, 0x00, 0x00, 0x00, 
    0xdc, 0xf6, 0xff, 0xff, 0x01, 0x00, 0x00, 0x00, 0x0b, 0x00, 0x00, 0x00, 
    0x02, 0x00, 0x00, 0x00, 0x09, 0x00, 0x00, 0x00, 0x03, 0x00, 0x00, 0x00, 
    0x00, 0x00, 0x0a, 0x00, 0x10, 0x00, 0x0c, 0x00, 0x08, 0x00, 0x04, 0x00, 
    0x0a, 0x00, 0x00, 0x00, 0x0c, 0x00, 0x00, 0x00, 0x10, 0x00, 0x00, 0x00, 
    0x01, 0x00, 0x00, 0x00, 0x01, 0x00, 0x00, 0x00, 0x0a, 0x00, 0x00, 0x00, 
    0x02, 0x00, 0x00, 0x00, 0x09, 0x00, 0x00, 0x00, 0x01, 0x00, 0x00, 0x00, 
    0x00, 0x00, 0x0a, 0x00, 0x0c, 0x00, 0x00, 0x00, 0x08, 0x00, 0x04, 0x00, 
    0x0a, 0x00, 0x00, 0x00, 0x08, 0x00, 0x00, 0x00, 0x0c, 0x00, 0x00, 0x00, 
    0x01, 0x00, 0x00, 0x00, 0x09, 0x00, 0x00, 0x00, 0x01, 0x00, 0x00, 0x00, 
    0x00, 0x00, 0x00, 0x00, 0x01, 0x00, 0x00, 0x00, 0x12, 0x00, 0x00, 0x00, 
    0x01, 0x00, 0x00, 0x00, 0x00, 0x00, 0x00, 0x00, 0x13, 0x00, 0x00, 0x00, 
    0xc0, 0x07, 0x00, 0x00, 0x6c, 0x07, 0x00, 0x00, 0xe8, 0x06, 0x00, 0x00, 
    0x94, 0x06, 0x00, 0x00, 0x30, 0x06, 0x00, 0x00, 0xcc, 0x05, 0x00, 0x00, 
    0x7c, 0x05, 0x00, 0x00, 0x30, 0x05, 0x00, 0x00, 0x9c, 0x04, 0x00, 0x00, 
    0x38, 0x04, 0x00, 0x00, 0xbc, 0x03, 0x00, 0x00, 0x58, 0x03, 0x00, 0x00, 
    0xf0, 0x02, 0x00, 0x00, 0x60, 0x02, 0x00, 0x00, 0xe4, 0x01, 0x00, 0x00, 
    0x74, 0x01, 0x00, 0x00, 0xe0, 0x00, 0x00, 0x00, 0x60, 0x00, 0x00, 0x00, 
    0x04, 0x00, 0x00, 0x00, 0xa2, 0xf8, 0xff, 0xff, 0x00, 0x00, 0x00, 0x01, 
    0x14, 0x00, 0x00, 0x00, 0x1c, 0x00, 0x00, 0x00, 0x1c, 0x00, 0x00, 0x00, 
    0x13, 0x00, 0x00, 0x00, 0x34, 0x00, 0x00, 0x00, 0x02, 0x00, 0x00, 0x00, 
    0xff, 0xff, 0xff, 0xff, 0x03, 0x00, 0x00, 0x00, 0xd4, 0xf7, 0xff, 0xff, 
    0x1b, 0x00, 0x00, 0x00, 0x53, 0x74, 0x61, 0x74, 0x65, 0x66, 0x75, 0x6c, 
    0x50, 0x61, 0x72, 0x74, 0x69, 0x74, 0x69, 0x6f, 0x6e, 0x65, 0x64, 0x43, 
    0x61, 0x6c, 0x6c, 0x5f, 0x31, 0x3a, 0x30, 0x00, 0x02, 0x00, 0x00, 0x00, 
    0x01, 0x00, 0x00, 0x00, 0x03, 0x00, 0x00, 0x00, 0xfa, 0xf8, 0xff, 0xff, 
    0x00, 0x00, 0x00, 0x01, 0x14, 0x00, 0x00, 0x00, 0x1c, 0x00, 0x00, 0x00, 
    0x1c, 0x00, 0x00, 0x00, 0x12, 0x00, 0x00, 0x00, 0x58, 0x00, 0x00, 0x00, 
    0x02, 0x00, 0x00, 0x00, 0xff, 0xff, 0xff, 0xff, 0x03, 0x00, 0x00, 0x00, 
    0x2c, 0xf8, 0xff, 0xff, 0x3c, 0x00, 0x00, 0x00, 0x73, 0x65, 0x71, 0x75, 
    0x65, 0x6e, 0x74, 0x69, 0x61, 0x6c, 0x5f, 0x31, 0x2f, 0x64, 0x65, 0x6e, 
    0x73, 0x65, 0x5f, 0x31, 0x5f, 0x32, 0x2f, 0x4d, 0x61, 0x74, 0x4d, 0x75, 
    0x6c, 0x3b, 0x73, 0x65, 0x71, 0x75, 0x65, 0x6e, 0x74, 0x69, 0x61, 0x6c, 
    0x5f, 0x31, 0x2f, 0x64, 0x65, 0x6e, 0x73, 0x65, 0x5f, 0x31, 0x5f, 0x32, 
    0x2f, 0x42, 0x69, 0x61, 0x73, 0x41, 0x64, 0x64, 0x00, 0x00, 0x00, 0x00, 
    0x02, 0x00, 0x00, 0x00, 0x01, 0x00, 0x00, 0x00, 0x03, 0x00, 0x00, 0x00, 
    0x76, 0xf9, 0xff, 0xff, 0x00, 0x00, 0x00, 0x01, 0x14, 0x00, 0x00, 0x00, 
    0x1c, 0x00, 0x00, 0x00, 0x1c, 0x00, 0x00, 0x00, 0x11, 0x00, 0x00, 0x00, 
    0x6c, 0x00, 0x00, 0x00, 0x02, 0x00, 0x00, 0x00, 0xff, 0xff, 0xff, 0xff, 
    0x10, 0x00, 0x00, 0x00, 0xa8, 0xf8, 0xff, 0xff, 0x52, 0x00, 0x00, 0x00, 
    0x73, 0x65, 0x71, 0x75, 0x65, 0x6e, 0x74, 0x69, 0x61, 0x6c, 0x5f, 0x31, 
    0x2f, 0x64, 0x65, 0x6e, 0x73, 0x65, 0x5f, 0x31, 0x2f, 0x4d, 0x61, 0x74, 
    0x4d, 0x75, 0x6c, 0x3b, 0x73, 0x65, 0x71, 0x75, 0x65, 0x6e, 0x74, 0x69, 
    0x61, 0x6c, 0x5f, 0x31, 0x2f, 0x64, 0x65, 0x6e, 0x73, 0x65, 0x5f, 0x31, 
    0x2f, 0x52, 0x65, 0x6c, 0x75, 0x3b, 0x73, 0x65, 0x71, 0x75, 0x65, 0x6e, 
    0x74, 0x69, 0x61, 0x6c, 0x5f, 0x31, 0x2f, 0x64, 0x65, 0x6e, 0x73, 0x65, 
    0x5f, 0x31, 0x2f, 0x42, 0x69, 0x61, 0x73, 0x41, 0x64, 0x64, 0x00, 0x00, 
    0x02, 0x00, 0x00, 0x00, 0x01, 0x00, 0x00, 0x00, 0x10, 0x00, 0x00, 0x00, 
    0x06, 0xfa, 0xff, 0xff, 0x00, 0x00, 0x00, 0x01, 0x14, 0x00, 0x00, 0x00, 
    0x1c, 0x00, 0x00, 0x00, 0x1c, 0x00, 0x00, 0x00, 0x10, 0x00, 0x00, 0x00, 
    0x48, 0x00, 0x00, 0x00, 0x02, 0x00, 0x00, 0x00, 0xff, 0xff, 0xff, 0xff, 
    0x20, 0x00, 0x00, 0x00, 0x38, 0xf9, 0xff, 0xff, 0x2c, 0x00, 0x00, 0x00, 
    0x73, 0x65, 0x71, 0x75, 0x65, 0x6e, 0x74, 0x69, 0x61, 0x6c, 0x5f, 0x31, 
    0x2f, 0x67, 0x6c, 0x6f, 0x62, 0x61, 0x6c, 0x5f, 0x61, 0x76, 0x65, 0x72, 
    0x61, 0x67, 0x65, 0x5f, 0x70, 0x6f, 0x6f, 0x6c, 0x69, 0x6e, 0x67, 0x31, 
    0x64, 0x5f, 0x31, 0x2f, 0x4d, 0x65, 0x61, 0x6e, 0x00, 0x00, 0x00, 0x00, 
    0x02, 0x00, 0x00, 0x00, 0x01, 0x00, 0x00, 0x00, 0x20, 0x00, 0x00, 0x00, 
    0x72, 0xfa, 0xff, 0xff, 0x00, 0x00, 0x00, 0x01, 0x14, 0x00, 0x00, 0x00, 
    0x20, 0x00, 0x00, 0x00, 0x20, 0x00, 0x00, 0x00, 0x0f, 0x00, 0x00, 0x00, 
    0x50, 0x00, 0x00, 0x00, 0x03, 0x00, 0x00, 0x00, 0xff, 0xff, 0xff, 0xff, 
    0x06, 0x00, 0x00, 0x00, 0x20, 0x00, 0x00, 0x00, 0xa8, 0xf9, 0xff, 0xff, 
    0x31, 0x00, 0x00, 0x00, 0x73, 0x65, 0x71, 0x75, 0x65, 0x6e, 0x74, 0x69, 
    0x61, 0x6c, 0x5f, 0x31, 0x2f, 0x65, 0x6d, 0x62, 0x65, 0x64, 0x64, 0x69, 
    0x6e, 0x67, 0x5f, 0x31, 0x2f, 0x47, 0x61, 0x74, 0x68, 0x65, 0x72, 0x56, 
    0x32, 0x2f, 0x52, 0x65, 0x61, 0x64, 0x56, 0x61, 0x72, 0x69, 0x61, 0x62, 
    0x6c, 0x65, 0x4f, 0x70, 0x31, 0x00, 0x00, 0x00, 0x03, 0x00, 0x00, 0x00, 
    0x01, 0x00, 0x00, 0x00, 0x06, 0x00, 0x00, 0x00, 0x20, 0x00, 0x00, 0x00, 
    0x4e, 0xfe, 0xff, 0xff, 0x00, 0x00, 0x00, 0x01, 0x18, 0x00, 0x00, 0x00, 
    0x24, 0x00, 0x00, 0x00, 0x44, 0x00, 0x00, 0x00, 0x0e, 0x00, 0x00, 0x00, 
    0x00, 0x00, 0x00, 0x09, 0x60, 0x00, 0x00, 0x00, 0x03, 0x00, 0x00, 0x00, 
    0xff, 0xff, 0xff, 0xff, 0x06, 0x00, 0x00, 0x00, 0x20, 0x00, 0x00, 0x00, 
    0xec, 0xfd, 0xff, 0xff, 0x08, 0x00, 0x00, 0x00, 0x14, 0x00, 0x00, 0x00, 
    0x01, 0x00, 0x00, 0x00, 0x00, 0x00, 0x00, 0x00, 0x00, 0x00, 0x00, 0x00, 
    0x00, 0x00, 0x00, 0x00, 0x01, 0x00, 0x00, 0x00, 0x3d, 0xc0, 0xcb, 0x3b, 
    0x22, 0x00, 0x00, 0x00, 0x73, 0x65, 0x71, 0x75, 0x65, 0x6e, 0x74, 0x69, 
    0x61, 0x6c, 0x5f, 0x31, 0x2f, 0x65, 0x6d, 0x62, 0x65, 0x64, 0x64, 0x69, 
    0x6e, 0x67, 0x5f, 0x31, 0x2f, 0x47, 0x61, 0x74, 0x68, 0x65, 0x72, 0x56, 
    0x32, 0x3b, 0x00, 0x00, 0x03, 0x00, 0x00, 0x00, 0x01, 0x00, 0x00, 0x00, 
    0x06, 0x00, 0x00, 0x00, 0x20, 0x00, 0x00, 0x00, 0xda, 0xfe, 0xff, 0xff, 
    0x00, 0x00, 0x00, 0x01, 0x18, 0x00, 0x00, 0x00, 0x20, 0x00, 0x00, 0x00, 
    0x20, 0x00, 0x00, 0x00, 0x0d, 0x00, 0x00, 0x00, 0x00, 0x00, 0x00, 0x02, 
    0x3c, 0x00, 0x00, 0x00, 0x02, 0x00, 0x00, 0x00, 0xff, 0xff, 0xff, 0xff, 
    0x06, 0x00, 0x00, 0x00, 0xac, 0xfa, 0xff, 0xff, 0x21, 0x00, 0x00, 0x00, 
    0x73, 0x65, 0x71, 0x75, 0x65, 0x6e, 0x74, 0x69, 0x61, 0x6c, 0x5f, 0x31, 
    0x2f, 0x65, 0x6d, 0x62, 0x65, 0x64, 0x64, 0x69, 0x6e, 0x67, 0x5f, 0x31, 
    0x2f, 0x53, 0x65, 0x6c, 0x65, 0x63, 0x74, 0x56, 0x32, 0x00, 0x00, 0x00, 
    0x02, 0x00, 0x00, 0x00, 0x01, 0x00, 0x00, 0x00, 0x06, 0x00, 0x00, 0x00, 
    0x3e, 0xff, 0xff, 0xff, 0x00, 0x00, 0x00, 0x01, 0x18, 0x00, 0x00, 0x00, 
    0x20, 0x00, 0x00, 0x00, 0x20, 0x00, 0x00, 0x00, 0x0c, 0x00, 0x00, 0x00, 
    0x00, 0x00, 0x00, 0x02, 0x38, 0x00, 0x00, 0x00, 0x02, 0x00, 0x00, 0x00, 
    0xff, 0xff, 0xff, 0xff, 0x06, 0x00, 0x00, 0x00, 0x10, 0xfb, 0xff, 0xff, 
    0x1c, 0x00, 0x00, 0x00, 0x73, 0x65, 0x71, 0x75, 0x65, 0x6e, 0x74, 0x69, 
    0x61, 0x6c, 0x5f, 0x31, 0x2f, 0x65, 0x6d, 0x62, 0x65, 0x64, 0x64, 0x69, 
    0x6e, 0x67, 0x5f, 0x31, 0x2f, 0x61, 0x64, 0x64, 0x00, 0x00, 0x00, 0x00, 
    0x02, 0x00, 0x00, 0x00, 0x01, 0x00, 0x00, 0x00, 0x06, 0x00, 0x00, 0x00, 
    0x9e, 0xff, 0xff, 0xff, 0x00, 0x00, 0x00, 0x01, 0x18, 0x00, 0x00, 0x00, 
    0x20, 0x00, 0x00, 0x00, 0x20, 0x00, 0x00, 0x00, 0x0b, 0x00, 0x00, 0x00, 
    0x00, 0x00, 0x00, 0x06, 0x38, 0x00, 0x00, 0x00, 0x02, 0x00, 0x00, 0x00, 
    0xff, 0xff, 0xff, 0xff, 0x06, 0x00, 0x00, 0x00, 0x70, 0xfb, 0xff, 0xff, 
    0x1d, 0x00, 0x00, 0x00, 0x73, 0x65, 0x71, 0x75, 0x65, 0x6e, 0x74, 0x69, 
    0x61, 0x6c, 0x5f, 0x31, 0x2f, 0x65, 0x6d, 0x62, 0x65, 0x64, 0x64, 0x69, 
    0x6e, 0x67, 0x5f, 0x31, 0x2f, 0x4c, 0x65, 0x73, 0x73, 0x00, 0x00, 0x00, 
    0x02, 0x00, 0x00, 0x00, 0x01, 0x00, 0x00, 0x00, 0x06, 0x00, 0x00, 0x00, 
    0x00, 0x00, 0x16, 0x00, 0x20, 0x00, 0x1c, 0x00, 0x1b, 0x00, 0x14, 0x00, 
    0x10, 0x00, 0x0c, 0x00, 0x00, 0x00, 0x00, 0x00, 0x08, 0x00, 0x07, 0x00, 
    0x16, 0x00, 0x00, 0x00, 0x00, 0x00, 0x00, 0x01, 0x18, 0x00, 0x00, 0x00, 
    0x20, 0x00, 0x00, 0x00, 0x20, 0x00, 0x00, 0x00, 0x0a, 0x00, 0x00, 0x00, 
    0x00, 0x00, 0x00, 0x02, 0x38, 0x00, 0x00, 0x00, 0x02, 0x00, 0x00, 0x00, 
    0xff, 0xff, 0xff, 0xff, 0x06, 0x00, 0x00, 0x00, 0xe8, 0xfb, 0xff, 0xff, 
    0x1d, 0x00, 0x00, 0x00, 0x73, 0x65, 0x71, 0x75, 0x65, 0x6e, 0x74, 0x69, 
    0x61, 0x6c, 0x5f, 0x31, 0x2f, 0x65, 0x6d, 0x62, 0x65, 0x64, 0x64, 0x69, 
    0x6e, 0x67, 0x5f, 0x31, 0x2f, 0x43, 0x61, 0x73, 0x74, 0x00, 0x00, 0x00, 
    0x02, 0x00, 0x00, 0x00, 0x01, 0x00, 0x00, 0x00, 0x06, 0x00, 0x00, 0x00, 
    0x62, 0xfd, 0xff, 0xff, 0x00, 0x00, 0x00, 0x01, 0x20, 0x00, 0x00, 0x00, 
    0x40, 0x00, 0x00, 0x00, 0x09, 0x00, 0x00, 0x00, 0x00, 0x00, 0x00, 0x09, 
    0x6c, 0x00, 0x00, 0x00, 0x0c, 0x00, 0x0c, 0x00, 0x00, 0x00, 0x00, 0x00, 
    0x08, 0x00, 0x04, 0x00, 0x0c, 0x00, 0x00, 0x00, 0x08, 0x00, 0x00, 0x00, 
    0x14, 0x00, 0x00, 0x00, 0x01, 0x00, 0x00, 0x00, 0x00, 0x00, 0x00, 0x00, 
    0x00, 0x00, 0x00, 0x00, 0x00, 0x00, 0x00, 0x00, 0x01, 0x00, 0x00, 0x00, 
    0x3d, 0xc0, 0xcb, 0x3b, 0x30, 0x00, 0x00, 0x00, 0x73, 0x65, 0x71, 0x75, 
    0x65, 0x6e, 0x74, 0x69, 0x61, 0x6c, 0x5f, 0x31, 0x2f, 0x65, 0x6d, 0x62, 
    0x65, 0x64, 0x64, 0x69, 0x6e, 0x67, 0x5f, 0x31, 0x2f, 0x47, 0x61, 0x74, 
    0x68, 0x65, 0x72, 0x56, 0x32, 0x2f, 0x52, 0x65, 0x61, 0x64, 0x56, 0x61, 
    0x72, 0x69, 0x61, 0x62, 0x6c, 0x65, 0x4f, 0x70, 0x00, 0x00, 0x00, 0x00, 
    0x02, 0x00, 0x00, 0x00, 0xe8, 0x03, 0x00, 0x00, 0x20, 0x00, 0x00, 0x00, 
    0x22, 0xff, 0xff, 0xff, 0x00, 0x00, 0x00, 0x01, 0x10, 0x00, 0x00, 0x00, 
    0x10, 0x00, 0x00, 0x00, 0x08, 0x00, 0x00, 0x00, 0x28, 0x00, 0x00, 0x00, 
    0xc4, 0xfc, 0xff, 0xff, 0x1b, 0x00, 0x00, 0x00, 0x73, 0x65, 0x71, 0x75, 
    0x65, 0x6e, 0x74, 0x69, 0x61, 0x6c, 0x5f, 0x31, 0x2f, 0x64, 0x65, 0x6e, 
    0x73, 0x65, 0x5f, 0x31, 0x2f, 0x4d, 0x61, 0x74, 0x4d, 0x75, 0x6c, 0x00, 
    0x02, 0x00, 0x00, 0x00, 0x10, 0x00, 0x00, 0x00, 0x20, 0x00, 0x00, 0x00, 
    0x6a, 0xff, 0xff, 0xff, 0x00, 0x00, 0x00, 0x01, 0x10, 0x00, 0x00, 0x00, 
    0x10, 0x00, 0x00, 0x00, 0x07, 0x00, 0x00, 0x00, 0x2c, 0x00, 0x00, 0x00, 
    0x0c, 0xfd, 0xff, 0xff, 0x1d, 0x00, 0x00, 0x00, 0x73, 0x65, 0x71, 0x75, 
    0x65, 0x6e, 0x74, 0x69, 0x61, 0x6c, 0x5f, 0x31, 0x2f, 0x64, 0x65, 0x6e, 
    0x73, 0x65, 0x5f, 0x31, 0x5f, 0x32, 0x2f, 0x4d, 0x61, 0x74, 0x4d, 0x75, 
    0x6c, 0x00, 0x00, 0x00, 0x02, 0x00, 0x00, 0x00, 0x03, 0x00, 0x00, 0x00, 
    0x10, 0x00, 0x00, 0x00, 0xb6, 0xff, 0xff, 0xff, 0x00, 0x00, 0x00, 0x01, 
    0x10, 0x00, 0x00, 0x00, 0x10, 0x00, 0x00, 0x00, 0x06, 0x00, 0x00, 0x00, 
    0x2c, 0x00, 0x00, 0x00, 0x58, 0xfd, 0xff, 0xff, 0x1e, 0x00, 0x00, 0x00, 
    0x73, 0x65, 0x71, 0x75, 0x65, 0x6e, 0x74, 0x69, 0x61, 0x6c, 0x5f, 0x31, 
    0x2f, 0x64, 0x65, 0x6e, 0x73, 0x65, 0x5f, 0x31, 0x5f, 0x32, 0x2f, 0x42, 
    0x69, 0x61, 0x73, 0x41, 0x64, 0x64, 0x00, 0x00, 0x01, 0x00, 0x00, 0x00, 
    0x03, 0x00, 0x00, 0x00, 0x00, 0x00, 0x16, 0x00, 0x18, 0x00, 0x14, 0x00, 
    0x00, 0x00, 0x10, 0x00, 0x0c, 0x00, 0x08, 0x00, 0x00, 0x00, 0x00, 0x00, 
    0x00, 0x00, 0x07, 0x00, 0x16, 0x00, 0x00, 0x00, 0x00, 0x00, 0x00, 0x01, 
    0x10, 0x00, 0x00, 0x00, 0x10, 0x00, 0x00, 0x00, 0x05, 0x00, 0x00, 0x00, 
    0x44, 0x00, 0x00, 0x00, 0xb8, 0xfd, 0xff, 0xff, 0x36, 0x00, 0x00, 0x00, 
    0x73, 0x65, 0x71, 0x75, 0x65, 0x6e, 0x74, 0x69, 0x61, 0x6c, 0x5f, 0x31, 
    0x2f, 0x64, 0x65, 0x6e, 0x73, 0x65, 0x5f, 0x31, 0x2f, 0x52, 0x65, 0x6c, 
    0x75, 0x3b, 0x73, 0x65, 0x71, 0x75, 0x65, 0x6e, 0x74, 0x69, 0x61, 0x6c, 
    0x5f, 0x31, 0x2f, 0x64, 0x65, 0x6e, 0x73, 0x65, 0x5f, 0x31, 0x2f, 0x42, 
    0x69, 0x61, 0x73, 0x41, 0x64, 0x64, 0x00, 0x00, 0x01, 0x00, 0x00, 0x00, 
    0x10, 0x00, 0x00, 0x00, 0x46, 0xff, 0xff, 0xff, 0x00, 0x00, 0x00, 0x01, 
    0x14, 0x00, 0x00, 0x00, 0x14, 0x00, 0x00, 0x00, 0x04, 0x00, 0x00, 0x00, 
    0x00, 0x00, 0x00, 0x02, 0x34, 0x00, 0x00, 0x00, 0x1c, 0xfe, 0xff, 0xff, 
    0x26, 0x00, 0x00, 0x00, 0x73, 0x65, 0x71, 0x75, 0x65, 0x6e, 0x74, 0x69, 
    0x61, 0x6c, 0x5f, 0x31, 0x2f, 0x65, 0x6d, 0x62, 0x65, 0x64, 0x64, 0x69, 
    0x6e, 0x67, 0x5f, 0x31, 0x2f, 0x73, 0x74, 0x72, 0x69, 0x64, 0x65, 0x64, 
    0x5f, 0x73, 0x6c, 0x69, 0x63, 0x65, 0x00, 0x00, 0x00, 0x00, 0x00, 0x00, 
    0x96, 0xff, 0xff, 0xff, 0x00, 0x00, 0x00, 0x01, 0x14, 0x00, 0x00, 0x00, 
    0x14, 0x00, 0x00, 0x00, 0x03, 0x00, 0x00, 0x00, 0x00, 0x00, 0x00, 0x02, 
    0x4c, 0x00, 0x00, 0x00, 0x6c, 0xfe, 0xff, 0xff, 0x3e, 0x00, 0x00, 0x00, 
    0x73, 0x65, 0x71, 0x75, 0x65, 0x6e, 0x74, 0x69, 0x61, 0x6c, 0x5f, 0x31, 
    0x2f, 0x67, 0x6c, 0x6f, 0x62, 0x61, 0x6c, 0x5f, 0x61, 0x76, 0x65, 0x72, 
    0x61, 0x67, 0x65, 0x5f, 0x70, 0x6f, 0x6f, 0x6c, 0x69, 0x6e, 0x67, 0x31, 
    0x64, 0x5f, 0x31, 0x2f, 0x4d, 0x65, 0x61, 0x6e, 0x2f, 0x72, 0x65, 0x64, 
    0x75, 0x63, 0x74, 0x69, 0x6f, 0x6e, 0x5f, 0x69, 0x6e, 0x64, 0x69, 0x63, 
    0x65, 0x73, 0x00, 0x00, 0x00, 0x00, 0x00, 0x00, 0x00, 0x00, 0x16, 0x00, 
    0x1c, 0x00, 0x18, 0x00, 0x17, 0x00, 0x10, 0x00, 0x0c, 0x00, 0x08, 0x00, 
    0x00, 0x00, 0x00, 0x00, 0x00, 0x00, 0x07, 0x00, 0x16, 0x00, 0x00, 0x00, 
    0x00, 0x00, 0x00, 0x01, 0x14, 0x00, 0x00, 0x00, 0x14, 0x00, 0x00, 0x00, 
    0x02, 0x00, 0x00, 0x00, 0x00, 0x00, 0x00, 0x02, 0x1c, 0x00, 0x00, 0x00, 
    0xec, 0xfe, 0xff, 0xff, 0x0e, 0x00, 0x00, 0x00, 0x61, 0x72, 0x69, 0x74, 
    0x68, 0x2e, 0x63, 0x6f, 0x6e, 0x73, 0x74, 0x61, 0x6e, 0x74, 0x00, 0x00, 
    0x00, 0x00, 0x00, 0x00, 0x00, 0x00, 0x16, 0x00, 0x1c, 0x00, 0x18, 0x00, 
    0x00, 0x00, 0x14, 0x00, 0x10, 0x00, 0x0c, 0x00, 0x00, 0x00, 0x00, 0x00, 
    0x08, 0x00, 0x07, 0x00, 0x16, 0x00, 0x00, 0x00, 0x00, 0x00, 0x00, 0x01, 
    0x14, 0x00, 0x00, 0x00, 0x1c, 0x00, 0x00, 0x00, 0x1c, 0x00, 0x00, 0x00, 
    0x01, 0x00, 0x00, 0x00, 0x38, 0x00, 0x00, 0x00, 0x02, 0x00, 0x00, 0x00, 
    0xff, 0xff, 0xff, 0xff, 0x06, 0x00, 0x00, 0x00, 0x48, 0xff, 0xff, 0xff, 
    0x1d, 0x00, 0x00, 0x00, 0x73, 0x65, 0x72, 0x76, 0x69, 0x6e, 0x67, 0x5f, 
    0x64, 0x65, 0x66, 0x61, 0x75, 0x6c, 0x74, 0x5f, 0x69, 0x6e, 0x70, 0x75, 
    0x74, 0x5f, 0x6c, 0x61, 0x79, 0x65, 0x72, 0x3a, 0x30, 0x00, 0x00, 0x00, 
    0x02, 0x00, 0x00, 0x00, 0x01, 0x00, 0x00, 0x00, 0x06, 0x00, 0x00, 0x00, 
    0x09, 0x00, 0x00, 0x00, 0xa0, 0x00, 0x00, 0x00, 0x84, 0x00, 0x00, 0x00, 
    0x7c, 0x00, 0x00, 0x00, 0x68, 0x00, 0x00, 0x00, 0x54, 0x00, 0x00, 0x00, 
    0x34, 0x00, 0x00, 0x00, 0x24, 0x00, 0x00, 0x00, 0x14, 0x00, 0x00, 0x00, 
    0x04, 0x00, 0x00, 0x00, 0x90, 0xff, 0xff, 0xff, 0x19, 0x00, 0x00, 0x00, 
    0x00, 0x00, 0x00, 0x19, 0x9c, 0xff, 0xff, 0xff, 0x09, 0x00, 0x00, 0x00, 
    0x00, 0x00, 0x00, 0x09, 0xa8, 0xff, 0xff, 0xff, 0x28, 0x00, 0x00, 0x00, 
    0x00, 0x00, 0x00, 0x28, 0xf0, 0xff, 0xff, 0xff, 0x06, 0x00, 0x00, 0x00, 
    0x02, 0x00, 0x00, 0x00, 0x00, 0x00, 0x00, 0x06, 0x0c, 0x00, 0x10, 0x00, 
    0x0f, 0x00, 0x00, 0x00, 0x08, 0x00, 0x04, 0x00, 0x0c, 0x00, 0x00, 0x00, 
    0x24, 0x00, 0x00, 0x00, 0x02, 0x00, 0x00, 0x00, 0x00, 0x00, 0x00, 0x24, 
    0xe0, 0xff, 0xff, 0xff, 0x7b, 0x00, 0x00, 0x00, 0x00, 0x00, 0x00, 0x7b, 
    0x04, 0x00, 0x04, 0x00, 0x04, 0x00, 0x00, 0x00, 0xf4, 0xff, 0xff, 0xff, 
    0x3a, 0x00, 0x00, 0x00, 0x00, 0x00, 0x00, 0x3a, 0x0c, 0x00, 0x0c, 0x00, 
    0x0b, 0x00, 0x00, 0x00, 0x00, 0x00, 0x04, 0x00, 0x0c, 0x00, 0x00, 0x00, 
    0x35, 0x00, 0x00, 0x00, 0x00, 0x00, 0x00, 0x35, 
};

const unsigned int light_model_tflite_len = 37880;
